Time(ms),SensorA0,SensorA1,SensorA2
12511,390,343,551
12526,390,344,549
12540,392,343,552
12620,386,344,547
12635,387,339,543
12650,387,336,543
12730,388,342,545
12744,387,339,544
12759,386,337,541
12839,389,341,545
12855,387,338,543
12869,386,336,541
12950,388,339,551
12964,387,338,551
12979,386,335,543
13059,388,341,545
13074,384,341,541
13088,386,338,539
13169,387,339,542
13183,389,338,543
13198,383,334,542
13278,388,339,544
13293,388,340,542
13307,386,335,531
13387,389,338,545
13402,387,338,542
13416,384,338,541
13497,389,340,545
13511,386,335,542
13527,384,337,539
13607,389,339,545
13622,387,340,541
13636,383,334,539
13717,388,339,543
13732,386,338,541
13747,387,337,540
13827,390,339,546
13842,385,335,542
13858,384,335,542
13939,388,342,545
13953,384,336,542
13968,387,332,536
14048,391,338,547
14063,388,336,545
14077,386,338,543
14158,390,336,550
14172,385,338,548
14187,386,337,547
14268,392,339,551
14282,389,336,549
14297,384,333,545
14378,392,338,552
14392,391,335,550
14406,389,338,547
14487,393,341,560
14501,389,341,556
14516,391,339,554
14596,395,346,571
14611,388,347,570
14625,390,343,564
14706,395,356,575
14720,395,352,576
14735,392,348,574
14815,396,355,586
14830,394,358,584
14844,395,354,585
14925,410,363,594
14939,407,359,587
14954,408,349,588
15035,424,364,592
15049,419,356,591
15064,419,363,591
15145,417,362,592
15159,414,359,591
15174,415,359,588
15255,416,367,603
15269,414,365,596
15284,413,367,596
15364,417,373,604
15379,419,373,602
15393,415,374,603
15474,421,369,601
15488,420,375,605
15503,423,377,608
15584,430,380,613
15599,426,379,609
15613,424,376,608
15694,432,385,621
15709,432,383,616
15723,426,380,618
15804,439,388,624
15818,437,385,623
15833,441,386,616
15913,454,389,629
15928,453,398,632
15942,453,395,621
16023,458,405,636
16037,455,399,631
16052,455,401,630
16133,460,407,640
16148,460,406,638
16162,455,400,624
16243,465,409,644
16257,464,409,642
16272,459,404,640
16353,473,416,647
16368,473,417,649
16382,469,413,648
16463,481,423,659
16477,476,423,658
16492,478,426,655
16573,492,436,669
16587,491,434,667
16602,488,432,667
16682,504,446,676
16697,499,438,673
16711,497,444,673
16792,511,451,682
16806,511,451,681
16821,514,448,676
16901,514,461,687
16916,519,456,683
16930,510,458,687
17011,526,468,697
17025,518,464,698
17040,514,461,691
17120,528,473,706
17135,528,471,700
17149,525,466,698
17230,536,475,713
17244,532,474,707
17259,530,470,701
17340,543,475,711
17354,541,473,708
17369,541,468,701
17449,542,483,713
17464,542,483,716
17478,537,477,709
17559,545,483,719
17573,542,478,713
17588,542,478,711
17668,552,485,719
17683,545,480,715
17698,539,475,712
17778,552,484,718
17793,546,480,714
17807,544,479,710
17888,552,485,720
17902,552,480,712
17917,543,476,709
17997,563,495,724
18012,558,490,720
18026,553,488,720
18107,563,490,727
18122,555,488,722
18137,552,482,713
18217,563,496,732
18232,557,488,720
18247,555,484,721
18327,563,494,733
18342,552,489,724
18356,561,488,717
18437,565,497,734
18451,556,493,726
18466,548,488,721
18547,562,501,734
18561,554,489,730
18576,550,486,721
18656,560,494,735
18671,555,490,725
18685,549,486,733
18766,557,494,733
18780,556,491,725
18795,548,486,725
18875,557,495,736
18891,551,488,729
18905,547,488,719
18986,558,487,732
19000,548,477,730
19015,544,488,720
19095,549,492,734
19110,541,488,726
19125,541,492,726
19205,554,503,737
19220,554,499,741
19234,556,502,749
19315,555,499,743
19329,568,508,753
19344,568,503,755
19424,571,510,759
19439,571,514,759
19453,568,509,754
19534,566,512,757
19548,562,508,755
19563,556,506,752
19643,561,505,755
19658,559,505,751
19673,558,502,752
19753,555,505,748
19768,551,500,742
19783,547,499,743
19863,547,497,743
19878,542,495,738
19893,545,495,735
19973,543,494,736
19988,542,485,733
20002,540,490,730
20083,539,488,730
20097,533,481,722
20112,531,482,719
20192,522,481,718
20207,520,479,716
20222,517,476,711
20302,518,477,713
20317,517,468,709
20332,519,465,708
20412,519,474,713
20427,515,472,707
20441,512,475,707
20522,512,474,708
20536,512,470,705
20551,509,472,704
20632,511,472,706
20647,507,467,707
20662,503,469,697
20743,506,468,701
20758,504,469,699
20773,502,466,695
20854,498,468,699
20869,493,461,696
20884,494,463,693
20964,495,464,699
20979,491,463,695
20994,489,462,694
21074,491,465,698
21089,488,465,697
21103,485,458,695
21184,488,465,698
21198,481,463,700
21213,479,460,692
21294,485,464,699
21308,480,463,691
21323,478,450,690
21404,476,462,693
21418,475,458,690
21433,473,457,690
21514,472,459,690
21528,467,455,687
21543,463,455,687
21623,461,455,688
21638,456,454,683
21652,454,453,683
21733,454,454,684
21747,450,451,682
21762,448,452,680
21843,447,448,683
21857,443,439,680
21872,443,444,679
21952,444,449,682
21968,438,445,679
21982,436,442,674
22063,438,445,680
22078,435,438,677
22092,436,440,672
22173,433,440,677
22187,433,430,672
22202,429,433,670
22283,430,433,674
22297,430,433,669
22312,425,433,670
22392,426,436,674
22407,423,431,667
22422,423,432,669
22503,422,430,671
22517,420,429,670
22532,418,429,666
22612,421,433,678
22627,421,431,668
22642,419,430,666
22723,420,434,665
22738,418,424,662
22752,416,425,664
22833,422,427,665
22848,412,419,660
22862,418,424,661
22943,423,417,661
22958,419,419,658
22972,419,419,661
23053,422,414,658
23068,419,413,653
23082,417,413,653
23163,418,410,651
23178,417,407,646
23192,417,408,648
23273,420,406,645
23287,415,401,639
23302,422,401,639
23382,416,400,643
23397,416,398,641
23412,410,399,638
23492,413,398,636
23507,411,393,632
23522,409,395,632
23602,412,393,631
23617,410,392,627
23631,408,389,627
23712,411,393,628
23726,406,385,624
23741,407,384,619
23821,403,380,618
23836,406,379,613
23850,402,377,615
23931,401,383,610
23945,402,372,607
23960,401,373,607
24040,404,374,612
24055,401,376,608
24069,400,371,606
24150,404,374,609
24164,400,371,608
24179,400,370,602
24260,401,372,604
24274,399,371,607
24289,397,370,600
24370,403,367,600
24384,400,367,599
24398,399,366,594
24479,401,368,595
24494,400,367,595
24509,400,365,593
24590,400,365,599
24604,398,367,594
24619,398,367,594
24699,399,366,595
24714,399,366,591
24729,394,364,589
24810,397,365,594
24825,396,363,590
24840,396,364,589
24920,392,366,590
24934,397,361,589
24949,394,364,586
25030,396,364,590
25044,394,365,587
25059,394,364,586
25139,398,368,588
25154,396,368,591
25168,390,363,582
25249,395,365,586
25263,394,365,585
25278,395,362,583
25358,395,367,587
25373,394,364,582
25387,395,365,583
25468,397,365,586
25483,395,363,585
25497,393,362,586
25578,394,367,589
25592,393,363,582
25607,391,365,584
25688,394,367,586
25702,393,366,582
25717,391,364,582
25797,394,366,588
25812,393,366,582
25827,391,365,583
27174,395,368,588
27189,394,369,587
27204,393,369,590
27285,393,366,586
27300,392,365,586
27314,392,368,584
27395,392,367,588
27409,390,366,584
27424,389,359,585
27504,391,369,583
27519,391,368,584
27533,390,365,584
27614,392,368,585
27628,391,362,583
27643,392,367,584
27723,392,369,586
27738,388,365,584
27753,389,368,584
27833,393,367,584
27849,390,372,586
27863,392,365,585
27944,393,368,583
27959,391,367,584
27974,392,365,582
28054,392,370,585
28069,392,364,583
28084,391,365,584
28164,391,366,585
28179,390,361,587
28193,389,366,582
28274,391,367,581
28289,389,369,582
28303,392,364,582
28384,392,369,583
28398,388,366,586
28413,391,367,583
28493,389,365,582
28508,389,366,581
28523,390,366,581
28603,389,370,587
28618,389,369,583
28633,388,366,578
28714,391,367,581
28728,390,366,580
28743,389,363,577
28823,389,363,581
28839,388,366,578
28853,389,358,578
28934,387,368,581
28948,389,365,573
28963,388,364,577
29043,387,366,578
29058,389,362,575
29073,389,365,574
29154,388,364,573
29168,388,367,576
29183,386,366,574
29263,388,365,574
29278,386,366,574
29292,387,365,570
29373,387,367,573
29388,385,364,570
29402,385,364,569
29483,387,366,569
29497,385,366,567
29512,383,364,567
29592,384,365,566
29607,386,366,566
29622,384,365,564
29702,384,366,562
29717,384,368,563
29731,382,361,560
29813,380,364,557
29827,379,359,562
29842,375,363,558
29922,377,364,561
29937,373,363,557
29952,371,363,557
30032,373,363,555
30047,373,362,552
30061,372,362,551
30142,374,365,550
30157,373,362,550
30171,371,361,546
30252,372,364,544
30267,372,364,545
30281,372,362,542
30362,372,363,540
30377,370,362,538
30391,371,361,534
30472,371,363,529
30487,368,362,530
30502,367,358,526
30582,370,361,525
30597,368,362,523
30611,367,358,521
30692,366,361,516
30706,364,362,515
30721,363,359,514
30802,364,357,511
30817,363,359,506
30831,359,357,504
30912,363,362,506
30926,359,357,501
30941,362,356,497
31022,356,359,500
31036,357,353,497
31050,354,358,494
31131,355,354,494
31146,354,355,491
31161,351,353,488
31242,350,355,486
31257,349,354,483
31271,348,351,481
31352,348,352,480
31366,348,353,481
31381,347,350,479
31462,345,353,476
31477,342,350,477
31491,344,350,472
31572,344,354,466
31586,342,352,467
31601,340,349,464
31681,337,348,460
31696,337,349,457
31711,334,346,452
31791,335,343,449
31806,334,345,448
31820,332,339,446
31901,333,335,436
31916,333,336,438
31930,328,331,436
32011,330,327,433
32026,329,326,431
32040,327,322,428
32121,332,327,422
32136,331,316,418
32151,330,314,418
32232,330,309,408
32246,331,312,415
32261,325,303,405
32341,328,301,395
32356,326,300,393
32370,330,299,389
32451,325,291,389
32466,325,292,384
32481,323,289,378
32562,320,286,379
32576,321,287,380
32591,320,283,375
32671,320,284,375
32686,320,284,375
32701,318,281,371
32782,317,282,376
32797,314,280,374
32811,312,278,372
32892,314,278,374
32907,313,275,372
32922,312,275,368
33002,314,274,373
33017,309,274,374
33032,312,275,368
33112,311,272,364
33127,311,272,366
33141,309,272,367
33222,307,268,373
33236,308,272,373
33252,309,271,373
33332,309,268,369
33347,302,270,369
33361,306,267,368
33442,308,266,367
33457,306,267,370
33472,306,266,368
33553,307,266,368
33567,304,266,367
33582,301,264,368
33663,305,266,370
33678,304,265,367
33692,302,265,365
33773,305,265,366
33787,302,266,372
33802,303,265,367
33882,307,268,370
33897,307,269,372
33912,306,269,367
33992,307,271,372
34007,309,268,374
34022,310,272,378
34102,309,271,378
34117,310,270,376
34132,311,272,376
34213,311,272,374
34227,311,270,377
34242,309,271,376
34323,311,271,377
34338,316,273,375
34352,310,271,377
34433,312,272,378
34448,310,271,376
34463,310,272,376
34543,311,270,377
34558,310,272,374
34573,311,271,376
34653,309,270,374
34668,311,271,375
34682,312,271,375
34763,310,274,376
34778,310,274,377
34792,309,274,376
34873,311,271,375
34888,311,274,377
34902,312,273,377
34983,312,276,380
34997,312,275,380
35012,310,273,378
35093,312,276,381
35107,311,275,380
35122,312,272,380
35202,312,275,379
35217,311,276,378
35233,312,277,379
35313,311,277,376
35328,312,280,377
35342,312,278,377
35423,314,279,379
35437,312,277,377
35452,313,277,377
35532,316,283,378
35548,314,281,380
35563,313,280,377
35644,314,281,380
35658,314,280,380
35673,315,280,377
35754,316,281,381
35769,317,282,381
35783,315,282,382
35864,318,287,385
35878,317,288,385
35893,317,289,388
35973,320,293,390
35989,320,290,391
36003,318,293,392
36084,319,294,396
36099,319,294,395
36113,320,293,394
36194,321,295,402
36208,319,298,397
36223,320,295,406
36304,321,298,411
36318,321,298,414
36333,322,299,413
36414,321,303,421
36428,322,295,422
36442,321,303,421
36523,321,301,429
36537,322,305,429
36552,321,305,430
36633,325,307,434
36647,327,306,435
36662,324,309,434
36742,328,306,437
36757,329,306,436
36772,328,305,438
36852,330,306,439
36867,331,307,440
36881,328,305,438
36962,334,307,447
36976,336,307,443
36991,335,307,447
37071,339,307,450
37086,339,309,442
37100,337,309,451
37181,343,309,457
37195,342,311,457
37210,343,308,456
37290,346,313,463
37305,345,313,463
37320,345,310,462
37401,346,314,467
37415,346,314,468
37430,345,313,466
37510,346,315,466
37525,345,313,467
37539,345,314,465
37620,346,316,466
37634,346,315,464
37649,345,316,465
37730,349,316,472
37745,345,314,470
37760,346,315,471
37840,346,317,472
37855,348,316,472
37869,348,315,472
37950,349,314,472
37964,352,316,473
37979,349,314,473
38060,353,317,480
38074,351,317,482
38089,346,321,485
38169,350,323,490
38184,350,323,493
38198,349,323,491
38279,351,323,492
38293,351,322,495
38308,348,324,494
38388,350,325,498
38403,349,321,497
38417,347,323,495
38498,347,317,501
38513,352,322,499
38528,348,322,500
38608,350,324,503
38622,350,325,501
38637,350,324,506
38718,349,327,503
38732,349,327,506
38747,348,326,500
38827,350,331,502
38842,350,327,505
38856,350,327,509
38937,351,326,504
38951,350,325,504
38966,350,327,501
39046,348,327,507
39061,350,327,505
39075,350,325,507
39156,349,327,511
39170,350,331,514
39185,349,335,516
39266,349,342,518
39280,351,340,517
39295,349,339,520
39376,349,339,524
39391,350,339,522
39406,348,339,520
39486,351,340,521
39501,350,335,521
39515,348,337,524
39595,352,337,524
39610,349,341,524
39624,348,339,524
39705,342,337,525
39719,349,338,527
39734,350,335,527
39814,349,339,535
39829,349,335,534
39843,349,337,533
39924,349,338,532
39939,350,336,527
39953,349,336,533
40034,351,337,532
40049,349,339,534
40063,349,336,532
40144,350,339,532
40158,350,336,535
40173,349,337,529
40253,350,337,538
40268,349,336,539
40282,348,337,540
40363,350,336,541
40377,349,336,536
40392,349,336,536
40472,350,336,538
40487,350,336,538
40502,349,333,538
42849,353,336,534
42864,353,338,534
42878,353,336,533
42959,352,337,534
42974,351,332,529
42988,348,332,525
43069,350,333,530
43083,348,335,527
43098,347,332,525
43178,351,329,531
43193,347,332,528
43208,347,332,524
43288,351,336,530
43303,343,336,527
43317,347,330,523
43398,348,336,531
43413,347,333,528
43428,348,333,522
43509,350,333,528
43523,347,332,524
43538,348,334,527
43619,355,335,531
43633,349,333,528
43648,348,331,523
43729,348,334,528
43743,348,331,526
43758,347,332,526
43838,351,335,528
43853,347,333,525
43867,346,331,524
43948,349,334,528
43962,347,330,526
43977,346,331,523
44057,350,334,528
44072,348,333,525
44087,346,332,524
44167,350,333,527
44182,346,332,524
44196,347,331,523
44277,343,333,528
44292,348,334,524
44306,348,330,523
44387,351,334,527
44401,349,333,524
44416,348,332,524
44497,352,334,529
44511,345,331,525
44525,346,331,521
44606,350,331,529
44620,348,333,515
44635,350,331,523
44716,351,335,527
44730,349,333,525
44745,348,338,524
44825,351,335,528
44840,351,332,521
44854,346,334,522
44935,353,335,527
44949,352,332,525
44964,350,328,521
45044,353,332,529
45059,352,333,526
45073,350,332,523
45154,355,334,528
45169,347,331,524
45184,353,329,523
45264,356,332,523
45280,356,333,527
45294,355,330,521
45375,361,334,527
45389,358,334,528
45404,357,330,525
45484,363,334,527
45499,358,330,529
45514,358,332,528
45595,364,336,539
45609,358,334,529
45624,360,333,534
45704,366,336,543
45719,365,336,541
45733,363,333,541
45814,372,340,549
45829,368,338,544
45844,370,335,541
45925,377,340,553
45940,376,343,551
45955,372,340,548
46036,386,346,556
46051,384,341,554
46065,381,340,554
46146,390,347,558
46160,393,345,557
46175,389,341,559
46255,397,351,565
46270,394,349,565
46284,394,344,559
46365,402,354,570
46379,399,352,568
46394,398,353,565
46475,408,358,580
46490,409,359,579
46504,405,358,573
46585,421,359,580
46600,415,360,579
46614,418,361,575
46695,442,372,597
46709,439,370,588
46724,439,370,588
46804,445,381,602
46819,448,381,602
46834,446,376,599
46914,464,385,607
46929,461,382,607
46943,464,384,603
47024,472,395,616
47038,474,396,617
47053,472,400,615
47134,485,409,629
47149,489,410,628
47163,486,409,632
47244,499,422,640
47259,497,420,642
47274,491,417,637
47354,506,433,656
47369,505,431,655
47383,504,429,648
47465,512,441,666
47479,506,446,669
47494,509,442,657
47575,517,456,684
47590,515,450,682
47605,514,454,677
47685,524,458,687
47700,520,459,687
47714,515,459,682
47795,526,471,694
47810,521,463,694
47825,519,462,690
47905,532,470,700
47920,529,469,699
47934,532,462,696
48015,534,470,706
48030,530,470,701
48045,528,465,707
48125,540,473,715
48140,540,473,713
48154,536,471,716
48235,544,478,721
48250,541,478,722
48264,541,473,717
48345,550,481,734
48359,547,480,729
48374,546,480,728
48455,551,480,728
48470,545,477,731
48485,547,484,726
48566,552,491,745
48580,552,490,743
48595,547,482,736
48675,556,491,749
48691,550,487,738
48705,551,486,740
48786,556,492,750
48800,553,490,741
48815,541,481,735
48896,552,489,750
48910,548,484,744
48925,545,483,738
49006,554,492,751
49021,545,483,744
49036,542,483,738
49116,550,490,746
49131,546,487,739
49145,544,482,734
49226,547,491,748
49240,544,487,739
49255,535,485,738
49336,552,495,743
49350,544,489,749
49365,537,487,736
49445,547,494,748
49460,543,492,745
49475,534,484,735
49555,548,498,751
49570,550,494,752
49584,546,494,754
49665,550,502,763
49680,555,505,768
49694,556,505,771
49775,558,509,773
49790,559,511,774
49805,556,508,775
49886,556,505,776
49901,552,503,769
49915,551,502,766
49996,552,501,766
50011,549,501,761
50025,550,500,762
50106,544,499,760
50120,544,498,757
50135,543,495,753
50215,540,492,756
50230,542,492,751
50244,538,488,745
50325,540,485,742
50340,539,487,741
50355,535,483,737
50435,537,478,730
50450,533,474,730
50464,530,475,725
50545,526,472,722
50560,525,471,715
50575,520,467,713
50655,521,468,716
50670,523,464,713
50686,517,463,710
50766,516,463,712
50781,514,460,707
50796,513,458,711
50877,506,460,709
50891,500,458,701
50906,502,453,702
50986,502,454,707
51001,492,449,703
51016,494,451,700
51097,490,451,700
51112,484,448,699
51127,485,451,697
51207,485,451,699
51222,482,447,694
51237,479,450,692
51318,475,447,686
51332,465,439,681
51347,464,436,690
51427,453,438,687
51442,446,436,685
51456,442,435,680
51537,438,431,679
51553,432,430,675
51568,432,425,671
51648,434,430,673
51663,428,425,670
51678,427,422,669
51759,428,421,670
51774,425,422,666
51789,424,419,663
51870,428,422,667
51886,422,419,665
51900,424,420,664
51982,423,421,661
51998,417,416,658
52013,413,416,658
52094,412,416,658
52109,411,417,653
52125,409,413,649
52205,405,416,653
52220,405,413,649
52234,405,413,644
52315,405,412,642
52330,403,413,642
52345,401,403,635
52425,404,411,641
52440,398,411,637
52454,399,411,636
52535,403,411,639
52549,401,406,634
52564,399,404,631
52645,402,405,628
52660,399,403,627
52674,393,400,627
52755,403,406,629
52769,396,403,626
52784,396,402,628
52864,396,402,631
52879,397,404,626
52894,392,398,624
52974,396,403,630
52989,394,401,625
53004,393,402,625
53084,398,403,628
53099,394,401,624
53114,395,400,624
53195,396,399,627
53210,392,394,624
53224,394,397,627
53305,397,397,621
53320,391,395,618
53334,391,390,616
53415,395,397,621
53429,393,396,618
53444,391,393,616
53524,394,395,619
53539,394,391,618
53554,392,390,615
53634,395,391,619
53649,391,388,619
53664,392,389,614
53745,393,390,614
53760,394,389,605
53775,390,385,610
53856,393,388,616
53870,389,377,612
53885,394,384,610
53965,394,386,611
53980,392,384,609
53995,392,379,605
54075,394,384,610
54090,392,382,607
54105,391,380,606
54186,392,384,608
54200,391,381,606
54216,390,375,603
54296,392,380,609
54311,394,381,607
54326,390,379,604
54407,392,380,609
54422,391,381,604
54437,389,379,603
54518,392,382,607
54533,391,379,603
54547,388,378,602
54629,392,383,606
54643,390,379,605
54658,389,380,604
54738,393,379,608
54753,388,381,603
54767,390,384,603
54848,391,382,607
54863,390,382,604
54877,389,378,599
54958,391,380,606
54973,388,379,604
54988,389,376,604
55068,392,383,607
55083,391,380,604
55097,387,378,601
55178,391,382,605
55193,389,380,604
55208,387,383,602
55289,392,383,609
55303,389,381,601
55318,386,377,602
55399,391,380,607
55413,389,378,602
55428,390,378,603
55508,388,381,606
55524,389,379,602
55538,388,379,599
55620,389,383,605
55634,388,382,602
55649,387,371,602
55729,392,382,605
55744,387,380,602
55759,386,377,603
55840,391,382,604
55854,389,377,605
55869,389,378,599
55950,392,384,605
55965,386,382,602
55979,383,378,601
56060,389,382,604
56074,388,380,603
56089,389,381,601
56169,392,383,604
56184,387,380,604
56198,388,379,599
57546,391,384,606
57560,392,386,606
57575,395,383,606
57656,390,382,605
57670,387,381,604
57685,389,379,603
57765,389,384,604
57779,388,380,602
57794,388,380,603
57875,392,380,603
57889,389,383,603
57905,389,378,601
57986,390,382,603
58000,388,380,601
58015,391,383,604
58096,389,378,603
58110,389,380,603
58125,389,380,601
58205,390,380,601
58220,393,381,604
58234,390,381,602
58315,390,382,603
58330,390,379,603
58344,389,381,603
58425,388,380,603
58439,388,382,604
58454,389,379,603
58534,388,379,602
58550,388,380,603
58564,388,379,600
58645,390,382,602
58660,388,379,599
58675,389,378,602
58755,388,380,605
58770,388,387,603
58785,387,379,602
58866,387,381,602
58881,389,380,601
58895,388,380,600
58976,388,378,602
58991,388,382,602
59006,388,380,602
59087,386,381,602
59102,386,380,597
59117,388,382,600
59197,389,379,600
59212,388,377,600
59227,388,380,599
59307,387,381,602
59322,387,375,604
59336,383,377,597
59417,388,379,597
59432,392,372,594
59448,386,378,594
59528,389,380,597
59543,387,377,594
59558,386,378,594
59638,386,379,593
59653,389,380,595
59668,383,375,594
59748,385,378,593
59763,385,377,592
59777,388,378,590
59858,389,380,589
59872,386,378,589
59887,385,376,587
59967,388,376,586
59982,383,377,584
59996,381,376,578
60077,388,379,575
60092,388,378,574
60107,383,375,575
60187,388,376,562
60201,382,373,564
60216,383,371,561
60297,384,375,557
60312,383,372,552
60326,382,372,550
60407,381,369,542
60421,384,368,540
60436,382,366,540
60517,385,366,533
60531,381,365,533
60546,382,361,524
60626,378,360,520
60641,380,361,519
60656,379,360,518
60737,379,359,511
60752,379,359,507
60766,373,353,508
60847,374,354,500
60862,371,352,498
60877,367,351,493
60958,367,352,490
60973,365,351,491
60988,364,348,487
61069,359,349,478
61084,355,347,476
61099,357,348,473
61179,356,345,462
61194,353,344,460
61210,351,339,456
61290,349,339,449
61305,346,339,446
61320,342,339,446
61400,344,339,439
61415,344,338,436
61430,341,337,436
61511,338,333,423
61526,338,331,418
61541,339,330,420
61622,332,329,410
61636,336,324,406
61651,339,325,404
61731,339,321,399
61746,336,322,397
61761,335,320,395
61841,335,318,395
61856,336,316,389
61871,332,313,386
61951,336,314,385
61966,337,312,382
61980,335,309,383
62061,337,307,380
62075,337,307,382
62090,337,306,374
62170,337,302,377
62186,338,299,375
62201,337,300,375
62282,336,298,377
62296,336,297,372
62311,333,294,373
62392,332,292,373
62406,334,290,373
62421,333,290,374
62501,331,289,373
62516,329,285,372
62531,328,284,370
62611,326,284,373
62626,327,282,371
62641,325,283,371
62722,326,281,375
62736,325,279,373
62751,324,280,373
62831,323,279,374
62847,322,283,372
62861,322,276,371
62942,323,280,368
62956,323,281,373
62971,317,273,369
63052,321,277,369
63066,318,276,369
63082,317,274,372
63162,319,274,367
63178,315,274,368
63192,313,273,368
63273,316,272,367
63288,313,273,368
63302,311,269,368
63383,310,271,367
63398,312,270,368
63412,312,268,367
63493,311,271,373
63507,311,268,366
63522,309,270,365
63603,303,269,367
63618,308,268,367
63632,310,268,363
63713,308,268,365
63728,307,270,368
63743,306,266,369
63823,307,272,368
63838,307,266,363
63853,307,267,367
63934,304,268,365
63949,306,266,366
63964,306,266,364
64045,306,269,370
64060,302,264,365
64075,304,267,367
64156,303,264,364
64171,303,264,365
64185,303,263,364
64266,303,265,370
64281,307,269,368
64295,307,270,371
64376,308,268,372
64390,311,269,374
64405,310,272,377
64485,310,270,375
64500,310,271,378
64515,308,271,375
64596,307,272,376
64610,311,273,374
64625,310,271,373
64705,310,272,375
64720,310,269,370
64735,309,273,375
64815,308,271,374
64830,308,271,377
64845,309,271,374
64925,311,272,375
64941,309,270,374
64956,311,271,375
65036,309,272,375
65052,309,278,373
65066,311,271,373
65147,310,275,373
65162,311,271,375
65177,311,272,374
65257,311,272,376
65272,312,271,375
65287,313,274,375
65367,312,274,373
65382,313,272,374
65396,312,275,376
65477,314,276,374
65491,312,276,373
65506,313,272,374
65587,316,284,375
65602,314,276,375
65617,316,278,374
65697,317,278,377
65712,318,278,376
65728,317,277,377
65808,319,279,378
65824,317,280,378
65839,318,281,376
65920,320,282,378
65935,319,281,380
65949,321,285,379
66030,322,288,379
66045,322,290,381
66060,323,292,382
66141,322,295,380
66155,323,296,379
66170,322,297,377
66251,326,297,380
66265,324,296,380
66280,324,296,378
66361,325,299,383
66376,324,299,383
66390,323,297,384
66471,325,299,393
66486,324,299,393
66500,323,300,392
66581,324,302,404
66595,325,300,403
66610,325,302,406
66691,326,303,417
66706,325,301,416
66720,326,304,415
66801,331,305,426
66816,329,304,426
66831,330,304,425
66911,329,303,433
66927,328,307,436
66942,331,306,436
67022,331,308,443
67037,331,306,443
67052,331,307,442
67132,333,308,448
67147,334,310,454
67162,332,308,451
67243,333,306,450
67258,335,307,450
67273,333,309,450
67353,336,308,453
67368,336,307,452
67383,336,307,452
67464,338,310,453
67478,340,310,453
67493,333,309,453
67574,338,311,461
67589,336,309,460
67603,337,312,460
67685,341,310,466
67700,339,313,470
67714,341,308,465
67795,342,311,466
67810,343,311,469
67825,341,311,472
67905,342,315,475
67920,340,313,480
67934,341,313,481
68015,341,318,487
68030,343,316,486
68044,341,316,484
68125,340,317,484
68140,342,319,488
68155,341,314,481
68235,341,318,491
68250,342,317,495
68264,345,319,497
68345,347,324,507
68359,345,323,506
68374,343,321,506
68454,344,324,505
68469,345,323,502
68484,343,322,503
68564,344,323,500
68579,342,322,499
68593,342,320,497
68674,344,321,497
68688,344,320,497
68703,343,320,496
68783,343,330,501
68798,344,327,496
68812,342,327,495
68893,342,327,499
68908,345,331,500
68923,344,329,498
69003,346,329,504
69018,345,328,502
69033,344,328,504
69114,345,334,504
69129,346,328,508
69144,344,329,503
69224,346,331,506
69240,346,327,505
69254,343,325,505
69336,347,329,508
69351,351,330,505
69366,351,328,502
69447,357,329,503
69462,355,326,503
69477,354,326,504
69557,355,329,504
69573,358,328,503
69588,355,328,499
69668,360,326,502
69683,355,329,503
69698,354,327,501
69778,355,326,497
69793,353,326,500
69808,353,330,495
69888,354,329,502
69903,355,330,502
69918,354,329,501
70000,354,331,504
70015,357,331,504
70029,353,330,505
70110,353,332,506
70125,355,330,507
70140,353,330,504
70221,355,331,506
70235,354,328,507
70250,353,327,509
70331,353,330,508
70346,355,332,509
70361,352,332,506
70442,351,330,506
70457,353,333,509
70471,353,329,508
70552,354,331,506
70566,353,331,506
70581,352,328,504
70661,354,328,505
70676,351,329,504
70691,355,331,505
70771,356,331,504
70786,362,329,503
70800,359,329,501
70881,357,328,506
70895,352,330,501
70910,360,328,501
73257,373,333,496
73272,374,331,495
73288,375,333,497
73368,372,331,493
73383,371,326,489
73397,369,327,487
73478,371,328,491
73492,369,328,489
73507,368,328,488
73588,372,332,490
73602,368,327,492
73616,368,326,485
73697,369,331,493
73712,364,329,488
73727,369,329,489
73808,369,335,491
73824,369,330,490
73839,368,326,492
73920,371,331,492
73935,370,326,491
73949,368,328,487
74030,371,330,492
74045,368,325,488
74060,365,325,486
74140,370,329,491
74155,371,328,488
74170,366,326,488
74251,369,329,491
74265,367,327,489
74280,368,325,486
74361,371,329,491
74376,367,324,487
74390,369,328,486
74471,371,330,490
74487,370,326,488
74503,365,325,485
74585,371,329,489
74601,368,331,489
74615,366,325,486
74697,372,329,493
74712,369,326,487
74727,367,326,489
74808,370,329,492
74824,367,328,489
74840,367,326,487
74921,369,324,484
74936,368,328,484
74951,366,326,490
75032,369,329,487
75047,369,328,487
75062,368,324,485
75144,369,327,490
75160,368,328,487
75175,367,328,486
75256,370,326,489
75271,369,325,488
75286,368,324,485
75367,372,326,492
75383,367,326,489
75399,365,324,483
75480,372,326,492
75495,371,329,488
75509,368,326,489
75590,373,331,492
75606,371,325,490
75621,368,328,490
75702,379,328,496
75717,377,328,495
75732,378,325,494
75814,377,331,507
75829,380,326,503
75844,380,326,502
75925,384,330,511
75941,384,329,512
75956,383,327,511
76037,391,336,524
76053,388,333,523
76068,388,330,519
76149,388,336,527
76164,387,332,524
76179,384,333,522
76260,390,335,527
76276,388,332,524
76291,385,332,523
76372,393,341,537
76386,390,339,533
76401,389,337,535
76481,398,351,552
76497,397,351,550
76513,393,350,550
76594,400,358,562
76610,399,355,559
76625,396,358,557
76706,402,363,568
76721,404,368,570
76737,404,359,564
76818,408,366,577
76834,410,371,576
76848,406,365,574
76929,416,376,589
76945,411,372,585
76960,411,371,581
77042,418,382,595
77057,417,383,595
77072,414,380,593
77154,424,396,605
77169,422,393,603
77184,423,394,605
77265,432,402,613
77280,430,404,611
77295,433,402,610
77376,443,416,619
77391,444,415,620
77408,439,413,619
77489,449,422,625
77505,450,423,625
77521,451,420,621
77603,457,429,631
77618,455,426,628
77633,455,427,629
77714,473,440,640
77730,465,437,635
77745,465,434,633
77828,480,450,655
77843,482,444,645
77858,479,440,644
77939,499,453,652
77955,501,451,655
77970,497,450,652
78051,522,451,657
78067,521,450,657
78082,524,449,650
78163,539,445,663
78178,535,445,660
78193,531,438,657
78275,537,449,670
78290,534,448,666
78305,530,442,657
78386,534,462,686
78401,535,463,675
78416,533,459,678
78497,541,478,694
78512,534,476,692
78528,534,479,693
78609,544,496,710
78624,543,493,708
78639,537,499,703
78720,549,512,724
78735,547,509,720
78750,546,509,720
78831,551,513,730
78846,551,512,732
78861,545,507,727
78943,559,519,751
78958,559,517,751
78973,558,516,745
79054,568,521,763
79069,567,517,761
79084,564,517,760
79165,575,521,775
79180,572,523,773
79195,568,514,772
79276,577,524,780
79291,569,524,781
79306,564,515,772
79387,575,527,775
79402,572,524,778
79418,571,521,778
79499,588,534,795
79514,581,523,788
79530,577,526,782
79611,585,535,797
79625,581,530,787
79640,576,530,792
79721,584,535,794
79736,576,530,789
79751,574,527,785
79832,582,535,796
79847,570,527,785
79863,574,523,780
79944,582,530,795
79959,572,523,782
79974,569,524,782
80055,583,536,794
80070,586,539,797
80084,583,537,797
80165,589,539,801
80181,590,543,811
80196,591,540,811
80277,595,547,816
80293,597,549,812
80308,591,546,808
80389,587,546,811
80405,587,542,808
80420,586,539,803
80501,588,540,807
80517,586,541,805
80532,584,536,798
80613,582,537,804
80627,580,535,799
80643,578,531,793
80725,576,529,794
80740,573,527,786
80755,568,522,787
80836,568,519,783
80851,563,517,775
80867,558,513,772
80949,561,512,767
80964,560,507,763
80980,557,507,759
81061,553,506,756
81077,549,505,751
81092,546,500,746
81173,545,505,750
81188,541,497,737
81203,540,497,737
81284,539,498,739
81299,534,495,738
81314,533,492,734
81395,532,494,731
81410,529,489,728
81425,529,488,725
81506,528,486,725
81521,526,487,725
81537,522,482,720
81619,525,483,721
81634,519,480,717
81649,517,474,715
81730,518,478,719
81745,515,469,711
81760,514,477,712
81841,515,467,713
81856,511,475,709
81871,513,474,713
81952,514,471,709
81967,514,472,705
81983,511,470,707
82064,510,469,708
82079,509,467,707
82094,504,464,700
82175,505,465,703
82190,499,461,699
82206,504,465,697
82287,501,464,699
82301,503,462,693
82316,500,464,691
82396,501,461,693
82411,497,458,690
82426,498,456,688
82507,495,458,690
82522,493,455,689
82537,489,453,687
82619,488,451,687
82634,484,447,686
82648,481,446,677
82729,476,446,686
82744,475,443,680
82758,475,441,677
82839,473,445,680
82854,470,442,676
82869,467,443,678
82951,466,445,678
82966,465,442,676
82981,466,443,674
83062,468,443,678
83077,462,441,678
83091,462,440,673
83172,462,444,676
83187,458,441,676
83202,454,437,675
83283,458,439,677
83298,450,438,673
83313,447,437,671
83394,451,438,673
83409,451,436,669
83425,445,437,670
83506,422,434,672
83521,420,433,667
83536,417,431,669
83618,416,432,668
83633,414,429,668
83648,413,430,660
83729,412,428,667
83745,409,429,662
83760,407,425,660
83841,413,426,663
83856,406,421,656
83871,404,421,657
83952,406,421,657
83968,401,419,650
83983,403,417,652
84064,405,417,653
84079,400,414,648
84094,399,413,643
84174,407,414,646
84189,403,411,640
84204,401,406,639
84285,402,402,629
84300,400,390,625
84315,398,398,622
84396,401,400,623
84412,398,393,623
84428,399,396,615
84510,399,395,622
84525,398,392,617
84540,396,392,624
84621,401,394,617
84636,396,386,612
84651,395,390,613
84732,396,393,613
84747,396,394,611
84762,393,390,608
84843,394,392,615
84858,395,393,611
84873,394,390,607
84954,396,397,614
84969,394,391,613
84984,393,390,609
85065,394,393,615
85079,393,394,611
85094,394,391,608
85175,393,393,611
85190,392,391,610
85205,391,390,609
85286,396,393,612
85301,390,391,610
85316,388,391,610
85397,393,391,614
85412,391,392,608
85426,390,391,609
85507,390,386,611
85522,390,393,609
85537,388,388,607
85619,384,393,611
85633,391,393,606
85648,390,390,609
85730,390,394,610
85745,390,392,609
85760,387,389,610
85841,392,393,610
85856,389,391,609
85871,388,391,603
85952,389,392,608
85968,389,392,608
85983,385,392,607
86064,393,395,609
86079,389,389,609
86094,385,392,606
86175,389,391,605
86190,387,389,600
86205,386,390,599
86286,386,389,599
86301,385,387,597
86316,385,384,595
86397,386,388,597
86412,384,387,597
86427,383,386,593
86508,386,389,598
86523,384,387,594
86538,382,385,584
86619,385,388,598
86635,382,387,595
86650,382,385,594
86731,386,387,598
86746,381,388,594
86761,382,386,592
88109,385,387,597
88125,387,389,597
88140,386,391,594
88220,384,385,594
88235,385,384,592
88250,383,386,592
88331,384,387,595
88346,384,387,597
88362,382,385,591
88443,384,388,594
88458,383,384,591
88473,384,385,593
88554,384,388,594
88569,385,388,593
88584,383,385,593
88665,385,387,593
88681,382,388,593
88695,383,389,592
88776,383,384,594
88792,386,386,591
88807,383,390,592
88887,385,389,590
88902,384,386,592
88917,383,386,589
88998,385,385,592
89014,384,387,591
89029,383,385,589
89110,384,387,591
89125,381,386,590
89139,383,385,589
89220,384,384,589
89235,384,388,590
89249,385,386,589
89330,381,386,590
89345,383,387,591
89361,382,385,586
89441,382,386,589
89456,382,383,589
89471,383,385,587
89553,383,389,587
89568,381,384,588
89583,382,384,585
89664,381,383,588
89679,380,387,588
89694,383,384,584
89775,382,386,588
89790,380,382,585
89805,381,387,581
89886,381,385,587
89901,378,384,583
89916,380,386,582
89997,381,383,582
90012,383,383,581
90028,379,383,579
90109,381,381,577
90124,380,384,577
90139,378,382,575
90220,384,386,575
90235,379,383,575
90250,378,383,574
90331,381,382,571
90346,378,381,570
90361,376,379,565
90442,378,380,559
90457,381,381,560
90472,378,378,554
90553,378,378,551
90568,379,382,547
90583,377,376,546
90664,377,376,540
90679,377,375,541
90694,377,375,540
90775,376,373,537
90790,375,374,537
90805,374,373,533
90886,373,369,526
90901,376,372,532
90916,372,374,529
90997,370,373,526
91012,371,370,527
91027,368,370,524
91108,365,378,526
91123,366,372,525
91138,363,369,519
91219,361,369,516
91234,361,368,513
91249,360,367,513
91330,359,375,516
91345,358,366,517
91360,358,366,510
91441,358,370,509
91456,360,369,508
91471,357,368,505
91553,355,368,506
91568,353,365,505
91583,353,363,499
91664,349,365,499
91679,345,368,502
91694,346,361,493
91775,337,361,493
91790,337,364,493
91805,334,359,490
91886,331,360,489
91901,329,361,489
91916,325,356,488
91997,321,363,485
92012,318,358,482
92028,319,358,477
92109,317,362,478
92124,316,365,477
92139,314,360,478
92221,313,360,476
92235,315,361,476
92250,312,358,470
92332,310,358,474
92347,310,358,470
92362,310,355,464
92443,311,355,464
92458,311,356,465
92473,311,355,460
92554,312,356,460
92570,311,356,456
92585,310,355,455
92666,310,353,455
92682,313,353,451
92697,310,349,445
92778,312,352,447
92793,310,351,445
92808,308,350,444
92889,307,345,435
92904,308,341,430
92919,309,343,427
93001,310,335,417
93015,310,335,415
93031,311,333,412
93112,311,327,404
93127,308,327,403
93142,307,322,399
93223,309,320,393
93238,309,312,389
93252,306,316,385
93333,308,307,386
93348,307,312,385
93363,307,309,386
93444,306,304,381
93459,307,305,377
93475,305,303,376
93556,305,298,378
93571,306,297,377
93586,306,293,373
93667,304,293,377
93684,305,293,375
93699,306,294,374
93780,306,293,376
93795,306,289,375
93810,306,285,374
93891,306,286,376
93906,306,284,373
93922,305,284,371
94003,304,282,378
94018,302,284,375
94033,303,281,375
94114,304,280,378
94129,306,280,377
94144,302,278,372
94226,305,277,376
94240,306,277,372
94255,302,273,372
94335,303,275,375
94350,303,275,374
94365,303,276,374
94446,302,275,375
94461,301,273,372
94476,300,272,372
94558,303,272,372
94573,302,264,372
94587,299,271,369
94668,297,270,372
94683,302,269,374
94698,300,273,375
94779,302,270,371
94794,302,270,370
94809,298,267,362
94891,301,269,371
94905,303,271,373
94921,303,272,374
95002,303,273,376
95018,305,273,377
95033,307,271,378
95114,306,272,379
95130,306,273,376
95145,306,275,378
95226,309,273,379
95242,308,274,377
95257,307,272,378
95338,309,279,378
95353,308,273,377
95369,306,272,379
95450,308,273,378
95465,309,275,375
95480,308,274,376
95560,310,275,377
95575,307,274,380
95590,308,274,376
95672,311,272,374
95687,309,275,375
95702,309,273,372
95783,311,274,374
95798,312,274,376
95812,308,274,373
95893,311,274,372
95908,310,274,374
95924,310,275,375
96005,313,275,378
96020,310,277,376
96036,311,275,375
96117,311,277,376
96132,313,276,374
96147,311,278,375
96228,312,275,377
96244,312,276,375
96259,312,276,374
96340,312,278,376
96355,313,276,374
96370,311,277,376
96451,314,278,376
96467,315,279,376
96482,316,273,375
96563,317,284,378
96578,317,282,377
96593,317,285,377
96674,312,289,377
96689,320,287,377
96704,317,289,378
96786,320,296,382
96801,318,291,379
96816,318,293,380
96897,320,293,382
96912,320,294,383
96927,319,293,380
97008,321,293,382
97023,321,295,384
97038,318,295,386
97120,320,299,388
97135,321,297,387
97150,322,299,387
97231,320,299,390
97246,322,299,389
97261,321,299,389
97342,323,301,391
97356,327,301,390
97371,322,300,390
97452,322,303,396
97467,321,301,391
97482,325,301,392
97563,322,303,391
97578,322,303,391
97593,320,301,392
97674,324,301,393
97689,325,303,392
97704,324,302,395
97785,333,304,396
97799,333,304,396
97815,333,304,397
97896,336,306,399
97911,335,305,397
97926,335,307,396
98009,333,306,399
98024,333,304,405
98039,335,305,398
98120,334,307,400
98135,332,305,399
98150,331,305,400
98231,334,306,400
98246,334,305,404
98261,334,306,401
98342,337,308,401
98357,337,310,407
98372,336,309,401
98453,350,308,404
98468,352,309,405
98482,354,306,403
98563,366,310,407
98578,369,310,406
98593,367,305,407
98674,373,309,408
98689,372,310,407
98703,374,310,406
98784,374,311,406
98799,376,309,406
98814,374,310,408
98895,375,310,406
98910,372,309,408
98925,372,309,406
99006,371,312,407
99021,370,311,407
99037,367,313,407
99118,364,312,411
99133,362,312,411
99148,364,310,408
99229,362,305,411
99244,363,311,409
99258,360,311,410
99339,365,312,410
99354,362,310,413
99369,359,311,404
99450,361,313,410
99465,362,316,409
99480,361,311,408
99561,363,311,405
99576,364,311,409
99591,364,310,408
99672,367,312,409
99687,367,313,411
99702,366,311,407
99783,372,311,411
99799,372,310,408
99815,370,311,407
99895,367,311,410
99910,368,310,409
99925,366,310,407
100006,365,313,411
100021,365,311,410
100036,364,309,409
100117,362,311,410
100132,361,312,407
100147,360,313,409
100228,361,311,410
100243,362,314,408
100257,365,313,416
100338,380,311,409
100354,381,312,410
100369,376,311,408
100450,377,312,405
100464,378,312,409
100479,373,309,408
100559,367,310,406
100574,368,309,406
100589,368,310,404
100670,365,310,407
100685,363,305,407
100700,358,309,403
100781,360,311,406
100796,360,309,406
100812,360,310,405
100892,358,308,406
100907,354,309,405
100923,354,307,408
101004,355,309,409
101019,353,309,406
101034,351,309,404
101115,351,308,406
101130,352,310,405
101145,352,308,403
101226,353,309,407
101241,350,309,407
101256,355,310,406
101337,353,309,406
101352,354,312,408
101367,350,310,404
101448,365,310,406
101463,368,306,408
101479,372,307,405
101559,370,309,407
101574,367,310,409
101589,365,309,411
103937,359,321,526
103953,361,320,525
103968,360,319,524
104049,359,320,524
104064,357,320,520
104079,354,317,520
104160,357,318,520
104174,355,318,521
104189,358,319,521
104271,359,319,522
104286,356,316,524
104300,352,315,517
104381,356,318,522
104396,355,318,519
104410,355,314,519
104492,357,319,522
104507,356,318,522
104522,355,311,520
104603,358,317,522
104618,355,317,521
104634,353,315,518
104715,357,322,522
104730,354,321,521
104745,352,317,515
104826,357,320,524
104841,355,314,522
104856,353,314,518
104937,358,317,522
104952,356,318,517
104967,354,315,522
105048,358,320,522
105063,355,316,522
105078,354,319,521
105159,356,319,525
105174,355,319,526
105189,355,319,524
105270,355,321,528
105285,355,324,526
105300,352,317,526
105381,355,318,534
105396,354,323,533
105411,353,321,531
105492,356,326,540
105506,355,326,539
105521,356,326,535
105602,355,332,549
105617,356,328,547
105632,354,327,546
105713,358,335,553
105728,355,334,549
105743,354,332,551
105824,359,335,554
105839,357,335,555
105854,356,334,552
105935,360,337,558
105950,361,339,557
105965,359,334,551
106046,362,339,562
106061,360,338,558
106076,359,339,559
106157,367,346,568
106172,366,345,569
106187,365,343,563
106268,370,354,580
106283,367,351,580
106298,364,351,578
106380,369,365,596
106395,367,366,596
106410,368,365,592
106491,372,373,606
106506,369,371,601
106521,368,372,603
106602,379,382,612
106618,381,381,613
106633,379,381,615
106714,388,395,625
106729,384,391,623
106744,385,394,622
106826,403,401,631
106842,406,400,630
106856,406,400,629
106937,429,411,645
106952,429,410,643
106967,430,411,644
107048,458,426,661
107064,460,424,658
107080,459,425,658
107161,474,437,670
107176,478,436,669
107191,477,436,668
107272,496,451,684
107288,491,447,681
107303,490,448,678
107384,501,459,685
107399,498,453,686
107414,498,452,680
107494,501,456,686
107510,495,447,683
107525,491,450,679
107605,495,455,686
107620,495,449,684
107634,494,451,682
107715,494,453,684
107731,493,451,681
107746,487,445,675
107827,495,451,688
107841,493,452,683
107856,492,449,679
107936,501,456,691
107952,498,457,686
107968,497,450,686
108049,510,461,696
108064,507,461,696
108079,507,458,690
108160,509,460,697
108175,510,463,694
108190,505,457,693
108270,516,465,699
108285,510,459,693
108300,511,456,689
108381,519,462,703
108396,516,458,695
108412,516,458,693
108493,520,462,704
108508,517,458,699
108524,515,458,698
108605,527,463,706
108620,523,460,702
108635,522,462,705
108716,535,469,713
108731,529,468,711
108746,532,465,706
108827,540,470,719
108842,539,467,716
108857,539,468,709
108938,548,478,721
108953,546,471,714
108968,544,472,717
109050,553,479,729
109065,552,475,725
109080,551,475,727
109161,563,482,737
109176,560,481,732
109192,557,478,730
109273,571,482,738
109288,569,485,736
109303,565,479,738
109384,579,491,747
109399,574,489,743
109414,575,487,737
109495,585,496,753
109510,579,495,748
109525,581,492,743
109606,586,503,761
109621,584,500,756
109637,584,494,745
109718,589,503,764
109732,585,500,758
109747,583,497,752
109828,592,510,774
109842,590,506,769
109857,585,503,764
109938,593,508,774
109953,589,505,769
109968,584,497,761
110050,596,510,771
110065,591,503,769
110080,585,501,767
110161,598,511,776
110176,595,512,775
110191,585,502,770
110273,595,512,774
110288,593,510,771
110303,588,504,770
110384,600,513,778
110399,591,509,768
110414,586,506,769
110495,597,511,780
110510,589,507,769
110525,590,504,765
110606,597,512,776
110621,584,502,767
110636,582,499,764
110718,596,514,785
110733,593,510,781
110747,593,512,780
110828,597,509,779
110843,602,518,788
110858,604,521,794
110939,604,521,793
110954,600,516,790
110968,598,517,790
111049,600,518,789
111065,599,518,788
111080,594,515,785
111161,598,514,785
111176,593,513,781
111191,586,510,780
111271,585,508,778
111286,581,506,773
111301,579,505,764
111382,576,503,768
111398,570,500,763
111413,567,496,756
111495,565,493,755
111510,563,491,751
111525,559,492,751
111606,550,482,741
111621,546,482,738
111637,539,480,735
111718,528,478,729
111733,526,473,728
111749,522,470,725
111830,515,473,722
111845,513,470,723
111860,507,465,717
111942,499,460,714
111958,490,461,711
111973,485,457,699
112054,477,457,708
112070,474,452,703
112086,472,452,700
112166,468,449,703
112182,466,451,697
112198,463,448,696
112279,458,447,696
112294,454,442,691
112309,453,444,688
112389,450,438,690
112404,448,437,686
112420,449,436,686
112501,449,436,690
112516,449,436,687
112531,448,435,680
112612,453,437,686
112627,453,434,681
112641,452,433,680
112722,455,431,683
112737,452,429,677
112752,446,425,675
112832,449,426,676
112847,451,422,670
112861,450,423,670
112942,449,421,670
112957,446,422,667
112972,445,419,665
113053,448,419,666
113068,447,417,663
113083,441,417,660
113164,442,418,657
113179,438,420,656
113194,437,414,646
113276,433,413,646
113291,431,411,644
113306,428,409,639
113388,431,412,633
113403,427,406,631
113419,429,406,625
113500,430,407,633
113515,426,404,626
113531,426,402,622
113612,428,406,628
113628,428,400,624
113643,427,400,620
113724,432,402,621
113739,427,399,618
113754,426,399,616
113835,424,397,620
113850,423,398,619
113865,423,396,614
113947,420,398,617
113962,419,395,610
113977,419,396,615
114058,417,395,609
114074,415,393,606
114089,417,393,604
114170,417,393,607
114186,414,393,611
114200,412,392,601
114281,415,394,604
114297,411,389,596
114313,411,393,597
114394,412,390,597
114409,409,389,594
114425,408,396,591
114507,409,388,595
114522,407,388,593
114537,404,384,592
114618,405,389,592
114633,403,387,591
114648,404,387,590
114730,405,390,590
114744,403,385,588
114759,399,385,591
114840,402,389,592
114855,399,385,590
114871,399,384,585
114952,401,387,590
114967,403,387,590
114982,398,384,585
115063,400,387,590
115079,400,384,587
115094,398,384,589
115175,399,384,590
115190,397,385,586
115206,400,382,582
115288,399,385,590
115303,398,383,587
115318,396,383,585
115399,399,386,587
115414,395,382,583
115429,394,381,583
115510,397,383,589
115525,397,381,584
115540,395,382,583
115621,398,384,585
115636,396,384,586
115651,394,382,582
115732,395,384,587
115748,393,381,583
115763,393,381,584
115844,396,384,585
115859,395,383,583
115874,391,382,582
115955,395,385,587
115970,393,383,586
115985,388,384,582
116066,395,385,587
116081,393,381,581
116097,389,372,581
116178,392,386,586
116193,392,383,585
116208,392,380,580
116289,394,382,586
116304,392,381,584
116319,391,378,582
116400,396,382,588
116417,391,383,585
116432,392,381,583
116513,393,384,586
116527,390,383,585
116542,389,383,582
116623,394,383,585
116638,389,381,582
116654,390,382,581
116735,395,383,587
116750,392,385,584
116765,391,380,581
116846,395,386,587
116862,392,383,585
116877,391,380,581
116958,392,383,589
116973,392,383,584
116988,389,382,587
117069,393,384,585
117084,390,383,582
117100,393,381,582
117182,393,386,586
117197,390,383,584
117212,388,380,582
117293,393,386,587
117309,392,384,581
117325,392,379,584
117406,394,386,586
117422,388,382,585
117437,389,379,584
118785,394,384,587
118800,393,388,588
118816,399,388,588
118897,392,386,587
118913,391,385,584
118928,390,384,586
119009,393,384,583
119024,390,383,584
119038,391,383,583
119119,392,384,586
119134,391,382,585
119148,390,384,586
119229,391,384,585
119244,392,384,585
119259,390,382,585
119341,391,378,584
119357,391,381,585
119372,393,385,584
119453,391,385,583
119468,393,381,582
119483,389,383,585
119564,390,384,584
119579,392,383,583
119594,390,385,580
119675,392,387,587
119691,391,383,585
119707,391,381,584
119788,392,385,584
119803,392,381,584
119818,393,384,582
119899,392,384,584
119913,393,385,585
119928,389,382,584
120008,390,382,582
120023,390,383,584
120038,391,382,582
120119,392,383,584
120135,391,383,586
120150,390,385,582
120231,391,385,582
120247,391,386,581
120262,389,379,579
120343,389,383,580
120358,390,382,583
120373,391,382,579
120454,390,385,581
120470,391,383,580
120485,390,384,579
120566,388,380,582
120581,388,382,580
120596,387,383,579
120677,389,381,579
120692,389,382,580
120707,386,380,576
120789,389,382,576
120804,389,382,574
120819,382,381,571
120900,388,382,576
120915,390,383,575
120930,389,381,573
121011,388,383,572
121025,388,382,574
121041,386,381,573
121121,386,380,572
121136,387,381,566
121151,385,378,570
121232,387,382,570
121247,388,381,572
121262,386,379,564
121343,385,381,568
121358,385,380,565
121373,385,379,565
121454,387,381,567
121468,385,380,561
121484,385,378,559
121564,388,381,559
121580,387,380,557
121595,381,377,553
121676,385,379,554
121692,384,380,555
121707,383,376,549
121788,384,380,548
121803,384,379,547
121818,383,376,547
121899,384,377,543
121914,383,374,544
121930,378,375,541
122011,383,372,533
122026,379,373,535
122041,381,374,532
122122,385,370,524
122136,382,370,521
122151,378,368,521
122232,383,367,515
122248,382,366,517
122262,380,364,511
122344,379,363,509
122359,379,360,507
122375,377,361,506
122456,377,362,501
122472,375,357,497
122486,373,352,495
122567,374,354,497
122582,375,356,492
122597,374,354,488
122679,372,353,489
122694,369,351,482
122709,367,342,474
122790,368,348,473
122805,367,347,472
122820,364,344,467
122901,365,346,461
122916,364,344,453
122932,362,343,448
123013,359,340,437
123028,363,338,433
123043,357,332,430
123124,359,331,419
123139,357,330,417
123155,355,326,412
123236,350,326,410
123251,349,323,406
123265,343,323,404
123346,340,322,400
123361,339,322,401
123376,334,319,398
123458,335,321,395
123473,327,319,394
123489,327,317,392
123570,324,311,389
123585,324,318,390
123600,321,313,384
123681,321,311,382
123696,323,309,383
123712,320,307,379
123793,322,304,380
123808,321,304,379
123823,319,301,376
123904,319,298,379
123919,320,300,376
123934,316,294,374
124015,317,300,379
124031,315,297,374
124046,314,286,372
124128,312,292,379
124143,313,289,374
124158,312,286,372
124239,313,286,376
124255,310,284,375
124270,309,281,372
124352,307,281,375
124367,308,280,376
124382,308,280,373
124463,309,279,377
124479,307,281,376
124494,308,277,373
124575,305,279,375
124590,307,280,377
124604,303,277,375
124685,306,276,374
124700,303,276,371
124715,301,275,372
124796,304,274,375
124811,306,275,375
124827,306,273,369
124908,305,280,377
124923,303,273,373
124937,299,272,372
125018,301,273,376
125034,305,273,376
125049,300,269,372
125130,301,271,372
125146,303,272,372
125160,301,269,371
125241,302,271,372
125256,302,270,371
125272,300,267,369
125353,301,271,370
125368,302,268,370
125383,297,266,370
125464,301,269,371
125479,300,270,370
125495,299,266,366
125576,304,271,373
125591,304,270,373
125606,303,271,375
125687,305,272,378
125702,307,273,375
125717,309,275,380
125798,309,273,378
125813,308,272,376
125829,309,276,378
125910,308,275,378
125925,307,273,376
125940,306,272,376
126020,311,273,377
126035,310,275,374
126049,308,274,379
126130,308,274,376
126145,309,275,377
126160,308,272,377
126241,303,275,378
126257,309,275,378
126272,308,274,378
126354,308,276,379
126370,309,265,378
126385,312,276,377
126466,310,274,375
126481,311,275,376
126496,309,275,377
126578,310,278,380
126593,309,275,379
126608,308,275,378
126689,310,270,378
126705,312,278,380
126720,309,275,378
126801,313,277,379
126816,312,277,377
126831,313,279,379
126912,312,273,377
126927,312,278,378
126942,311,278,378
127023,315,283,382
127038,315,279,380
127054,313,280,379
127135,317,280,382
127152,315,282,379
127167,318,282,380
127248,319,286,384
127264,318,288,384
127279,320,286,385
127361,320,289,386
127376,321,289,388
127391,319,289,387
127472,321,294,388
127488,319,297,389
127503,319,292,388
127584,325,296,389
127600,322,298,392
127616,320,298,393
127697,323,297,394
127712,323,297,393
127728,324,299,394
127809,324,300,397
127825,324,299,398
127840,323,300,397
127921,329,304,405
127937,326,302,403
127952,327,300,403
128033,329,303,418
128048,326,303,418
128063,330,301,420
128144,335,302,430
128159,333,306,431
128174,333,302,428
128255,332,304,440
128270,331,305,441
128285,334,305,444
128366,331,312,453
128381,333,310,457
128397,333,317,457
128478,337,312,464
128494,334,317,465
128509,336,310,467
128590,335,313,461
128605,334,313,461
128622,333,313,461
128702,336,314,475
128717,336,316,478
128732,335,317,481
128813,335,318,491
128828,337,317,488
128844,336,311,495
128925,337,323,497
128941,337,323,501
128956,337,322,502
129037,338,327,517
129052,335,328,517
129067,338,326,517
129149,340,331,524
129165,338,333,526
129180,337,328,525
129261,340,334,530
129276,337,334,536
129291,339,333,530
129372,339,334,533
129387,334,334,529
129402,339,341,531
129484,342,336,534
129499,339,335,537
129514,337,336,535
129595,338,334,532
129610,339,334,531
129625,338,334,537
129706,339,334,537
129721,339,334,537
129736,337,330,536
129817,339,336,534
129832,337,334,534
129847,337,333,535
129928,339,334,534
129943,339,335,532
129958,339,333,532
130038,337,333,533
130053,339,333,535
130068,338,334,532
130149,339,336,542
130165,340,334,534
130180,339,333,523
130261,339,333,534
130277,339,333,531
130292,337,331,530
130374,339,333,530
130390,340,334,533
130405,338,335,532
130486,339,335,533
130502,341,333,533
130517,338,332,530
130597,340,333,530
130612,337,332,531
130627,341,336,532
130708,340,335,532
130723,338,328,529
130738,341,332,530
130819,342,334,529
130834,344,333,529
130849,344,334,529
130930,344,333,527
130945,347,333,529
130961,347,331,524
131042,350,332,526
131057,347,330,525
131072,348,333,524
131153,355,333,525
131168,352,331,525
131183,353,333,523
131264,353,332,522
131279,355,334,522
131295,355,331,525
131375,362,332,521
131391,364,334,516
131405,366,333,523
131486,372,334,522
131501,370,330,516
131516,371,331,521
131597,375,330,522
131613,374,332,522
131628,374,331,522
131709,375,332,522
131725,375,333,521
131740,371,333,520
131821,374,331,519
131836,374,333,521
131852,372,331,520
131933,373,331,521
131948,374,332,518
131963,373,331,523
132044,375,332,521
132059,373,333,520
132074,373,331,520
132156,376,332,520
132171,375,330,518
132186,372,329,519
132267,374,332,520
132282,373,333,517
132298,374,331,518
134646,368,332,517
134661,369,331,519
134676,371,333,519
134757,367,330,514
134773,368,328,515
134788,367,326,513
134869,369,331,516
134884,366,329,512
134899,362,327,514
134980,369,330,513
134994,366,327,512
135009,364,327,510
135090,367,331,515
135106,365,327,514
135121,363,327,509
135202,366,329,511
135218,368,327,512
135234,367,326,512
135314,366,330,514
135329,367,328,510
135345,364,328,509
135426,365,329,514
135441,366,327,512
135456,364,326,510
135537,369,329,513
135552,366,329,511
135567,363,327,510
135648,364,330,514
135663,365,319,512
135678,364,327,508
135759,366,328,513
135774,365,329,514
135789,362,325,509
135870,366,330,513
135885,365,327,511
135900,365,328,510
135982,366,329,512
135997,367,328,510
136012,363,325,509
136093,367,331,513
136108,367,328,509
136123,363,328,508
136204,367,330,505
136220,364,327,510
136236,363,327,508
136317,367,332,516
136332,366,330,512
136347,364,324,508
136429,367,329,514
136443,365,327,509
136458,363,326,514
136538,367,329,513
136553,365,328,510
136568,363,325,508
136649,370,327,513
136664,365,327,510
136679,362,325,505
136760,368,332,515
136776,365,329,510
136791,361,325,511
136872,366,334,516
136887,365,326,508
136901,363,328,512
136982,365,327,513
136997,366,327,512
137012,364,326,510
137094,366,329,515
137110,365,327,510
137125,360,323,511
137206,365,330,515
137221,364,327,515
137237,362,326,512
137318,366,329,516
137333,364,326,513
137348,361,325,512
137430,368,330,521
137445,364,327,521
137460,363,329,519
137541,367,330,526
137556,364,331,526
137572,363,328,525
137653,367,334,536
137669,366,333,533
137684,365,332,534
137765,372,341,539
137781,374,337,539
137796,370,337,538
137877,383,347,550
137893,380,343,550
137908,378,342,546
137989,386,345,555
138004,385,345,558
138019,383,342,551
138100,394,355,563
138116,394,352,562
138131,393,349,562
138212,403,357,576
138227,403,357,573
138242,401,355,567
138322,414,362,575
138337,410,361,573
138352,407,356,573
138433,412,365,586
138448,411,363,585
138463,411,363,578
138544,414,373,596
138560,413,371,589
138575,408,370,588
138656,414,380,608
138671,415,378,604
138686,411,377,602
138767,421,388,617
138782,421,385,615
138798,420,384,617
138879,436,384,618
138894,438,391,613
138909,434,382,615
138990,450,397,626
139005,449,394,624
139021,454,396,621
139102,471,403,638
139117,477,409,636
139132,471,400,632
139213,495,420,653
139228,495,419,649
139243,495,418,645
139324,510,431,654
139339,502,426,659
139354,503,424,654
139436,517,436,671
139451,515,433,667
139466,513,435,666
139547,531,443,679
139563,529,441,672
139578,530,444,674
139659,545,456,689
139674,544,449,686
139689,540,453,680
139770,554,459,699
139785,550,461,695
139800,549,460,690
139881,566,469,703
139896,560,465,699
139912,555,462,701
139993,568,473,715
140007,570,471,708
140022,567,471,711
140103,576,480,728
140118,572,479,722
140133,569,475,722
140215,578,488,732
140229,576,484,723
140244,577,480,723
140325,587,492,740
140340,585,488,736
140356,579,488,738
140437,591,495,747
140452,588,494,741
140468,584,489,741
140548,597,498,753
140563,593,497,749
140579,593,494,748
140660,595,502,755
140675,595,495,750
140690,590,492,745
140771,597,500,760
140786,594,494,750
140801,591,490,745
140883,599,499,759
140898,598,498,759
140913,592,493,752
140994,601,504,767
141010,601,497,753
141025,592,494,754
141106,603,502,773
141121,604,500,765
141137,594,492,757
141218,607,501,768
141233,597,498,764
141247,596,494,765
141328,597,496,766
141343,588,489,760
141358,589,493,762
141439,595,500,769
141455,599,502,773
141470,602,497,774
141551,607,506,777
141566,610,507,781
141581,610,513,786
141662,612,510,784
141678,610,506,781
141693,607,508,778
141774,603,503,778
141789,600,502,773
141804,597,503,775
141886,592,501,767
141901,584,492,765
141917,584,491,760
141998,578,491,760
142013,577,487,753
142028,569,483,749
142109,569,483,747
142125,567,481,743
142141,565,480,735
142222,565,480,736
142237,563,474,735
142252,555,475,732
142333,550,471,726
142348,544,465,722
142362,542,465,720
142443,543,467,721
142458,537,465,718
142474,535,463,715
142556,535,463,718
142571,529,463,715
142586,526,463,714
142667,523,464,713
142682,522,457,711
142696,518,457,710
142777,517,460,713
142792,511,458,710
142807,512,456,710
142887,509,456,710
142902,507,453,705
142918,506,452,703
142998,506,455,703
143013,504,451,702
143028,502,452,701
143109,505,451,702
143124,499,449,699
143139,502,451,697
143220,498,448,695
143235,495,448,697
143251,495,444,690
143332,494,444,694
143347,492,443,688
143362,486,438,685
143443,487,440,687
143459,484,436,678
143474,486,431,674
143555,483,428,676
143571,480,429,667
143587,477,426,668
143668,479,424,666
143682,479,417,663
143697,476,409,655
143777,469,419,658
143792,464,415,654
143807,460,414,653
143889,442,410,653
143904,438,413,650
143919,432,412,644
144000,426,409,646
144016,423,408,643
144031,420,405,639
144113,418,407,639
144129,415,405,636
144144,415,405,633
144225,413,406,631
144240,408,403,629
144255,410,404,628
144336,407,402,629
144351,407,403,622
144367,405,401,623
144448,404,406,628
144463,405,403,623
144478,401,402,623
144560,401,402,622
144575,398,398,617
144590,399,399,616
144671,400,401,618
144686,398,398,615
144701,395,397,612
144782,395,398,612
144798,393,395,610
144814,394,395,610
144895,391,394,611
144910,388,394,604
144925,387,394,603
145006,390,396,605
145021,385,392,601
145036,383,390,602
145117,393,387,602
145132,384,386,597
145148,384,387,598
145230,386,383,598
145246,384,381,591
145262,385,382,592
145343,383,381,594
145358,384,381,589
145373,383,381,584
145454,385,381,587
145469,381,373,584
145484,383,378,581
145565,387,382,580
145580,384,374,577
145596,382,371,574
145677,386,373,575
145691,383,374,574
145706,382,371,569
145786,385,375,575
145802,385,371,570
145817,383,372,569
145898,384,370,572
145913,382,369,568
145928,380,369,568
146009,385,370,563
146024,382,368,561
146040,381,364,555
146121,383,366,558
146137,383,363,554
146152,381,361,553
146234,384,365,557
146249,381,361,555
146264,382,360,544
146345,383,365,546
146360,381,359,552
146376,382,360,548
146457,382,361,550
146471,382,360,550
146486,381,360,547
146567,385,360,547
146582,383,360,548
146597,381,357,543
146678,384,364,547
146693,381,357,543
146708,381,358,544
146789,384,364,546
146804,381,358,544
146819,381,357,542
146900,382,359,550
146915,382,359,543
146930,379,356,542
147011,382,360,546
147026,382,355,543
147041,381,356,539
147122,383,358,543
147137,382,356,540
147152,381,358,540
147233,384,357,544
147248,383,359,543
147263,381,358,541
147344,383,359,545
147360,380,358,540
147375,379,355,541
147456,383,359,541
147471,382,357,544
147486,382,357,540
147567,382,357,546
147582,381,355,542
147598,379,357,542
147679,384,356,542
147693,380,356,543
147708,380,355,539
147789,384,358,545
147804,380,356,541
147820,380,355,539
147901,380,356,544
147916,377,356,542
147930,379,352,539
148012,383,359,544
148027,379,356,543
148042,377,356,541
148124,382,358,543
148138,381,360,541
148153,379,356,546
149501,383,360,549
149517,383,359,550
149532,387,361,550
149613,381,361,548
149628,381,363,545
149643,379,356,544
149724,383,360,547
149739,381,357,545
149754,381,359,543
149835,381,359,546
149851,381,360,548
149865,382,358,547
149946,381,358,547
149962,381,359,547
149977,379,361,549
150058,383,358,546
150072,379,361,545
150088,378,361,546
150169,385,358,548
150184,381,358,544
150200,379,358,546
150281,381,358,546
150296,382,359,546
150311,380,357,546
150392,382,360,546
150407,379,359,542
150422,381,359,545
150503,380,360,547
150517,381,359,546
150532,381,357,547
150613,386,362,549
150628,378,360,551
150643,379,359,545
150724,377,360,544
150739,380,360,547
150754,380,359,543
150835,381,360,548
150850,379,361,547
150865,378,359,543
150946,381,360,547
150961,378,357,544
150976,379,359,546
151058,380,358,543
151073,380,359,545
151089,377,360,543
151170,380,359,545
151185,380,358,545
151200,378,356,542
151281,381,356,540
151296,378,359,542
151311,378,360,543
151392,380,360,543
151407,379,359,540
151423,377,357,539
151504,378,359,543
151519,379,358,542
151534,377,356,543
151615,380,358,541
151630,379,357,536
151645,379,359,536
151726,381,359,538
151741,377,357,539
151756,376,356,533
151838,378,359,537
151853,377,360,537
151867,378,356,534
151948,378,356,536
151964,379,356,534
151979,377,357,533
152060,377,359,534
152075,378,358,532
152090,376,356,528
152171,378,358,531
152186,377,358,527
152201,381,356,524
152281,378,358,522
152297,374,358,521
152312,375,356,516
152393,377,356,517
152409,376,354,514
152424,374,356,512
152506,377,358,508
152520,376,357,509
152536,375,357,508
152617,376,355,505
152632,375,355,500
152647,372,353,501
152729,374,353,493
152744,375,355,494
152760,372,350,485
152841,372,352,488
152856,372,352,483
152871,372,351,478
152953,371,353,475
152968,369,350,476
152984,366,350,472
153065,365,353,473
153080,361,349,471
153096,358,347,467
153177,357,350,463
153192,354,347,463
153206,352,345,458
153287,349,348,457
153302,349,347,457
153318,345,349,449
153399,343,350,453
153414,335,346,449
153429,339,344,448
153510,338,348,443
153526,336,346,442
153541,330,344,437
153622,331,343,437
153637,331,345,435
153652,330,338,432
153733,323,344,434
153748,326,343,431
153763,323,344,427
153845,325,345,427
153860,327,343,421
153875,321,341,423
153956,320,342,418
153972,320,340,417
153987,316,333,411
154068,317,334,408
154084,317,336,409
154100,317,330,405
154181,319,328,399
154196,316,325,398
154211,317,324,397
154292,316,317,393
154307,317,316,390
154322,316,316,388
154403,318,311,385
154418,317,308,387
154434,314,308,383
154515,315,305,382
154530,313,297,380
154546,312,299,377
154627,316,299,379
154643,312,301,378
154658,313,295,376
154739,313,295,378
154755,314,300,377
154770,309,290,375
154851,309,289,375
154867,311,287,378
154883,308,286,374
154964,311,287,375
154979,309,285,373
154994,309,282,370
155074,310,280,374
155089,308,279,378
155104,309,280,372
155185,309,280,376
155201,309,282,377
155217,306,280,376
155298,309,276,375
155313,306,276,375
155328,305,275,372
155410,304,276,374
155425,304,275,371
155440,306,274,371
155521,306,276,372
155536,306,275,373
155551,302,275,373
155632,304,274,375
155647,303,273,375
155662,305,273,371
155743,306,275,374
155758,303,272,374
155773,304,270,372
155854,306,271,371
155870,303,269,373
155885,301,270,370
155966,303,271,374
155980,302,271,371
155995,301,269,371
156076,305,271,374
156092,301,268,370
156107,301,268,369
156188,302,268,371
156203,301,270,370
156219,298,266,369
156300,303,271,376
156315,304,269,373
156330,302,271,374
156411,306,270,374
156426,306,270,374
156441,308,275,379
156522,309,275,379
156538,310,273,378
156553,307,274,380
156634,308,276,378
156649,307,271,377
156664,308,275,378
156746,309,275,378
156761,308,274,375
156776,306,273,376
156857,308,269,377
156872,307,273,374
156887,309,273,377
156968,307,273,377
156983,308,274,377
156997,310,272,378
157078,310,273,378
157093,308,274,378
157108,308,271,376
157189,309,274,377
157204,309,271,377
157219,310,274,377
157300,309,275,376
157314,308,275,377
157329,309,276,376
157410,311,277,379
157426,313,276,378
157441,309,276,379
157522,310,279,380
157538,309,279,379
157553,310,279,379
157634,309,277,379
157649,310,279,380
157665,309,279,379
157746,310,281,379
157762,309,281,379
157777,311,281,381
157859,312,285,380
157874,311,285,382
157889,310,285,382
157970,311,287,383
157986,312,285,385
158002,313,287,384
158083,313,293,386
158098,312,290,389
158114,310,289,388
158196,312,292,391
158212,314,294,389
158227,312,294,389
158308,314,297,391
158324,312,297,393
158339,313,297,394
158420,313,296,395
158435,315,299,395
158451,311,297,395
158533,314,299,400
158548,314,299,402
158564,316,298,402
158645,317,301,410
158661,317,305,412
158676,317,301,410
158756,318,300,414
158771,319,304,418
158786,317,302,420
158867,320,303,426
158883,319,303,428
158898,321,302,431
158980,319,306,437
158996,312,303,440
159012,320,304,439
159093,322,305,447
159108,323,308,453
159124,323,308,453
159205,325,308,463
159220,324,310,467
159235,324,307,463
159316,321,309,469
159331,325,310,469
159347,326,311,470
159428,328,312,474
159443,326,312,478
159458,325,311,477
159539,327,313,482
159554,328,313,481
159569,328,313,484
159650,331,316,488
159665,334,314,485
159680,329,314,486
159761,326,317,486
159777,331,317,485
159792,329,314,486
159873,330,317,492
159888,332,318,492
159903,333,318,494
159984,334,318,496
159999,331,319,497
160014,334,314,497
160094,335,320,501
160109,336,320,501
160124,335,318,502
160206,337,322,504
160221,338,320,504
160236,335,319,504
160317,339,323,512
160332,339,321,512
160346,339,323,510
160427,339,325,514
160442,339,323,513
160457,339,319,514
160539,338,325,515
160554,340,323,513
160569,340,325,514
160650,340,322,515
160665,338,324,513
160680,338,321,514
160761,340,323,518
160777,338,323,517
160792,340,324,516
160873,339,324,524
160888,339,324,522
160903,340,323,521
160984,341,325,530
160999,339,323,529
161014,339,326,530
161095,345,325,531
161110,350,324,528
161126,355,326,528
161207,358,324,525
161222,356,327,525
161237,355,322,521
161318,355,328,526
161333,357,323,526
161348,350,323,522
161429,353,325,525
161443,353,325,521
161459,351,324,522
161540,352,328,526
161555,351,324,526
161570,351,328,527
161651,352,327,530
161666,352,329,529
161681,356,326,532
161761,353,326,534
161776,352,327,533
161791,347,328,535
161873,350,327,537
161888,353,329,537
161903,352,328,536
161985,355,332,536
162000,350,333,537
162015,349,329,538
162096,347,331,539
162112,351,330,541
162127,351,332,541
162208,350,332,543
162224,351,333,542
162239,351,332,542
162320,352,328,542
162335,349,334,544
162351,350,331,542
162433,351,332,546
162448,352,332,544
162463,348,332,543
162544,351,333,544
162560,349,333,542
162576,350,333,542
162657,352,332,541
162672,349,331,543
162687,351,330,543
162768,353,335,544
162782,351,334,544
162797,350,332,542
162878,351,333,542
162894,352,335,539
162909,352,330,541
162990,353,334,543
163006,352,333,547
163021,351,332,548
