Time(ms),MotorID,Phase,Direction,Position,Angle(deg),SensorA0,SensorA1,SensorA2,∠ABC_smooth,∠BCD_smooth,θ_total,angle_smooth,dmotor,L_cm,cycle,L_rel_cm
27390,6,Extend,>>,960,90.11,382,298,584,36.48888440948524,26.35825418522079,62.847138594706024,91.93,-0.9099999999999966,1.6044811813583872,0,0.0
27500,6,Extend,>>,912,85.98,382,299,584,36.42033961205775,26.18979656445264,62.610136176510395,90.4425,-1.4875000000000114,1.5785194087349714,0,-0.025961772623415813
27610,6,Extend,>>,864,81.76,383,298,584,36.738135510946805,25.73849258603816,62.47662809698497,88.706,-1.7364999999999924,1.54821176627409,0,-0.05626941508429728
27720,6,Extend,>>,816,77.63,381,298,583,36.69973477201448,25.50937163297334,62.20910640498782,85.66400000000002,-3.0419999999999874,1.4951188504284227,0,-0.1093623309299645
27829,6,Extend,>>,768,73.41,384,298,581,36.3120845950903,25.706295086817747,62.018379681908044,81.77799999999999,-3.886000000000024,1.4272953556959227,0,-0.17718582566246455
27939,6,Extend,>>,720,69.27,382,298,582,36.23387395349012,25.836040238043896,62.06991419153401,77.60999999999999,-4.168000000000006,1.3545500324727988,0,-0.24993114888558843
28049,6,Extend,>>,672,65.23,381,298,580,36.31985954199119,25.64849677585032,61.96835631784151,73.46,-4.1499999999999915,1.2821188685150344,0,-0.3223623128433528
28159,6,Extend,>>,624,61.1,382,298,580,36.30355674707577,25.55157322413462,61.85512997121039,69.328,-4.131999999999991,1.2100018638226289,0,-0.3944793175357584
28269,6,Extend,>>,576,56.97,383,298,576,36.27671759746026,25.536544718268026,61.81326231572829,65.196,-4.132000000000005,1.137884859130223,0,-0.46659632222816416
28380,6,Extend,>>,528,53.1,383,298,576,35.88568775287071,25.749493453734445,61.635181206605154,61.134,-4.061999999999998,1.0669895849142135,0,-0.5374915964441738
28490,6,Extend,>>,480,48.97,382,298,570,35.89888718626518,25.538448308761254,61.43733549502643,57.074,-4.060000000000002,0.9961292172832437,0,-0.6083519640751436
28599,6,Extend,>>,432,45.01,382,298,570,36.001535003807895,25.53707065672473,61.538605660532625,53.029999999999994,-4.044000000000004,0.9255481023325929,0,-0.6789330790257944
28709,6,Extend,>>,384,41.05,381,297,568,36.17601501322572,25.606182694367348,61.78219770759307,49.019999999999996,-4.009999999999998,0.8555603993276203,0,-0.748920782030767
28819,6,Extend,>>,336,37.1,381,297,562,36.40250353665392,25.552619460716915,61.955122997370836,45.046,-3.9739999999999966,0.7862010148533657,0,-0.8182801665050216
28929,6,Extend,>>,288,33.14,381,299,559,36.150125450510046,25.691140046822674,61.84126549733272,41.053999999999995,-3.9920000000000044,0.7165274711137519,0,-0.8879537102446353
29038,6,Extend,>>,240,29.1,381,298,551,36.2209066024296,25.487778496890314,61.708685099319915,37.08,-3.9739999999999966,0.6471680866394973,0,-0.9573130947188899
29148,6,Extend,>>,192,25.05,381,298,539,36.25177622165852,25.52122384102399,61.773000062682506,33.088,-3.9919999999999973,0.5774945428998838,0,-1.0269866384585034
29257,6,Extend,>>,144,21.1,381,296,531,36.339383470370976,25.477541417721483,61.81692488809246,29.098000000000003,-3.9899999999999984,0.50785590574531,0,-1.0966252756130772
29367,6,Extend,>>,96,16.97,379,297,514,36.32004907215529,25.29467363174903,61.61472270390432,25.072,-4.026000000000003,0.4375889500600183,0,-1.166892231298369
29478,6,Extend,>>,48,12.92,379,296,495,36.510317885971645,25.211081277535072,61.72139916350672,21.028,-4.0440000000000005,0.3670078351093676,0,-1.2374733462490197
29588,6,Extend,>>,0,8.62,380,296,479,36.6286717745288,25.04447489803236,61.67314667256116,16.932,-4.096,0.29551914894767983,0,-1.3089620324107074
29697,6,Extend,>>,-48,4.48,379,298,471,36.261089184319054,25.271929000141355,61.53301818446041,12.818000000000001,-4.113999999999997,0.22371630352063318,0,-1.3807648778377541
29807,6,Extend,>>,-96,0.53,378,296,461,36.18935543596613,25.31681866872483,61.506174104690956,8.704,-4.114000000000001,0.15191345809358645,0,-1.4525677232648009
29917,6,Extend,>>,-144,-3.6,379,296,451,36.26510657830278,25.032098703650988,61.297205281953765,4.59,-4.114000000000001,0.08011061266653972,0,-1.5243705686918476
30027,6,Extend,>>,-192,-7.47,378,294,439,36.1587062547149,25.2200440599023,61.3787503146172,0.5119999999999999,-4.078,0.008936085770210966,0,-1.5955450955881763
30136,6,Extend,>>,-240,-11.78,380,297,427,36.109301825192176,25.22551357170172,61.334815396893895,-3.568,-4.08,-0.06227334771115768,0,-1.666754529069545
30246,6,Extend,>>,-288,-15.91,379,297,410,36.16201453452589,25.081198445069504,61.24321297959539,-7.645999999999999,-4.077999999999999,-0.13344787460748642,0,-1.7379290559658735
30355,6,Extend,>>,-336,-20.13,377,295,399,36.29362636144013,25.064288375842946,61.35791473728308,-11.778,-4.1320000000000014,-0.20556487929989214,0,-1.8100460606582793
30465,6,Extend,>>,-384,-24.26,380,296,392,36.440030776140304,24.944256014522985,61.38428679066329,-15.91,-4.132,-0.2776818839922978,0,-1.8821630653506851
30575,6,Extend,>>,-432,-28.31,376,295,383,36.34362507889477,24.98199570464037,61.325620783535136,-20.078,-4.167999999999999,-0.3504272072154215,0,-1.9549083885738088
30685,6,Extend,>>,-480,-32.44,378,296,382,35.98048760169424,25.083559739852557,61.0640473415468,-24.21,-4.1320000000000014,-0.4225442119078272,0,-2.0270253932662143
30795,6,Extend,>>,-528,-36.4,377,295,377,36.03504143246453,25.116221673811893,61.151263106276424,-28.308,-4.097999999999999,-0.4940678046545548,0,-2.098548986012942
30905,6,Extend,>>,-576,-40.35,377,295,377,35.746056710973434,25.50311481106514,61.24917152203857,-32.352,-4.043999999999997,-0.5646489196052055,0,-2.1691301009635926
31015,6,Extend,>>,-624,-44.22,376,293,375,35.72534359030048,25.44711662035526,61.17246021065574,-36.343999999999994,-3.9919999999999973,-0.634322463344819,0,-2.2388036447032063
31125,6,Extend,>>,-672,-48.53,380,297,372,36.37300828284525,24.948008737464964,61.32101702031021,-40.388,-4.044000000000004,-0.7049035782954698,0,-2.309384759653857
31235,6,Extend,>>,-720,-52.84,378,295,366,36.33144766967476,25.0089850245742,61.34043269424896,-44.467999999999996,-4.079999999999998,-0.7761130117768384,0,-2.3805941931352255
31345,6,Extend,>>,-768,-56.79,382,295,363,35.839544175880285,25.301910505437316,61.1414546813176,-48.54600000000001,-4.07800000000001,-0.8472875386731673,0,-2.4517687200315548
31455,6,Extend,>>,-816,-60.75,378,292,364,35.79094947700221,25.120324534878897,60.911274011881105,-52.626,-4.079999999999991,-0.9184969721545359,0,-2.522978153512923
31565,6,Extend,>>,-864,-64.79,378,291,362,35.64551589986238,25.219264665408215,60.86478056527059,-56.74000000000001,-4.114000000000011,-0.9902998175815827,0,-2.59478099893997
31675,6,Extend,>>,-912,-68.92,378,290,360,35.65315841625629,25.39894987087816,61.052108287134445,-60.818,-4.077999999999989,-1.0614743444779113,0,-2.6659555258362984
31785,6,Extend,>>,-960,-72.97,378,290,363,35.977205106658424,25.16056745399048,61.137772560648905,-64.84400000000001,-4.0260000000000105,-1.1317413001632033,0,-2.7362224815215903
31895,6,Extend,>>,-1008,-77.36,381,287,359,35.87685497609357,25.315445048636047,61.19230002472962,-68.958,-4.11399999999999,-1.2035441455902498,0,-2.808025326948637
32005,6,Extend,>>,-1056,-81.41,377,286,359,35.94533963792676,25.197508592743805,61.142848230670566,-73.09,-4.132000000000005,-1.2756611502826556,0,-2.880142331641043
32115,6,Extend,>>,-1104,-85.36,381,284,360,36.06077676998375,25.094428826971807,61.155205596955554,-77.204,-4.11399999999999,-1.347463995709702,0,-2.9519451770680893
32225,6,Extend,>>,-1152,-89.32,379,281,360,36.10199353324224,24.886526905070536,60.988520438312776,-81.284,-4.0800000000000125,-1.418673429191071,0,-3.023154610549458
32335,6,Extend,>>,-1200,-93.19,379,278,360,36.23150266127583,24.45480867044721,60.68631133172305,-85.328,-4.043999999999997,-1.4892545441417215,0,-3.0937357255001086
32445,6,Extend,>>,-1248,-97.23,375,276,359,36.0800686283914,24.21255114609561,60.29261977448701,-89.30199999999999,-3.9739999999999895,-1.5586139286159761,0,-3.163095109974363
32555,6,Extend,>>,-1296,-101.19,374,274,358,35.787668783683884,24.08048573985638,59.86815452354026,-93.258,-3.956000000000003,-1.6276591538248717,0,-3.232140335183259
32665,6,Extend,>>,-1344,-105.49,377,275,356,35.832682604563374,23.7112602285747,59.543942833138075,-97.28399999999999,-4.025999999999996,-1.6979261095101634,0,-3.3024072908685507
32775,6,Extend,>>,-1392,-109.54,372,272,356,36.289195259763424,22.961824334054977,59.2510195938184,-101.328,-4.044000000000011,-1.7685072244608142,0,-3.3729884058192017
32886,6,Extend,>>,-1440,-113.85,371,272,356,35.856050466110176,21.861254417298213,57.71730488340839,-105.46,-4.131999999999991,-1.8406242291532198,0,-3.445105410511607
32997,6,Extend,>>,-1488,-117.71,368,270,356,34.732572668901085,21.406796177973444,56.13936884687453,-109.556,-4.096000000000004,-1.9121129153149077,0,-3.5165940966732947
33107,6,Extend,>>,-1536,-121.67,367,270,357,33.73194411350239,20.550935655101885,54.282879768604275,-113.652,-4.096000000000004,-1.9836016014765954,0,-3.5880827828349826
33217,6,Extend,>>,-1584,-125.63,371,270,358,32.28736173073297,18.62491673966487,50.91227847039784,-117.67999999999999,-4.027999999999992,-2.0539034637469267,0,-3.658384645105314
33327,6,Extend,>>,-1632,-129.23,368,269,356,30.45829844481696,17.067436800595253,47.525735245412214,-121.61799999999998,-3.937999999999988,-2.122634529690463,0,-3.7271157110488504
33437,6,Extend,>>,-1680,-133.45,367,268,360,28.191098762244174,15.569664149698124,43.760762911942294,-125.53799999999998,-3.9200000000000017,-2.191051436368641,0,-3.7955326177270283
33547,6,Extend,>>,-1728,-137.23,365,270,360,25.68874293825049,13.698031698936546,39.38677463718703,-129.44199999999998,-3.9039999999999964,-2.2591890903664997,0,-3.863670271724887
33657,6,Extend,>>,-1776,-141.27,364,269,360,24.52107894716537,12.138664591053464,36.659743538218834,-133.362,-3.920000000000016,-2.3276059970446776,0,-3.932087178403065
33769,6,Extend,>>,-1824,-145.14,360,267,357,23.38119942920116,10.496110440572766,33.877309869773924,-137.26399999999998,-3.901999999999987,-2.395708744457496,0,-4.000189925815883
33879,6,Extend,<<,-1824,-148.75,368,271,364,22.099832457718463,9.002611230268663,31.102443687987126,-141.16799999999998,-3.9039999999999964,-2.4638463984553547,0,-4.068327579813742
33989,6,Extend,<<,-1776,-149.89,370,273,371,20.72706598002156,7.847628536404184,28.574694516425744,-144.456,-3.288000000000011,-2.5212328242609283,0,-4.125714005619315
34098,6,Extend,<<,-1728,-149.89,373,276,372,18.697599734224266,5.838312679020937,24.535912413245203,-146.988,-2.5320000000000107,-2.565424560921425,0,-4.169905742279813
34210,6,Extend,<<,-1680,-149.8,377,276,372,16.006550825094223,3.1506191906511134,19.157170015745336,-148.69400000000002,-1.7060000000000173,-2.595199877960449,0,-4.199681059318836
34320,6,Extend,<<,-1632,-147.16,378,275,371,14.041038230056472,1.5006757252893042,15.541713955345775,-149.09799999999998,-0.40399999999996794,-2.6022510081385053,0,-4.2067321894968925
57950,6,Extend,>>,861,81.49,372,299,574,35.603930474378785,24.826524620352245,60.43045509473103,88.47399999999999,-1.1260000000000048,1.544162602409463,1,0.0
58059,6,Extend,>>,813,77.27,373,298,571,35.4549393480161,24.89064343528969,60.34558278330579,85.396,-3.0779999999999887,1.4904413680330777,1,-0.05372123437638532
58170,6,Extend,>>,765,73.05,372,298,572,35.45259325686786,24.7825858509497,60.23517910781756,81.49199999999999,-3.9040000000000106,1.4223037140352188,1,-0.12185888837424419
58279,6,Extend,>>,717,68.92,372,299,573,35.296833332752854,24.55599419796058,59.852827530713434,77.306,-4.185999999999993,1.3492442315467363,1,-0.19491837086272668
58389,6,Extend,>>,669,64.88,373,299,570,35.42720762904744,24.636817624616747,60.064025253664184,73.122,-4.1839999999999975,1.2762196556432936,1,-0.26794294676616937
58498,6,Extend,>>,621,60.75,371,297,570,35.53103452977585,24.53939764232736,60.07043217210321,68.974,-4.147999999999996,1.2038233982705688,1,-0.3403392041388942
58608,6,Extend,>>,573,56.7,371,298,571,35.58130899763,24.362285145083256,59.94359414271326,64.86,-4.114000000000004,1.132020552843522,1,-0.4121420495659409
58718,6,Extend,>>,525,52.75,370,298,568,35.619479205320324,24.515570800616253,60.13505000593658,60.8,-4.060000000000002,1.0611601852125523,1,-0.4830024171969107
58827,6,Extend,>>,477,48.62,373,298,564,35.56650235317768,24.492682952771037,60.059185305948716,56.739999999999995,-4.060000000000002,0.9902998175815825,1,-0.5538627848278805
58938,6,Extend,>>,429,44.66,372,298,561,35.32679396183657,24.593158467373605,59.91995242921018,52.696000000000005,-4.04399999999999,0.919718702630932,1,-0.624443899778531
59048,6,Extend,>>,381,40.7,372,299,559,35.31868905650818,24.420950169159955,59.73963922566813,48.686,-4.010000000000005,0.8497309996259593,1,-0.6944316027835037
59157,6,Extend,>>,333,36.75,369,297,556,35.2442183249056,24.325347346005863,59.569565670911466,44.696000000000005,-3.989999999999995,0.7800923624713856,1,-0.7640702399380774
59267,6,Extend,>>,285,32.79,371,299,553,35.533825699708544,24.223298559934697,59.75712425964324,40.704,-3.9920000000000044,0.7104188187317719,1,-0.8337437836776911
59376,6,Extend,>>,237,28.84,371,297,552,35.65492991156948,24.10830234112404,59.76323225269353,36.748000000000005,-3.955999999999996,0.6413735935228763,1,-0.9027890088865868
59486,6,Extend,>>,189,24.79,371,297,549,35.453292363179656,24.27043060858872,59.723722971768375,32.774,-3.9740000000000038,0.5720142090486215,1,-0.9721483933608415
59595,6,Extend,>>,141,20.92,368,295,538,35.767138520957914,23.923424691260685,59.6905632122186,28.818,-3.9559999999999995,0.5029689838397259,1,-1.041193618569737
59705,6,Extend,>>,93,16.79,370,297,530,35.55857014604163,23.944804659704413,59.50337480574605,24.826,-3.992000000000001,0.4332954401001123,1,-1.1108671623093507
59815,6,Extend,>>,45,12.84,369,296,516,35.441619344220086,24.041502514143737,59.48312185836382,20.836000000000002,-3.9899999999999984,0.36365680294553854,1,-1.1805057994639245
59924,6,Extend,>>,-3,8.62,366,296,500,35.547028645006066,23.94978574171845,59.496814386724516,16.791999999999998,-4.044000000000004,0.29307568799488776,1,-1.2510869144145753
60034,6,Extend,>>,-51,4.31,368,296,480,35.58601686309857,23.9113365562178,59.49735341931637,12.696000000000002,-4.0959999999999965,0.2215870018332001,1,-1.322575600576263
60144,6,Extend,>>,-99,0.26,368,295,464,35.279078751957094,24.06780189500848,59.34688064696557,8.564,-4.1320000000000014,0.1494699971407944,1,-1.3946926052686686
60253,6,Extend,>>,-147,-3.87,366,295,458,35.04517564606354,24.365513799288845,59.41068944535239,4.4319999999999995,-4.132000000000001,0.07735299244838868,1,-1.4668096099610743
60363,6,Extend,>>,-195,-7.74,368,296,445,35.01277474086808,24.471951972227703,59.48472671309578,0.31599999999999967,-4.116,0.0055152404363020754,1,-1.5386473619731609
60473,6,Extend,>>,-243,-12.04,369,295,440,35.06587811447925,24.434388311144865,59.50026642562411,-3.816,-4.132,-0.06660176425610362,1,-1.6107643666655667
60583,6,Extend,>>,-291,-16.18,369,296,429,35.080962964377434,24.412408100080214,59.49337106445765,-7.913999999999999,-4.097999999999999,-0.1381253570028312,1,-1.6822879594122941
60694,6,Extend,>>,-339,-20.31,367,295,416,35.057224807010044,24.425016111525352,59.482240918535396,-12.027999999999999,-4.114,-0.20992820242987795,1,-1.7540908048393409
60804,6,Extend,>>,-387,-24.53,368,295,402,35.11738597431913,24.40096864055932,59.51835461487845,-16.16,-4.1320000000000014,-0.28204520712228365,1,-1.8262078095317467
60914,6,Extend,>>,-435,-28.66,369,297,396,35.27991559428928,24.334924339885816,59.614839934175095,-20.344,-4.184000000000001,-0.35506978302572645,1,-1.8992323854351896
61024,6,Extend,>>,-483,-32.88,370,296,391,35.47386534582502,24.12999619325639,59.60386153908141,-24.512,-4.167999999999999,-0.42781510624885005,1,-1.971977708658313
61135,6,Extend,>>,-531,-36.92,369,295,386,35.28271112575712,24.2103455124076,59.49305663816472,-28.660000000000004,-4.148000000000003,-0.5002113636215749,1,-2.044373966031038
61245,6,Extend,>>,-579,-40.88,368,296,381,35.289329573334584,24.24697059706949,59.536300170404076,-32.774,-4.113999999999997,-0.5720142090486215,1,-2.1161768114580846
61355,6,Extend,>>,-627,-44.75,369,293,375,35.25839639557894,24.233531866122163,59.491928261701105,-36.818,-4.043999999999997,-0.6425953239992722,1,-2.186757926408735
61464,6,Extend,>>,-675,-48.97,368,295,379,35.21278235723175,24.21234468899359,59.42512704622534,-40.88,-4.062000000000005,-0.7134905982152819,1,-2.2576532006247447
61574,6,Extend,>>,-723,-53.01,368,294,373,35.354608797441685,24.10450504238496,59.45911383982664,-44.90599999999999,-4.025999999999989,-0.7837575539005734,1,-2.3279201563100367
61685,6,Extend,>>,-771,-57.05,366,293,369,35.12221725224003,24.3158993365575,59.43811658879753,-48.932,-4.0260000000000105,-0.8540245095858654,1,-2.3981871119953286
61796,6,Extend,>>,-819,-61.1,367,292,371,35.18450547211165,24.43006326227857,59.61456873439022,-52.976,-4.043999999999997,-0.924605624536516,1,-2.468768226945979
61906,6,Extend,>>,-867,-65.05,365,291,368,35.41342899734671,24.112014816006585,59.5254438133533,-57.036,-4.060000000000002,-0.9954659921674858,1,-2.539628594576949
62016,6,Extend,>>,-915,-69.36,367,291,369,35.16669358887749,24.123409770774536,59.29010335965203,-61.114,-4.077999999999996,-1.0666405190638144,1,-2.6108031214732774
62126,6,Extend,>>,-963,-73.32,369,287,363,35.03230101199158,24.33550316624204,59.36780417823362,-65.176,-4.062000000000005,-1.1375357932798242,1,-2.6816983956892875
62235,6,Extend,>>,-1011,-77.54,366,286,364,34.99295665000475,24.194960852003703,59.18791750200845,-69.274,-4.097999999999999,-1.209059386026552,1,-2.7532219884360147
62345,6,Extend,>>,-1059,-81.58,368,284,362,35.1675560858404,23.918803764728796,59.086359850569195,-73.36999999999999,-4.095999999999989,-1.2805480721882394,1,-2.8247106745977026
62455,6,Extend,>>,-1107,-85.71,366,280,363,35.22241312779718,23.955257183268262,59.17767031106544,-77.502,-4.132000000000005,-1.3526650768806452,1,-2.896827679290108
62566,6,Extend,>>,-1155,-89.67,365,278,361,35.13057788801207,23.986549298204785,59.117127186216855,-81.564,-4.061999999999998,-1.4235603510966548,1,-2.967722953506118
62676,6,Extend,>>,-1203,-93.63,367,275,359,35.06323687870777,23.8811432381614,58.94438011686917,-85.626,-4.062000000000012,-1.4944556253126646,1,-3.038618227722128
62786,6,Extend,>>,-1251,-97.85,363,274,358,35.17898188766306,23.69207330440697,58.87105519207003,-89.688,-4.061999999999998,-1.5653508995286742,1,-3.109513501938137
62896,6,Extend,>>,-1299,-101.89,363,273,357,35.3099466390844,23.595716611455053,58.905663250539455,-93.75,-4.061999999999998,-1.6362461737446838,1,-3.180408776154147
63007,6,Extend,>>,-1347,-106.11,362,273,357,35.10579367904623,23.240979798184277,58.346773477230506,-97.83,-4.079999999999998,-1.7074556072260525,1,-3.2516182096355157
63116,6,Extend,>>,-1395,-109.98,363,272,360,35.39047125132268,22.2010250131122,57.59149626443488,-101.89200000000001,-4.062000000000012,-1.7783508814420625,1,-3.322513483851526
63226,6,Extend,>>,-1443,-114.02,362,270,356,35.342027156919315,21.75099184528305,57.09301900220237,-105.97,-4.077999999999989,-1.849525408338391,1,-3.393688010747854
63337,6,Extend,>>,-1491,-117.98,363,272,359,34.82088487396191,21.579645827454783,56.40053070141669,-109.99600000000001,-4.0260000000000105,-1.919792364023683,1,-3.463954966433146
63447,6,Extend,>>,-1539,-121.85,363,272,359,34.41025075793069,20.636848775979985,55.047099533910675,-113.98800000000001,-3.9920000000000044,-1.9894659077632966,1,-3.5336285101727594
63556,6,Extend,>>,-1587,-125.8,359,268,356,34.10122347026778,19.644650989908936,53.74587446017672,-117.926,-3.937999999999988,-2.058196973706833,1,-3.602359576116296
63666,6,Extend,>>,-1635,-129.49,358,270,360,33.20207854303512,18.71969635158959,51.92177489462471,-121.828,-3.902000000000001,-2.126299721119652,1,-3.670462323529115
63777,6,Extend,>>,-1683,-133.71,357,269,358,31.25622771504413,17.343551434232555,48.599779149276685,-125.766,-3.9380000000000024,-2.1950307870631884,1,-3.7391933894726517
63888,6,Extend,>>,-1731,-137.41,355,267,357,29.14829230311198,15.721096962909344,44.86938926602132,-129.652,-3.8859999999999815,-2.262854281795688,1,-3.807016884205151
63997,6,Extend,>>,-1779,-141.45,355,269,361,26.73836610260477,13.76163344536146,40.499999547966226,-133.57200000000003,-3.9200000000000443,-2.3312711884738664,1,-3.8754337908833296
64107,6,Extend,>>,-1827,-145.23,352,266,359,24.6902427216182,12.032676737284229,36.72291945890243,-137.458,-3.8859999999999673,-2.3990946832063655,1,-3.9432572856158288
64217,6,Extend,<<,-1827,-148.92,358,271,364,23.05059578912059,9.898811604285838,32.949407393406425,-141.344,-3.8859999999999957,-2.466918177938865,1,-4.011080780348328
64327,6,Extend,<<,-1779,-150.15,365,274,367,21.98270311084409,8.40745618442716,30.390159295271246,-144.632,-3.288000000000011,-2.5243046037444388,1,-4.068467206153902
64437,6,Extend,<<,-1731,-150.15,365,275,370,20.730703392340757,7.427542446340194,28.15824583868095,-147.18,-2.548000000000002,-2.5687755930852543,1,-4.112938195494717
64547,6,Extend,<<,-1683,-150.15,368,277,370,18.38563436137581,5.52449188031822,23.91012624169403,-148.92000000000002,-1.740000000000009,-2.599144322069956,1,-4.143306924479419
64656,6,Extend,<<,-1635,-147.43,368,276,368,16.566284235810773,3.442659534893978,20.00894377070475,-149.36,-0.4399999999999977,-2.606823770778731,1,-4.150986373188194
88505,6,Extend,>>,861,81.49,372,298,549,33.72914406136694,25.20845177817519,58.937595839542126,88.42,-1.073999999999998,1.5432201246133863,2,0.0
88615,6,Extend,>>,813,77.27,374,298,549,33.70262873617635,24.69994209102412,58.40257082720047,85.35999999999999,-3.0600000000000165,1.4898130495023594,2,-0.053407075111026936
88726,6,Extend,>>,765,73.05,370,298,548,33.77404173029737,24.682618210221342,58.45665994051871,81.456,-3.903999999999982,1.4216753955045012,2,-0.12154472910888514
88837,6,Extend,>>,717,68.92,372,299,549,33.940411811711385,24.548762273188206,58.48917408489959,77.28799999999998,-4.168000000000021,1.348930072281377,2,-0.19429005233200924
88948,6,Extend,>>,669,64.88,370,299,550,33.805224719013445,24.395731777460337,58.20095649647378,73.122,-4.165999999999983,1.2762196556432936,2,-0.26700046897009266
89060,6,Extend,>>,621,60.66,370,298,547,34.05640977176802,24.38291453701771,58.43932430878573,68.95599999999999,-4.166000000000011,1.2035092390052098,2,-0.3397108856081765
89170,6,Extend,>>,573,56.62,370,299,547,34.00705742769658,24.29266478124782,58.2997222089444,64.826,-4.1299999999999955,1.131427140897844,2,-0.4117929837155423
89281,6,Extend,>>,525,52.57,369,298,548,33.566231110869026,24.27206722642176,57.83829833729079,60.73,-4.0959999999999965,1.0599384547361563,2,-0.48328166987723
89391,6,Extend,>>,477,48.53,370,297,545,33.67612270479161,24.253246672646448,57.92936937743806,56.652,-4.077999999999996,0.9887639278398276,2,-0.5544561967735587
89502,6,Extend,>>,429,44.48,370,298,543,34.05718038840894,24.060597598075663,58.1177779864846,52.572,-4.079999999999998,0.9175544943584589,2,-0.6256656302549274
89613,6,Extend,>>,381,40.62,370,297,542,33.933681296623625,24.1186302187142,58.05231151533782,48.564,-4.008000000000003,0.8476016979385262,2,-0.6956184266748601
89724,6,Extend,>>,333,36.57,370,298,541,33.90261530376072,24.30492396142048,58.2075392651812,44.553999999999995,-4.010000000000005,0.7776139949335535,2,-0.7656061296798328
89835,6,Extend,>>,285,32.62,369,297,533,33.98249494583477,24.17746678217148,58.15996172800625,40.564,-3.989999999999995,0.7079753577789798,2,-0.8352447668344065
89946,6,Extend,>>,237,28.66,368,296,528,34.20778322815122,23.870100811181484,58.0778840393327,36.589999999999996,-3.9740000000000038,0.6386159733047251,2,-0.9046041513086612
90058,6,Extend,>>,189,24.53,368,297,525,34.14486657389182,24.19766594763967,58.34253252153149,32.6,-3.989999999999995,0.5689773361501514,2,-0.9742427884632349
90169,6,Extend,>>,141,20.66,368,295,519,33.89505086350528,24.48411824655491,58.37916911006019,28.607999999999997,-3.9920000000000044,0.49930379241053774,2,-1.0439163322028486
90280,6,Extend,>>,93,16.35,369,296,507,34.200688885804006,24.002885178312603,58.20357406411661,24.564,-4.043999999999997,0.4287226774598871,2,-1.1144974471534992
90391,6,Extend,>>,45,12.31,369,297,491,34.20597016241149,23.93479967336434,58.14076983577583,20.502000000000002,-4.061999999999998,0.35782740324387746,2,-1.1853927213695088
90502,6,Extend,>>,-3,8.18,368,294,482,33.98085957100864,24.03321171730092,58.01407128830955,16.406,-4.096000000000004,0.28633871708218966,2,-1.2568814075311967
90614,6,Extend,>>,-51,3.96,367,296,469,34.160893916606966,24.03921308890953,58.2001070055165,12.292000000000002,-4.113999999999997,0.214535871655143,2,-1.3286842529582432
90726,6,Extend,>>,-99,-0.09,369,297,454,33.96692503717999,24.135717591526767,58.10264262870676,8.142,-4.150000000000002,0.1421047076973783,2,-1.401115416916008
90837,6,Extend,>>,-147,-4.13,368,298,441,33.912782653975114,24.006226991093843,57.919009645068954,4.046,-4.095999999999999,0.07061602153569058,2,-1.4726041030776957
90948,6,Extend,>>,-195,-8.18,369,296,426,33.8457732068119,24.20233982339264,58.04811303020454,-0.051999999999999956,-4.098,-0.0009075712110370506,2,-1.5441276958244234
91059,6,Extend,>>,-243,-12.4,368,297,420,33.59639327684122,24.3720588384131,57.96845211525432,-4.168,-4.1160000000000005,-0.07274532322312366,2,-1.61596544783651
91169,6,Extend,>>,-291,-16.62,368,297,395,33.883495775938925,24.25116609782671,58.13466187376564,-8.284,-4.1160000000000005,-0.14458307523521027,2,-1.6878031998485965
91280,6,Extend,>>,-339,-21.1,369,296,386,33.990982722418075,24.276368148643765,58.267350871061836,-12.486,-4.202,-0.217921810404012,2,-1.7611419350173982
91392,6,Extend,>>,-387,-25.32,367,296,381,33.65131103071276,24.490242867519104,58.14155389823186,-16.724,-4.2379999999999995,-0.29188886410353165,2,-1.835108988716918
91503,6,Extend,>>,-435,-29.27,368,294,377,33.232071418079634,24.70641187847324,57.938483296552874,-20.942,-4.218,-0.3655068519526525,2,-1.9087269765660388
91616,6,Extend,>>,-483,-33.23,370,296,375,33.49650116545815,24.325864947612278,57.82236611307043,-25.108,-4.166,-0.4382172685907363,2,-1.9814373932041227
91727,6,Extend,>>,-531,-37.1,366,294,372,33.82462137000414,24.115442277134257,57.940063647138395,-29.204,-4.096,-0.509705954752424,2,-2.05292607936581
91839,6,Extend,>>,-579,-41.05,366,294,370,33.60012150040132,24.51139438407297,58.111515884474294,-33.194,-3.990000000000002,-0.5793445919069978,2,-2.122564716520384
91951,6,Extend,>>,-627,-44.92,367,294,371,33.43010397064509,24.527530131345223,57.957634101990315,-37.114,-3.9199999999999946,-0.6477614985851754,2,-2.190981623198562
92062,6,Extend,>>,-675,-49.05,367,293,367,33.575502800686664,24.167443052233537,57.7429458529202,-41.07,-3.956000000000003,-0.7168067237940712,2,-2.2600268484074575
92174,6,Extend,>>,-723,-52.92,367,292,367,33.767657185045266,24.187974629677427,57.95563181472269,-45.008,-3.9380000000000024,-0.7855377897376079,2,-2.3287579143509944
92285,6,Extend,>>,-771,-56.79,367,293,367,33.75166966104711,24.261321842355542,58.01299150340265,-48.946,-3.9379999999999953,-0.8542688556811445,2,-2.397488980294531
92397,6,Extend,>>,-819,-60.92,365,290,364,33.81728214747053,24.038705306548778,57.855987454019306,-52.92,-3.9740000000000038,-0.9236282401553992,2,-2.4668483647687856
92508,6,Extend,>>,-867,-64.97,365,291,366,33.858115702581806,24.167698314243346,58.02581401682515,-56.92999999999999,-4.009999999999991,-0.9936159431603717,2,-2.5368360677737583
92619,6,Extend,>>,-915,-69.27,363,289,363,33.7924007004948,24.02690986346426,57.819310563959064,-60.974000000000004,-4.044000000000011,-1.0641970581110225,2,-2.607417182724409
92730,6,Extend,>>,-963,-73.23,366,289,364,33.97203758226155,23.9551085448192,57.927146127080746,-65.036,-4.061999999999998,-1.135092332327032,2,-2.6783124569404184
92841,6,Extend,>>,-1011,-77.36,368,287,363,33.67179764554342,24.18268028974631,57.85447793528973,-69.15,-4.114000000000004,-1.206895177754079,2,-2.7501153023674654
92952,6,Extend,>>,-1059,-81.49,366,284,362,33.646126214332526,24.19267584862785,57.838802062960376,-73.264,-4.11399999999999,-1.2786980231811256,2,-2.821918147794512
93064,6,Extend,>>,-1107,-85.45,365,280,358,33.99063782008133,23.77197900752652,57.76261682760786,-77.35999999999999,-4.095999999999989,-1.350186709342813,2,-2.8934068339561994
93174,6,Extend,>>,-1155,-89.49,365,279,360,34.01897249786677,23.78271640454247,57.80168890240924,-81.404,-4.044000000000011,-1.420767824293464,2,-2.9639879489068504
93286,6,Extend,>>,-1203,-93.36,364,275,357,33.7369944470147,23.85529199221197,57.59228643922667,-85.42999999999999,-4.025999999999996,-1.4910347799787556,2,-3.034254904592142
93397,6,Extend,>>,-1251,-97.41,365,278,360,33.61479139113361,23.789968399640223,57.40475979077383,-89.43999999999998,-4.009999999999991,-1.561022482983728,2,-3.104242607597114
93508,6,Extend,>>,-1299,-101.36,362,275,361,33.62615288552445,23.561538196620887,57.187691082145335,-93.414,-3.974000000000018,-1.630381867457983,2,-3.1736019920713696
93620,6,Extend,>>,-1347,-105.67,366,275,358,33.630710112685264,22.912103817732213,56.54281393041748,-97.458,-4.043999999999997,-1.7009629824086336,2,-3.24418310702202
93731,6,Extend,>>,-1395,-109.63,362,273,360,33.70488049119555,22.2119790843333,55.916859575528854,-101.486,-4.028000000000006,-1.7712648446789654,2,-3.3144849692923515
93842,6,Extend,>>,-1443,-113.76,359,271,357,33.49741923845346,21.730743062574888,55.22816230102835,-105.566,-4.079999999999998,-1.842474278160334,2,-3.38569440277372
93953,6,Extend,>>,-1491,-117.71,362,270,356,32.83412718789798,21.14981624398173,53.98394343187971,-109.626,-4.060000000000002,-1.9133346457913039,2,-3.45655477040469
94064,6,Extend,>>,-1539,-121.58,361,271,359,32.52578443304897,20.171300866942904,52.69708529999187,-113.67,-4.043999999999997,-1.9839157607419544,2,-3.5271358853553405
94175,6,Extend,>>,-1587,-125.71,361,270,355,31.58549348002223,19.306416316302144,50.89190979632437,-117.678,-4.007999999999996,-2.053868557161887,2,-3.597088681775273
94287,6,Extend,>>,-1635,-129.41,359,269,357,29.51614110687514,17.79289639475006,47.3090375016252,-121.63399999999999,-3.955999999999989,-2.1229137823707824,2,-3.666133906984169
94399,6,Extend,>>,-1683,-133.63,358,269,358,28.52846838289897,16.211961276820325,44.7404296597193,-125.60799999999999,-3.9740000000000038,-2.1922731668450375,2,-3.7354932914584236
94511,6,Extend,>>,-1731,-137.41,355,269,360,26.5448805109648,14.609958765161938,41.15483927612674,-129.548,-3.940000000000012,-2.2610391393736142,2,-3.8042592639870003
94622,6,Extend,>>,-1779,-141.45,355,268,360,24.304594779001096,13.196232558855538,37.500827337856634,-133.522,-3.9739999999999895,-2.3303985238478684,2,-3.873618648461255
94733,6,Extend,>>,-1827,-145.23,355,266,356,22.35077502374933,11.253575486780576,33.604350510529905,-137.426,-3.9039999999999964,-2.398536177845727,2,-3.9417563024591136
94844,6,Extend,<<,-1827,-148.84,361,272,364,20.305866714191268,9.006792074869209,29.312658789060478,-141.31199999999998,-3.8859999999999957,-2.4663596725782266,2,-4.009579797191613
94955,6,Extend,<<,-1779,-150.07,364,275,370,19.02264761745404,8.130328166065535,27.152975783519576,-144.6,-3.288000000000011,-2.5237460983838003,2,-4.066966222997187
95067,6,Extend,<<,-1731,-150.07,365,275,374,16.93104962680127,6.534921484435202,23.46597111123647,-147.13199999999998,-2.5319999999999823,-2.5679378350442965,2,-4.111157959657683
95177,6,Extend,<<,-1683,-150.07,368,275,372,12.784063624116357,2.0959386186390208,14.880002242755378,-148.856,-1.724000000000018,-2.598027311348679,2,-4.1412474359620655
95289,6,Extend,<<,-1635,-147.43,367,276,372,10.567291339333934,-0.079915914067029,10.487375425266904,-149.296,-0.4399999999999977,-2.605706760057454,2,-4.14892688467084
118923,6,Extend,>>,861,81.49,367,299,584,38.61866289840592,28.439186783590408,67.05784968199633,88.43799999999999,-1.092000000000013,1.543534283878745,3,0.0
119033,6,Extend,>>,813,77.27,367,299,584,38.96807248673191,28.312879578100244,67.28095206483215,85.378,-3.059999999999988,1.4901272087677186,3,-0.05340707511102627
119143,6,Extend,>>,765,73.14,366,299,585,38.54768938432703,28.56703609101257,67.1147254753396,81.49199999999999,-3.88600000000001,1.4223037140352188,3,-0.12123056984352609
119252,6,Extend,>>,717,69.01,367,298,583,38.54380352661046,28.492669578571025,67.03647310518149,77.324,-4.167999999999992,1.3495583908120954,3,-0.19397589306664953
119362,6,Extend,>>,669,64.97,367,298,581,38.66826763401656,28.15114193727454,66.8194095712911,73.176,-4.147999999999996,1.2771621334393706,3,-0.26637215043937434
119472,6,Extend,>>,621,60.84,366,299,582,38.75572419748855,27.94880255136387,66.70452674885242,69.046,-4.1299999999999955,1.2050800353320048,3,-0.3384542485467401
119581,6,Extend,>>,573,56.79,366,295,580,38.82800465709856,27.934644781185987,66.76264943828454,64.95000000000002,-4.095999999999989,1.1335913491703173,3,-0.4099429347084276
119692,6,Extend,>>,525,52.75,366,299,579,38.6146121353724,27.91122171070439,66.52583384607678,60.872,-4.078000000000017,1.0624168222739883,3,-0.48111746160475666
119801,6,Extend,>>,477,48.7,366,298,577,38.448625488728496,28.044464666749818,66.49309015547831,56.81,-4.061999999999998,0.9915215480579787,3,-0.5520127358207663
119911,6,Extend,>>,429,44.75,367,299,574,38.74348860695464,28.25361593467161,66.99710454162626,52.766,-4.044000000000004,0.9209404331073279,3,-0.622593850771417
120020,6,Extend,>>,381,40.79,366,297,571,38.95496517600852,27.84017784060892,66.79514301661744,48.756,-4.009999999999998,0.8509527301023553,3,-0.6925815537763896
120130,6,Extend,>>,333,36.84,365,297,567,38.9065535870489,27.51634486288673,66.42289844993563,44.766000000000005,-3.989999999999995,0.7813140929477816,3,-0.7622201909309633
120240,6,Extend,>>,285,32.97,366,297,562,38.6565714894904,27.801867043771928,66.45843853326232,40.81,-3.956000000000003,0.712268867738886,3,-0.8312654161398589
120350,6,Extend,>>,237,28.92,366,298,561,38.702093313932245,27.75115576001221,66.45324907394445,36.854,-3.956000000000003,0.6432236425299902,3,-0.9003106413487547
120460,6,Extend,>>,189,24.79,365,297,562,38.814839661846406,27.691182142758777,66.50602180460518,32.862,-3.9919999999999973,0.5735500987903767,3,-0.9699841850883683
120569,6,Extend,>>,141,20.92,365,297,557,38.690971250785466,27.96864205926989,66.65961331005536,28.887999999999998,-3.9740000000000038,0.5041907143161218,3,-1.039343569562623
120679,6,Extend,>>,93,16.88,366,298,550,38.968501335598496,27.78982290306348,66.75832423866197,24.896,-3.9919999999999973,0.4345171705765083,3,-1.1090171133022366
120788,6,Extend,>>,45,13.01,363,296,541,39.124425420199856,27.560128518204912,66.68455393840478,20.904,-3.992000000000001,0.36484362683689464,3,-1.1786906570418503
120899,6,Extend,>>,-3,8.79,363,296,531,38.94269360483946,27.656717287134175,66.59941089197363,16.878,-4.026,0.29457667115160296,3,-1.248957612727142
121008,6,Extend,>>,-51,4.75,364,297,523,38.71723949045952,27.931766424540733,66.64900591500026,12.87,-4.008000000000001,0.2246238747316702,3,-1.3189104091470747
121118,6,Extend,>>,-99,0.79,363,295,511,38.293784194528016,28.158801061806543,66.45258525633456,8.844,-4.026,0.1543569190463785,3,-1.3891773648323664
121228,6,Extend,>>,-147,-3.25,362,294,498,38.5804393156951,27.98140594437878,66.56184526007388,4.818,-4.026,0.08408996336108679,3,-1.4594443205176582
121337,6,Extend,>>,-195,-7.21,362,294,480,38.79142734676493,27.89647684067909,66.68790418744402,0.7739999999999998,-4.044,0.013508848410436107,3,-1.5300254354683087
121447,6,Extend,>>,-243,-11.34,366,297,474,38.81542624306275,28.03008511704826,66.845511360111,-3.252,-4.026,-0.05675810727485559,3,-1.6002923911536004
121557,6,Extend,>>,-291,-15.38,364,295,458,38.81676852035264,28.05410585708784,66.87087437744049,-7.2780000000000005,-4.026000000000001,-0.12702506296014732,3,-1.6705593468388922
121668,6,Extend,>>,-339,-19.52,362,294,437,38.662071695886965,27.965650650583832,66.62772234647079,-11.34,-4.061999999999999,-0.19792033717615698,3,-1.7414546210549018
121778,6,Extend,>>,-387,-23.91,364,296,422,38.56086675598599,27.978007163662937,66.53887391964892,-15.472,-4.132,-0.27003734186856265,3,-1.8135716257473076
121888,6,Extend,>>,-435,-28.04,364,296,408,38.72402361749472,27.86472724468151,66.58875086217623,-19.637999999999998,-4.165999999999999,-0.3427477585066464,3,-1.8862820423853912
121998,6,Extend,>>,-483,-32.09,362,296,403,38.62076207865887,27.8474055693912,66.46816764805007,-23.788,-4.150000000000002,-0.4151789224644111,3,-1.958713206343156
122108,6,Extend,>>,-531,-36.31,364,297,381,38.78214224406967,27.654380823086527,66.4365230671562,-27.974,-4.186,-0.4882384049528938,3,-2.0317726888316385
122218,6,Extend,>>,-579,-40.97,365,296,371,39.02117489318908,27.464390687760734,66.48556558094981,-32.263999999999996,-4.289999999999996,-0.5631130298634505,3,-2.1066473137421955
122328,6,Extend,>>,-627,-45.1,362,295,374,38.88523344451093,27.566831733038875,66.4520651775498,-36.501999999999995,-4.2379999999999995,-0.6370800835629701,3,-2.180614367441715
122439,6,Extend,>>,-675,-49.14,361,290,370,38.79693152216112,27.70516464192769,66.50209616408881,-40.722,-4.220000000000006,-0.7107329779971309,3,-2.2542672618758757
122549,6,Extend,>>,-723,-53.1,361,293,368,39.08559754451615,27.45628610710976,66.54188365162591,-44.924,-4.201999999999998,-0.7840717131659326,3,-2.3276059970446776
122659,6,Extend,>>,-771,-56.97,362,292,367,39.11080071580388,27.438896981742413,66.54969769754629,-49.056,-4.131999999999998,-0.8561887178583383,3,-2.399723001737083
122768,6,Extend,>>,-819,-61.1,364,293,368,38.76829168298645,27.779089267558625,66.54738095054508,-53.08200000000001,-4.0260000000000105,-0.9264556735436301,3,-2.469989957422375
122878,6,Extend,>>,-867,-64.97,359,291,369,38.71117068551545,27.728327015411523,66.43949770092698,-57.056,-3.9739999999999895,-0.9958150580178846,3,-2.5393493418966298
122988,6,Extend,>>,-915,-69.01,361,289,365,38.86833058609624,27.53859892694833,66.40692951304457,-61.029999999999994,-3.9739999999999966,-1.0651744424921392,3,-2.6087087263708844
123098,6,Extend,>>,-963,-72.88,360,289,368,38.96603115305041,27.42007703897097,66.38610819202138,-64.986,-3.95600000000001,-1.134219667701035,3,-2.67775395157978
123207,6,Extend,>>,-1011,-77.01,361,287,368,38.9611112861135,27.47843648560973,66.43954777172323,-68.994,-4.007999999999996,-1.2041724641209677,3,-2.747706747999713
123317,6,Extend,>>,-1059,-81.14,360,282,364,38.85819456533366,27.696858878132,66.55505344346567,-73.002,-4.007999999999996,-1.2741252605409004,3,-2.8176595444196453
123428,6,Extend,>>,-1107,-85.19,357,279,362,38.5466610376299,27.883415143660116,66.43007618129002,-77.046,-4.044000000000011,-1.3447063754915514,3,-2.8882406593702963
123538,6,Extend,>>,-1155,-89.32,359,277,362,38.464021631913816,27.903288373206628,66.36731000512044,-81.10799999999999,-4.061999999999983,-1.4156016497075605,3,-2.9591359335863054
123648,6,Extend,>>,-1203,-93.19,358,276,362,38.51639468507652,27.53645909025725,66.05285377533377,-85.17,-4.062000000000012,-1.4864969239235706,3,-3.0300312078023155
123758,6,Extend,>>,-1251,-97.23,360,276,356,38.535973986335335,27.16330938230581,65.69928336864115,-89.214,-4.043999999999997,-1.5570780388742211,3,-3.100612322752966
123867,6,Extend,>>,-1299,-101.19,356,275,362,38.58038000004075,27.00395999091136,65.5843399909521,-93.22399999999999,-4.009999999999991,-1.6270657418791936,3,-3.1706000257579383
123977,6,Extend,>>,-1347,-105.41,355,274,365,38.61661549155416,26.514741305277497,65.13135679683165,-97.268,-4.044000000000011,-1.6976468568298444,3,-3.2411811407085893
124087,6,Extend,>>,-1395,-109.36,355,272,362,38.65018950555039,26.06418290489156,64.71437241044194,-101.276,-4.007999999999996,-1.767599653249777,3,-3.311133937128522
124196,6,Extend,>>,-1443,-113.49,353,269,359,38.79342982233942,25.533951892472917,64.32738171481233,-105.33600000000001,-4.0600000000000165,-1.8384600208807471,3,-3.381994304759492
124306,6,Extend,>>,-1491,-117.54,355,272,362,38.62964791689526,25.00414888000075,63.63379679689601,-109.398,-4.061999999999983,-1.9093552950967565,3,-3.452889578975501
124416,6,Extend,>>,-1539,-121.58,352,269,359,38.347186258001535,24.28168157808532,62.628867836086854,-113.476,-4.078000000000003,-1.9805298219930854,3,-3.5240641058718305
124526,6,Extend,>>,-1587,-125.63,352,268,359,38.08503854027072,23.635208874886917,61.720247415157644,-117.52000000000001,-4.044000000000011,-2.0511109369437364,3,-3.594645220822481
124637,6,Extend,>>,-1635,-129.32,354,271,358,37.59833155888669,22.902971772464248,60.50130333135094,-121.51199999999999,-3.991999999999976,-2.1207844806833496,3,-3.6643187645620943
124747,6,Extend,>>,-1683,-133.54,351,268,358,36.89580970025952,21.550773392580183,58.4465830928397,-125.522,-4.010000000000019,-2.1907721836883223,3,-3.734306467567067
124856,6,Extend,>>,-1731,-137.32,353,269,355,36.30163241885575,20.42295123193307,56.72458365078882,-129.478,-3.956000000000003,-2.2598174088972183,3,-3.803351692775963
124966,6,Extend,>>,-1779,-141.36,349,266,357,35.2924295067091,19.235031156547677,54.527460663256775,-133.434,-3.955999999999989,-2.328862634106114,3,-3.872396917984859
125076,6,Extend,>>,-1827,-145.14,348,267,359,34.02218264366424,17.963289546022416,51.985472189686654,-137.33599999999998,-3.901999999999987,-2.3969653815189322,3,-3.9404996653976774
125186,6,Extend,<<,-1827,-148.84,353,270,361,31.93336260804616,16.12325639188481,48.05661899993097,-141.24,-3.904000000000025,-2.4651030355167913,3,-4.008637319395536
125296,6,Extend,<<,-1779,-150.07,358,274,368,29.48970960000781,14.486862436841031,43.97657203684884,-144.546,-3.305999999999983,-2.5228036205877236,3,-4.066337904466469
125406,6,Extend,<<,-1731,-150.07,361,276,370,28.18640933943232,12.472747526322609,40.65915686575493,-147.096,-2.5500000000000114,-2.567309516513579,3,-4.110843800392324
125516,6,Extend,<<,-1683,-150.07,362,276,369,27.416690870063636,9.824677895733675,37.24136876579731,-148.838,-1.7419999999999902,-2.5977131520833203,3,-4.1412474359620655
125626,6,Extend,<<,-1635,-147.43,364,276,369,24.71628735082002,7.719959290016371,32.436246640836394,-149.296,-0.4579999999999984,-2.605706760057454,3,-4.149241043936199
149252,6,Extend,>>,861,81.49,371,299,519,34.56513857403958,26.33757160178008,60.902710175819664,88.43799999999999,-1.073999999999998,1.543534283878745,4,0.0
149362,6,Extend,>>,813,77.27,371,298,516,34.330201510116424,25.8592824135499,60.18948392366632,85.378,-3.059999999999988,1.4901272087677186,4,-0.05340707511102627
149471,6,Extend,>>,765,73.05,372,299,517,34.08005698813654,25.69850679730028,59.778563785436816,81.47399999999999,-3.9040000000000106,1.4219895547698598,4,-0.12154472910888514
149580,6,Extend,>>,717,68.92,372,297,517,33.57968789102387,25.32499922707573,58.9046871180996,77.288,-4.185999999999993,1.3489300722813773,4,-0.19460421159736763
149690,6,Extend,>>,669,64.88,370,298,517,33.205973095023886,24.76032761674287,57.966300711766756,73.122,-4.165999999999997,1.2762196556432936,4,-0.26731462823545127
149800,6,Extend,>>,621,60.57,370,298,519,32.62720410264204,24.29214361629965,56.919347718941694,68.938,-4.1839999999999975,1.203195079739851,4,-0.34033920413889396
149910,6,Extend,>>,573,56.44,371,299,518,31.91347274154528,24.268781716376736,56.182254457922014,64.77199999999999,-4.166000000000011,1.1304846631017669,4,-0.41304962077697804
150019,6,Extend,>>,525,52.48,370,295,517,31.795210275978704,24.119580840737317,55.91479111671602,60.658,-4.11399999999999,1.0586818176747204,4,-0.48485246620402456
150129,6,Extend,>>,477,48.35,370,300,516,31.75105731463192,23.98161565609535,55.73267297072727,56.544,-4.114000000000004,0.9868789722476736,4,-0.5566553116310713
150239,6,Extend,>>,429,44.4,371,299,515,31.611467091923625,23.726564470970835,55.33803156289446,52.448,-4.0959999999999965,0.9153902860859859,4,-0.628143997792759
150348,6,Extend,>>,381,40.44,369,297,516,31.35440130165832,23.772009159711736,55.12641046137006,48.422000000000004,-4.025999999999996,0.8451233304006943,4,-0.6984109534780506
150458,6,Extend,>>,333,36.4,370,298,514,31.373549804319104,23.993042424765477,55.36659222908458,44.414,-4.008000000000003,0.7751705339807615,4,-0.7683637498979834
150567,6,Extend,>>,285,32.44,370,299,512,31.552148368863904,23.667596258914397,55.2197446277783,40.40599999999999,-4.00800000000001,0.7052177375608286,4,-0.8383165463179163
150677,6,Extend,>>,237,28.48,372,297,511,31.89963286702496,23.328815965072707,55.22844883209767,36.432,-3.9739999999999895,0.6358583530865741,4,-0.9076759307921708
150787,6,Extend,>>,189,24.44,371,298,509,31.589636531219234,23.678519317545543,55.26815584876478,32.44,-3.9920000000000044,0.5661848093469605,4,-0.9773494745317844
150896,6,Extend,>>,141,20.57,370,298,510,31.664334791401963,23.62476123561064,55.289096027012604,28.465999999999998,-3.974,0.4968254248727058,4,-1.0467088590060392
151006,6,Extend,>>,93,16.62,370,297,507,32.10978632615671,23.41950572024137,55.52929204639808,24.509999999999998,-3.9559999999999995,0.42778019966381015,4,-1.1157540842149347
151116,6,Extend,>>,45,12.66,370,296,505,31.93739108071257,23.75423213873343,55.691623219446,20.554000000000002,-3.955999999999996,0.35873497445491453,4,-1.1847993094238305
151225,6,Extend,>>,-3,8.53,370,298,509,31.9826957965697,23.3990905001728,55.381786296742504,16.564,-3.990000000000002,0.28909633730034073,4,-1.2544379465784041
151335,6,Extend,>>,-51,4.4,370,297,504,32.00472187979899,23.352688248750844,55.35741012854984,12.556000000000001,-4.007999999999999,0.21914354088040802,4,-1.3243907429983368
151444,6,Extend,>>,-99,0.62,371,297,499,31.883492713972828,23.767291577002105,55.65078429097493,8.565999999999999,-3.990000000000002,0.14950490372583425,4,-1.3940293801529107
151554,6,Extend,>>,-147,-3.34,366,296,495,32.131095388371534,23.494652296713884,55.625747685085415,4.574,-3.991999999999999,0.07983135998622064,4,-1.4637029238925243
151663,6,Extend,>>,-195,-7.12,368,296,487,31.97439990648344,23.50610475444535,55.48050466092879,0.618,-3.956,0.010786134777324957,4,-1.5327481491014199
151773,6,Extend,>>,-243,-11.16,368,296,472,31.99242055754214,23.496194365518043,55.48861492306018,-3.3200000000000003,-3.938,-0.057944931166211744,4,-1.6014792150449566
151884,6,Extend,>>,-291,-15.3,367,296,459,32.09030479752016,23.499153376347444,55.589458173867605,-7.26,-3.9399999999999995,-0.12671090369478832,4,-1.6702451875735331
151994,6,Extend,>>,-339,-19.34,367,295,443,32.26033583737516,23.28480864405804,55.5451444814332,-11.252,-3.992000000000001,-0.19638444743440198,4,-1.7399187313131468
152104,6,Extend,>>,-387,-23.56,369,297,427,32.10390483200366,23.38031869756675,55.48422352957041,-15.296000000000001,-4.0440000000000005,-0.26696556238505265,4,-1.8104998462637976
152214,6,Extend,>>,-435,-27.96,369,297,406,31.891107912031178,23.445824689704544,55.336932601735725,-19.464,-4.1679999999999975,-0.3397108856081763,4,-1.8832451694869212
152324,6,Extend,>>,-483,-32.44,370,295,384,31.98943663108444,23.25245328609569,55.24188991718013,-23.72,-4.256,-0.41399209857305497,4,-1.9575263824517999
152434,6,Extend,>>,-531,-36.75,370,294,373,31.904002626062734,23.26425532367069,55.16825794973342,-28.01,-4.290000000000003,-0.4888667234836117,4,-2.0324010073623566
152544,6,Extend,>>,-579,-40.97,371,295,363,31.81467292169818,23.275208295364298,55.08988121706248,-32.336,-4.325999999999997,-0.5643696669248863,4,-2.1079039508036312
152653,6,Extend,>>,-627,-45.19,367,295,363,31.90455767434192,23.23328540098693,55.137843075328846,-36.662,-4.3260000000000005,-0.639872610366161,4,-2.183406894244906
152764,6,Extend,>>,-675,-49.41,371,295,359,31.9168523846357,23.250529159936505,55.16738154457221,-40.952,-4.289999999999999,-0.7147472352767178,4,-2.258281519155463
152873,6,Extend,>>,-723,-53.45,370,293,356,31.805758341653064,23.33537303920732,55.14113138086039,-45.153999999999996,-4.201999999999998,-0.7880859704455195,4,-2.3316202543242643
152983,6,Extend,>>,-771,-57.41,372,294,358,31.88547119071153,23.279995406996445,55.165466597707976,-49.285999999999994,-4.131999999999998,-0.8602029751379252,4,-2.40373725901667
153093,6,Extend,>>,-819,-61.36,372,293,360,32.016858545918275,23.279040369680843,55.29589891559912,-53.364,-4.078000000000003,-0.931377502034254,4,-2.4749117859129988
153204,6,Extend,>>,-867,-65.41,373,292,355,31.895107915833208,23.40577671854451,55.30088463437772,-57.407999999999994,-4.043999999999997,-1.0019586169849046,4,-2.5454929008636498
153315,6,Extend,>>,-915,-69.71,372,291,352,31.74259553230924,23.040625500489934,54.783221032799176,-61.468,-4.060000000000009,-1.0728189846158744,4,-2.6163532684946196
153426,6,Extend,>>,-963,-73.67,371,287,354,31.83169224693804,23.107951246980484,54.939643493918524,-65.512,-4.043999999999997,-1.1434000995665252,4,-2.68693438344527
153537,6,Extend,>>,-1011,-77.98,370,286,350,31.891264643631608,23.37564888394802,55.26691352757963,-69.626,-4.114000000000004,-1.215202944993572,4,-2.7587372288723166
153648,6,Extend,>>,-1059,-82.11,370,283,350,32.062506034789386,23.12998791133346,55.192493946122845,-73.776,-4.1499999999999915,-1.2876341089513366,4,-2.8311683928300813
153758,6,Extend,>>,-1107,-86.15,367,280,349,32.305910403636986,22.87981169223287,55.185722095869856,-77.924,-4.14800000000001,-1.3600303663240614,4,-2.9035646502028065
153869,6,Extend,>>,-1155,-90.11,368,281,350,32.008930249177666,22.894543642442613,54.90347389162028,-82.00399999999999,-4.079999999999984,-1.4312397998054298,4,-2.9747740836841747
153980,6,Extend,>>,-1203,-93.89,365,276,350,31.89513733460008,22.65983119784886,54.55496853244894,-86.048,-4.044000000000011,-1.5018209147560808,4,-3.0453551986348257
154090,6,Extend,>>,-1251,-97.85,366,276,348,32.15281602196421,22.42161088443024,54.57442690639445,-90.02199999999999,-3.9739999999999895,-1.5711802992303352,4,-3.1147145831090803
154200,6,Extend,>>,-1299,-101.63,363,273,350,31.996786055878356,22.396928864382048,54.39371492026041,-93.926,-3.9040000000000106,-1.639317953228194,4,-3.182852237106939
154309,6,Extend,>>,-1347,-105.93,365,276,353,31.82176083934049,22.246969881814604,54.06873072115509,-97.88199999999999,-3.955999999999989,-1.7083631784370894,4,-3.251897462315834
154420,6,Extend,>>,-1395,-109.71,362,273,351,31.801044623384264,21.729106747109903,53.53015137049417,-101.80199999999999,-3.9200000000000017,-1.7767800851152673,4,-3.320314368994012
154529,6,Extend,>>,-1443,-113.85,364,273,351,31.78081118620487,21.497808699310944,53.27861988551581,-105.79400000000001,-3.9920000000000186,-1.8464536288548812,4,-3.389987912733626
154639,6,Extend,>>,-1491,-117.71,360,272,357,31.82768032471961,21.391496662249946,53.21917698696956,-109.766,-3.971999999999994,-1.9157781067440958,4,-3.4593123906228405
154749,6,Extend,>>,-1539,-121.58,358,270,354,31.71545533264872,20.903455722697988,52.61891105534671,-113.756,-3.989999999999995,-1.9854167438986696,4,-3.5289510277774143
154859,6,Extend,>>,-1587,-125.63,361,270,353,31.72803738389717,20.375511329626733,52.10354871352391,-117.696,-3.9399999999999977,-2.054182716427246,4,-3.597717000305991
154969,6,Extend,>>,-1635,-129.23,357,269,351,31.47125359937378,20.09490863071774,51.56616223009152,-121.6,-3.9039999999999964,-2.1223203704251046,4,-3.6658546543038497
155078,6,Extend,>>,-1683,-133.36,355,269,355,31.201124350065697,19.43096365638988,50.632088006455575,-125.502,-3.902000000000001,-2.1904231178379234,4,-3.733957401716668
155188,6,Extend,>>,-1731,-137.14,352,267,356,31.38226840687756,18.872206196712504,50.25447460359007,-129.388,-3.88600000000001,-2.258246612570423,4,-3.801780896449168
155298,6,Extend,>>,-1779,-141.1,353,269,359,31.177489677902383,18.280067659193264,49.45755733709565,-133.29199999999997,-3.903999999999968,-2.3263842665682812,4,-3.869918550447026
155408,6,Extend,>>,-1827,-145.05,351,266,358,31.068639758024855,17.351547718293702,48.42018747631856,-137.176,-3.8840000000000146,-2.3941728547157415,4,-3.9377071385944866
155517,6,Extend,<<,-1827,-148.66,356,269,363,30.41600281485753,16.586489608937807,47.00249242379534,-141.062,-3.886000000000024,-2.4619963494482415,4,-4.005530633326987
155627,6,Extend,<<,-1779,-149.89,362,274,367,29.269269985378106,15.870725586996276,45.13999557237438,-144.368,-3.305999999999983,-2.5196969345191738,4,-4.0632312183979185
155737,6,Extend,<<,-1731,-149.89,364,276,371,27.93980078692257,14.583539802813508,42.52334058973608,-146.918,-2.5500000000000114,-2.564202830445029,4,-4.107737114323774
155847,6,Extend,<<,-1683,-149.8,365,278,369,25.852999302415064,12.567619389191616,38.42061869160668,-148.658,-1.7399999999999807,-2.5945715594297303,4,-4.138105843308475
155956,6,Extend,<<,-1635,-147.43,366,275,369,23.773515010991936,10.508913191372628,34.282428202364564,-149.134,-0.4759999999999991,-2.6028793266692234,4,-4.1464136105479685
179691,6,Extend,>>,813,77.27,376,299,545,37.25547359539986,29.58052225858219,66.83599585398206,85.378,-3.059999999999988,1.4901272087677186,5,0.0
179802,6,Extend,>>,765,73.14,374,298,547,37.17985952861734,29.79525741598868,66.97511694460601,81.49199999999999,-3.88600000000001,1.4223037140352188,5,-0.06782349473249982
179913,6,Extend,>>,717,68.92,373,300,549,37.20231825177456,29.78081159420131,66.98312984597587,77.306,-4.185999999999993,1.3492442315467363,5,-0.1408829772209823
180025,6,Extend,>>,669,64.88,374,299,548,37.40210182285307,29.479410819077813,66.88151264193088,73.14,-4.165999999999997,1.2765338149086527,5,-0.21359339385906595
180138,6,Extend,>>,621,60.57,373,299,549,37.58163582011319,29.33779376021121,66.9194295803244,68.95599999999999,-4.184000000000012,1.2035092390052098,5,-0.28661796976250886
180248,6,Extend,>>,573,56.62,373,299,545,37.684462781672174,29.28912065003944,66.97358343171162,64.826,-4.1299999999999955,1.131427140897844,5,-0.35870006786987463
180358,6,Extend,>>,525,52.57,373,299,546,37.65869490046505,29.279799403813943,66.93849430427899,60.712,-4.11399999999999,1.0596242954707975,5,-0.43050291329692114
180469,6,Extend,>>,477,48.44,374,298,546,37.53543699693423,29.195629501759797,66.73106649869402,56.616,-4.096000000000004,0.9881356093091096,5,-0.501991599458609
180580,6,Extend,>>,429,44.48,373,300,545,37.75444071206126,28.9754958124596,66.72993652452087,52.53599999999999,-4.0800000000000125,0.9169261758277407,5,-0.5732010329399779
180691,6,Extend,>>,381,40.62,372,299,543,37.92401663145663,28.741283268134445,66.66529989959108,48.546,-3.989999999999988,0.8472875386731672,5,-0.6428396700945515
180803,6,Extend,>>,333,36.48,373,298,540,38.00740315826634,28.56263990519995,66.5700430634663,44.518,-4.027999999999999,0.7769856764028357,5,-0.713141532364883
180916,6,Extend,>>,285,32.62,371,297,539,37.83366159027086,28.87168158072185,66.7053431709927,40.528,-3.990000000000002,0.7073470392482618,5,-0.7827801695194568
181027,6,Extend,>>,237,28.57,372,296,537,37.78249165779764,28.982919926458536,66.76541158425619,36.553999999999995,-3.9740000000000038,0.6379876547740071,5,-0.8521395539937116
181138,6,Extend,>>,189,24.62,371,298,534,37.83947947456348,28.859546260419428,66.69902573498291,32.582,-3.971999999999994,0.5686631768847925,5,-0.9214640318829261
181250,6,Extend,>>,141,20.75,371,297,527,37.55262073888109,28.914097626486363,66.46671836536746,28.607999999999997,-3.9740000000000038,0.49930379241053774,5,-0.990823416357181
181362,6,Extend,>>,93,16.7,371,297,521,37.59278832743499,28.85744018113858,66.45022850857356,24.651999999999997,-3.9559999999999995,0.4302585672016421,5,-1.0598686415660765
181473,6,Extend,>>,45,12.75,371,299,519,37.56708119005833,28.886966475803355,66.45404766586168,20.677999999999997,-3.974,0.3608991827273874,5,-1.1292280260403311
181584,6,Extend,>>,-3,8.53,371,297,511,37.53952967476894,28.841870497150445,66.38140017191938,16.669999999999998,-4.007999999999999,0.29094638630745473,5,-1.199180822460264
181695,6,Extend,>>,-51,4.48,371,296,505,37.72314490673199,28.72725882535763,66.45040373208963,12.642,-4.027999999999999,0.22064452403712312,5,-1.2694826847305956
181806,6,Extend,>>,-99,0.62,370,296,498,37.76122893380165,28.7930418923636,66.55427082616525,8.616,-4.026,0.15037756835183141,5,-1.3397496404158873
181917,6,Extend,>>,-147,-3.43,372,295,484,37.386848980715634,29.040682227975672,66.4275312086913,4.59,-4.026,0.08011061266653972,5,-1.410016596101179
182028,6,Extend,>>,-195,-7.3,372,297,473,37.463301866705606,29.103149081414166,66.56645094811978,0.5800000000000001,-4.01,0.010122909661567113,5,-1.4800042991061515
182139,6,Extend,>>,-243,-11.43,371,298,460,37.64227106455114,28.91606617106,66.55833723561113,-3.412,-3.992,-0.059550634078046526,5,-1.5496778428457652
182251,6,Extend,>>,-291,-15.56,370,295,445,37.27517289317394,28.933595989171486,66.20876888234542,-7.42,-4.008,-0.12950343049797924,5,-1.6196306392656978
182362,6,Extend,>>,-339,-19.69,370,295,434,37.527322927223565,28.664006290015116,66.19132921723869,-11.482,-4.061999999999999,-0.2003987047139889,5,-1.6905259134817077
182474,6,Extend,>>,-387,-23.74,371,296,423,37.870789330241536,28.49628273406311,66.36707206430465,-15.544,-4.062000000000001,-0.27129397892999857,5,-1.7614211876977173
182585,6,Extend,>>,-435,-27.78,371,295,412,37.5787231759726,28.541050941561103,66.1197741175337,-19.64,-4.096,-0.3427826650916863,5,-1.832909873859405
182696,6,Extend,>>,-483,-31.91,371,295,403,37.30319928605585,28.88906841203188,66.19226769808773,-23.736,-4.096,-0.41427135125337405,5,-1.9043985600210926
182805,6,Extend,>>,-531,-35.96,371,295,390,37.34960762822242,28.981575883821566,66.33118351204399,-27.816000000000003,-4.080000000000002,-0.48548078473474277,5,-1.9756079935024613
182916,6,Extend,>>,-579,-40.09,369,293,383,37.54202796853953,29.001683482812897,66.54371145135242,-31.896000000000004,-4.080000000000002,-0.5566902182161114,5,-2.04681742698383
183027,6,Extend,>>,-627,-44.04,368,294,382,37.537680543443855,29.23169625438064,66.76937679782449,-35.956,-4.059999999999999,-0.6275505858470812,5,-2.1176777946147998
183138,6,Extend,>>,-675,-48.35,368,294,378,37.75538351806618,28.947789991639382,66.70317350970556,-40.07,-4.113999999999997,-0.6993534312741279,5,-2.1894806400418467
183250,6,Extend,>>,-723,-52.4,368,292,373,37.61404530291141,28.836195473396018,66.45024077630742,-44.168,-4.097999999999999,-0.7708770240208555,5,-2.261004232788574
183361,6,Extend,>>,-771,-56.44,368,292,369,37.42864450384484,28.8304720661756,66.25911657002044,-48.263999999999996,-4.0959999999999965,-0.8423657101825431,5,-2.332492918950262
183473,6,Extend,>>,-819,-60.57,367,290,366,37.57452783787591,28.794829909315496,66.3693577471914,-52.36,-4.096000000000004,-0.9138543963442309,5,-2.40398160511195
183584,6,Extend,>>,-867,-64.44,368,289,364,37.34614940549652,29.00148871603753,66.34763812153405,-56.44,-4.079999999999998,-0.9850638298255996,5,-2.4751910385933185
183696,6,Extend,>>,-915,-68.66,369,290,363,37.12446565207139,28.9788693185708,66.1033349706422,-60.501999999999995,-4.061999999999998,-1.0559591040416092,5,-2.5460863128093276
183808,6,Extend,>>,-963,-72.88,366,289,361,37.292859443753365,28.91869138539157,66.21155082914493,-64.598,-4.096000000000004,-1.1274477902032969,5,-2.6175749989710155
183918,6,Extend,>>,-1011,-77.1,366,286,360,37.45366711109679,28.96713153482148,66.42079864591827,-68.72999999999999,-4.131999999999991,-1.1995647948957024,5,-2.689692003663421
184029,6,Extend,>>,-1059,-81.14,366,281,359,37.68640351321386,28.769831079766718,66.45623459298058,-72.844,-4.114000000000004,-1.2713676403227494,5,-2.761494849090468
184141,6,Extend,>>,-1107,-85.19,365,280,361,37.3797652409931,28.83699200147101,66.21675724246411,-76.994,-4.150000000000006,-1.343798804280514,5,-2.8339260130482327
184253,6,Extend,>>,-1155,-89.14,365,278,359,37.282223132449445,28.815449507329397,66.09767263977884,-81.08999999999999,-4.095999999999989,-1.4152874904422017,5,-2.9054146992099206
184364,6,Extend,>>,-1203,-92.84,365,275,358,37.26821348746367,28.54716423310419,65.81537772056785,-85.082,-3.9920000000000044,-1.4849610341818154,5,-2.975088242949534
184475,6,Extend,>>,-1251,-96.79,361,274,358,37.085450344351045,28.533460601301528,65.61891094565257,-89.02000000000001,-3.9380000000000166,-1.5536921001253523,5,-3.043819308893071
184587,6,Extend,>>,-1299,-100.75,359,274,360,36.94872082454776,28.358099868183796,65.30682069273156,-92.94200000000001,-3.921999999999997,-1.62214391338857,5,-3.1122711221562884
184698,6,Extend,>>,-1347,-105.05,362,273,361,37.015153924995474,28.055067324360547,65.07022124935602,-96.91400000000002,-3.9720000000000084,-1.6914683912777848,5,-3.1815956000455037
184808,6,Extend,>>,-1395,-109.01,360,272,359,36.95363145453718,27.762940533087264,64.71657198762445,-100.888,-3.9739999999999895,-1.7608277757520392,5,-3.250954984519758
184921,6,Extend,>>,-1443,-113.32,358,269,359,36.63310117044277,27.54875463636087,64.18185580680364,-104.984,-4.095999999999989,-1.8323164619137269,5,-3.3224436706814453
185032,6,Extend,>>,-1491,-117.36,360,269,357,36.80375487321172,27.157719801694714,63.96147467490644,-109.098,-4.114000000000004,-1.9041193073407736,5,-3.3942465161084923
185144,6,Extend,>>,-1539,-121.41,361,271,358,36.72563170163777,26.058956419111222,62.78458812074899,-113.22999999999999,-4.131999999999991,-1.9762363120331792,5,-3.466363520800898
185256,6,Extend,>>,-1587,-125.45,358,270,358,36.35871581473073,25.295645905199653,61.65436171993038,-117.31000000000002,-4.080000000000027,-2.0474457455145485,5,-3.5375729542822674
185367,6,Extend,>>,-1635,-129.14,358,271,357,35.54857040596415,24.602427810045448,60.1509982160096,-121.33599999999998,-4.025999999999968,-2.1177127011998396,5,-3.6078399099675584
185479,6,Extend,>>,-1683,-133.36,357,268,356,34.71662460896972,23.21570851649201,57.932333125461724,-125.34400000000001,-4.008000000000024,-2.1876654976197725,5,-3.677792706387491
185591,6,Extend,>>,-1731,-137.23,352,266,358,34.24257688400321,21.96593730589284,56.20851418989605,-129.31799999999998,-3.9739999999999753,-2.2570248820940266,5,-3.7471520908617455
185702,6,Extend,>>,-1779,-141.19,351,266,356,33.6173986055142,20.894396537078805,54.511795142593,-133.274,-3.9560000000000173,-2.3260701073029226,5,-3.8161973160706415
185813,6,Extend,>>,-1827,-145.05,353,266,355,32.18119307141883,19.20674179409122,51.38793486551005,-137.194,-3.9199999999999875,-2.3944870139811,5,-3.8846142227488185
185923,6,Extend,<<,-1827,-148.75,358,267,361,30.85391354419372,17.652889248058365,48.50680279225209,-141.11599999999999,-3.921999999999997,-2.462938827244318,5,-3.9530660360120367
186035,6,Extend,<<,-1779,-150.07,361,275,367,29.15192352348882,15.803023466398336,44.954946989887155,-144.45800000000003,-3.3420000000000414,-2.521267730845969,5,-4.011394939613687
186146,6,Extend,<<,-1731,-150.15,364,275,369,26.759102584371867,13.351678922912669,40.110781507284536,-147.042,-2.5839999999999748,-2.566367038717502,5,-4.056494247485221
186258,6,Extend,<<,-1683,-150.15,365,276,369,24.699006015830182,11.832711607835623,36.531717623665806,-148.834,-1.7920000000000016,-2.5976433389132403,5,-4.087770547680959
186369,6,Extend,<<,-1635,-147.43,366,275,367,23.03510964992745,9.865383907397026,32.900493557324474,-149.31,-0.4759999999999991,-2.6059511061527334,5,-4.096078314920452
210325,6,Extend,>>,861,81.49,370,299,527,35.01270947992199,27.847291623738208,62.860001103660196,88.43799999999999,-1.092000000000013,1.543534283878745,6,0.0
210436,6,Extend,>>,813,77.27,370,299,525,34.63166988604844,27.43538584476548,62.06705573081392,85.378,-3.059999999999988,1.4901272087677186,6,-0.05340707511102627
210548,6,Extend,>>,765,73.05,369,298,525,34.11985878854213,26.69492050294444,60.81477929148657,81.47399999999999,-3.9040000000000106,1.4219895547698598,6,-0.12154472910888514
210660,6,Extend,>>,717,68.92,371,298,526,34.518709614260985,26.374869500212657,60.89357911447364,77.288,-4.185999999999993,1.3489300722813773,6,-0.19460421159736763
210771,6,Extend,>>,669,64.88,370,298,527,34.51468176312132,26.404631361435012,60.919313124556325,73.122,-4.165999999999997,1.2762196556432936,6,-0.26731462823545127
210882,6,Extend,>>,621,60.57,369,297,528,34.12465265554948,26.68433611488866,60.80898877043814,68.938,-4.1839999999999975,1.203195079739851,6,-0.34033920413889396
210993,6,Extend,>>,573,56.44,369,297,527,34.394167391545764,26.492896886191485,60.88706427773725,64.77199999999999,-4.166000000000011,1.1304846631017669,6,-0.41304962077697804
211105,6,Extend,>>,525,52.48,370,299,528,34.521834625971934,26.76496056281335,61.286795188785284,60.658,-4.11399999999999,1.0586818176747204,6,-0.48485246620402456
211217,6,Extend,>>,477,48.35,369,299,525,34.50243184403966,26.92469790323907,61.427129747278734,56.544,-4.114000000000004,0.9868789722476736,6,-0.5566553116310713
211328,6,Extend,>>,429,44.4,369,298,526,34.5715187360355,26.662734730716014,61.23425346675151,52.448,-4.0959999999999965,0.9153902860859859,6,-0.628143997792759
211440,6,Extend,>>,381,40.35,371,298,523,34.62031367494599,26.42328520459999,61.04359887954598,48.404,-4.043999999999997,0.8448091711353354,6,-0.6987251127434095
211552,6,Extend,>>,333,36.4,370,297,523,34.45099826265315,26.227462415729164,60.678460678382315,44.396,-4.008000000000003,0.7748563747154026,6,-0.7686779091633423
211662,6,Extend,>>,285,32.44,370,298,521,34.1193873329577,26.668899660120097,60.7882869930778,40.388,-4.008000000000003,0.7049035782954698,6,-0.8386307055832751
211772,6,Extend,>>,237,28.48,368,298,518,34.02794707473528,26.77941437178812,60.8073614465234,36.414,-3.9739999999999966,0.6355441938212152,6,-0.9079900900575297
211884,6,Extend,>>,189,24.44,369,298,516,34.27119845401606,26.47418995077057,60.745388404786624,32.422000000000004,-3.9919999999999973,0.5658706500816016,6,-0.9776636337971433
211996,6,Extend,>>,141,20.48,369,298,510,34.49138866364625,26.456733224190994,60.948121887837246,28.447999999999997,-3.9740000000000073,0.4965112656073468,6,-1.047023018271398
212108,6,Extend,>>,93,16.35,371,297,502,34.60143035260626,26.363222863419985,60.96465321602624,24.438,-4.009999999999998,0.42652356260237423,6,-1.1170107212763707
212219,6,Extend,>>,45,12.31,368,297,491,34.46078088764686,26.39121287501567,60.85199376266253,20.412,-4.026,0.35625660691708255,6,-1.1872776769616624
212331,6,Extend,>>,-3,8.18,369,297,474,34.356303730072305,26.476344319599512,60.83264804967182,16.352,-4.059999999999999,0.2853962392861128,6,-1.258138044592632
212443,6,Extend,>>,-51,3.87,369,298,467,34.385723119443085,26.34175947983857,60.72748259928166,12.238000000000001,-4.113999999999999,0.21359339385906606,6,-1.329940890019679
212556,6,Extend,>>,-99,0.0,369,296,452,34.38791082541363,26.15871050583984,60.54662133125346,8.142000000000001,-4.096,0.14210470769737835,6,-1.4014295761813667
212668,6,Extend,>>,-147,-4.13,371,298,438,34.36814747305485,26.20926816294481,60.57741563599966,4.046,-4.096000000000001,0.07061602153569058,6,-1.4729182623430543
212777,6,Extend,>>,-195,-8.09,372,297,423,34.357613201099824,26.15968879120276,60.517301992302585,-0.03399999999999999,-4.08,-0.0005934119456780718,6,-1.544127695824423
212888,6,Extend,>>,-243,-12.48,370,296,411,34.27580192802945,26.064239948131,60.340041876160456,-4.1659999999999995,-4.132,-0.07271041663808377,6,-1.6162447005168288
213000,6,Extend,>>,-291,-16.53,370,295,401,34.33908024890011,26.071478726963772,60.41055897586388,-8.246,-4.080000000000001,-0.14391985011945244,6,-1.6874541339981974
213111,6,Extend,>>,-339,-20.66,369,296,391,34.33882690061164,26.02672080245725,60.36554770306889,-12.378,-4.132,-0.2160368548118581,6,-1.759571138690603
213222,6,Extend,>>,-387,-24.79,371,295,379,34.46028194418116,26.06993370981221,60.53021565399337,-16.509999999999998,-4.131999999999998,-0.28815385950426375,6,-1.8316881433830088
213334,6,Extend,>>,-435,-28.92,372,296,372,34.35735120927831,26.224111730146515,60.581462939424824,-20.676,-4.166,-0.36086427614234756,6,-1.9043985600210924
213445,6,Extend,>>,-483,-33.32,371,295,365,34.00705969891968,26.39658190477505,60.40364160369474,-24.844,-4.168000000000003,-0.4336095993654713,6,-1.9771438832442163
213558,6,Extend,>>,-531,-37.54,374,296,358,33.796278126344625,26.670138949795263,60.46641707613989,-29.046000000000003,-4.202000000000002,-0.506948334534273,6,-2.050482618413018
213669,6,Extend,>>,-579,-41.67,373,296,354,33.592475468821874,26.829195357133308,60.42167082595518,-33.248000000000005,-4.202000000000002,-0.5802870697030748,6,-2.12382135358182
213781,6,Extend,>>,-627,-45.8,371,295,354,33.94796145974104,26.33390795992875,60.28186941966979,-37.45,-4.201999999999998,-0.6536258048718765,6,-2.1971600887506213
213893,6,Extend,>>,-675,-49.76,372,296,352,34.11829694148527,26.07579244474802,60.19408938623329,-41.617999999999995,-4.167999999999992,-0.7263711280949999,6,-2.269905411973745
214006,6,Extend,>>,-723,-53.98,371,292,350,34.40857120376873,26.0803395890446,60.48891079281333,-45.75,-4.132000000000005,-0.7984881327874057,6,-2.3420224166661505
214118,6,Extend,>>,-771,-57.85,370,294,352,34.56363074185908,26.23443767081706,60.79806841267614,-49.812,-4.061999999999998,-0.8693834070034154,6,-2.4129176908821606
214230,6,Extend,>>,-819,-61.71,371,293,349,34.25101723862977,26.28087323561377,60.53189047424354,-53.81999999999999,-4.007999999999996,-0.939336203423348,6,-2.482870487302093
214341,6,Extend,>>,-867,-65.85,368,291,349,34.30374297597666,25.938503764907885,60.242246740884546,-57.83,-4.010000000000005,-1.0093239064283208,6,-2.5528581903070657
214453,6,Extend,>>,-915,-70.07,367,291,349,34.127316996320545,26.13594791134724,60.26326490766779,-61.891999999999996,-4.061999999999998,-1.0802191806443304,6,-2.6237534645230753
214563,6,Extend,>>,-963,-73.93,371,288,347,33.97759179657224,26.53271224461241,60.510304041184654,-65.88199999999999,-3.989999999999995,-1.149857817798904,6,-2.6933921016776488
214675,6,Extend,>>,-1011,-77.98,369,286,349,33.849220120660334,26.5827714910127,60.431991611673034,-69.90799999999999,-4.025999999999996,-1.2201247734841956,6,-2.7636590573629407
214788,6,Extend,>>,-1059,-82.02,371,284,350,34.10800673757545,26.390535664464927,60.49854240204038,-73.97,-4.062000000000012,-1.2910200477002056,6,-2.8345543315789508
214899,6,Extend,>>,-1107,-85.89,369,279,346,34.22012714357173,26.411050762373527,60.63117790594526,-77.978,-4.007999999999996,-1.3609728441201383,6,-2.904507127998883
215011,6,Extend,>>,-1155,-89.85,369,279,347,33.890515609668284,26.18975917910663,60.080274788774915,-81.934,-3.956000000000003,-1.4300180693290339,6,-2.9735523532077788
215122,6,Extend,>>,-1203,-93.63,367,277,349,33.83111840264873,26.050908141754668,59.882026544403395,-85.874,-3.9399999999999977,-1.4987840418576104,6,-3.042318325736355
215234,6,Extend,>>,-1251,-97.67,367,275,349,33.73020615582078,25.95959494884209,59.68980110466287,-89.812,-3.9380000000000024,-1.5675151078011471,6,-3.111049391679892
215345,6,Extend,>>,-1299,-101.54,364,274,349,33.45311415484728,26.063801064910457,59.516915219757735,-93.71599999999998,-3.903999999999982,-1.6356527617990055,6,-3.1791870456777502
215457,6,Extend,>>,-1347,-105.85,363,274,352,33.90002512950237,25.511072882890037,59.4110980123924,-97.708,-3.9920000000000186,-1.7053263055386194,6,-3.2488605894173643
215569,6,Extend,>>,-1395,-109.71,365,275,350,33.91316513683494,25.12328348041018,59.03644861724512,-101.67999999999999,-3.971999999999994,-1.7746507834278342,6,-3.318185067306579
215681,6,Extend,>>,-1443,-113.76,361,271,353,33.78696481049278,24.60612940304296,58.39309421353575,-105.70599999999999,-4.025999999999996,-1.8449177391131257,6,-3.3884520229918706
215792,6,Extend,>>,-1491,-117.63,361,272,355,33.86730851989449,23.935372739827585,57.80268125972208,-109.69800000000001,-3.9920000000000186,-1.9145912828527398,6,-3.4581255667314847
215904,6,Extend,>>,-1539,-121.58,361,269,352,33.73434318422145,23.493917839578533,57.22826102379999,-113.70599999999999,-4.007999999999981,-1.984544079272672,6,-3.528078363151417
216016,6,Extend,>>,-1587,-125.63,361,269,356,32.482720810488665,22.802211845968515,55.28493265645718,-117.66199999999999,-3.956000000000003,-2.053589304481568,6,-3.597123588360313
216127,6,Extend,>>,-1635,-129.14,357,268,354,31.52216175370853,21.63464787426527,53.1568096279738,-121.548,-3.88600000000001,-2.1214127992140677,6,-3.6649470830928124
216239,6,Extend,>>,-1683,-133.36,358,265,354,30.02021905182215,20.35147120428625,50.371690256108394,-125.46799999999999,-3.9199999999999875,-2.189829705892245,6,-3.7333639897709903
216351,6,Extend,>>,-1731,-137.14,353,267,352,27.4237095745748,18.574520828028053,45.99823040260286,-129.36999999999998,-3.901999999999987,-2.2579324533050635,6,-3.8014667371838087
216463,6,Extend,>>,-1779,-141.1,351,265,355,26.16205725502208,17.052803731592657,43.21486098661474,-133.274,-3.904000000000025,-2.3260701073029226,6,-3.8696043911816673
216575,6,Extend,>>,-1827,-145.05,355,267,354,24.684960881496025,15.405582566386876,40.0905434478829,-137.15800000000002,-3.8840000000000146,-2.393858695450383,6,-3.937392979329128
216687,6,Extend,<<,-1827,-148.75,356,270,364,22.42062115608943,12.980524645087666,35.401145801177094,-141.08,-3.921999999999997,-2.4623105087136,6,-4.005844792592345
216800,6,Extend,<<,-1779,-149.89,361,274,365,20.39269756792441,11.053076382342152,31.445773950266563,-144.386,-3.305999999999983,-2.5200110937845324,6,-4.063545377663277
216911,6,Extend,<<,-1731,-149.89,364,276,369,18.369902811365726,8.401992738317384,26.77189554968311,-146.93599999999998,-2.549999999999983,-2.5645169897103877,6,-4.108051273589132
217025,6,Extend,<<,-1683,-149.89,366,276,370,16.892612908144592,6.665356961337162,23.557969869481752,-148.69400000000002,-1.7580000000000382,-2.595199877960449,6,-4.138734161839194
217136,6,Extend,<<,-1635,-147.34,366,274,368,14.92115543407243,4.8975693334141415,19.81872476748657,-149.152,-0.45799999999997,-2.603193485934582,6,-4.146727769813327
