Time(ms),MotorID,Angle(deg),angle_smooth,delta_motor,cycle,L_cm,L_rel_cm,θ_total,∠ABC_smooth,∠BCD_smooth
33096,6,91.25,93.07000000000001,-0.9099999999999966,0,1.6243779348311227,0.0,31.227027395348713,23.8306171712953,7.396410224053412
33205,6,87.3,91.6275,-1.4425000000000097,0,1.5992015603711043,-0.025176374460018414,31.715077096292738,24.069450547676205,7.645626548616534
33315,6,83.25,89.952,-1.6754999999999995,0,1.5699585687539392,-0.05441936607718345,32.05822985252191,24.316620194416146,7.741609658105766
33425,6,79.12,86.97999999999999,-2.9720000000000084,0,1.5180873833846678,-0.10629055144645494,32.31130453228697,24.473841656426856,7.837462875860108
33535,6,75.08,83.2,-3.779999999999987,0,1.4521139376592822,-0.1722639971718405,32.29994210540967,24.478347839414543,7.821594265995131
33645,6,71.12,79.174,-4.025999999999996,0,1.3818469819739907,-0.242530952857132,32.26730801638831,24.214301822199264,8.053006194189045
33755,6,67.16,75.146,-4.028000000000006,0,1.311545119703659,-0.31283281512746375,32.19697055032151,24.0673507999108,8.12961975041071
33864,6,63.12,71.12,-4.025999999999996,0,1.2412781640183672,-0.3830997708127555,32.289330997354554,24.35429515452441,7.935035842830141
33974,6,59.08,67.112,-4.00800000000001,0,1.1713253675984343,-0.4530525672326884,32.50668852857969,24.54633384692298,7.960354681656708
34084,6,55.21,63.13800000000001,-3.9739999999999824,0,1.10196598312418,-0.5224119517069428,32.62682202123393,24.460356461484476,8.16646555974945
34194,6,51.08,59.129999999999995,-4.008000000000017,0,1.032013186704247,-0.5923647481268757,32.60168618591469,24.54475978826276,8.056926397651926
34304,6,47.03,55.104,-4.025999999999996,0,0.9617462310189553,-0.6626317038121674,32.379579566546624,24.438276667880583,7.941302898666042
34414,6,42.99,51.077999999999996,-4.026000000000003,0,0.8914792753336636,-0.7328986594974591,32.3208727070497,24.309401322409983,8.011471384639723
34524,6,38.95,47.05200000000001,-4.025999999999989,0,0.821212319648372,-0.8031656151827506,32.36749640021047,24.240154581088145,8.127341819122321
34634,6,34.81,42.972,-4.080000000000005,0,0.7500028861670033,-0.8743750486641194,32.33181601296057,24.377114872179654,7.954701140780916
34743,6,30.59,38.87400000000001,-4.097999999999992,0,0.6784792934202758,-0.9458986414108469,32.327700240173534,24.60820991168049,7.7194903284930465
34853,6,26.37,34.742000000000004,-4.132000000000005,0,0.60636228872787,-1.0180156461032528,32.440087228808764,24.600223569404516,7.839863659404245
34962,6,22.07,30.558000000000003,-4.184000000000001,0,0.5333377128244273,-1.0910402220066953,32.68846688740751,24.491510804850638,8.196956082556868
35071,6,17.85,26.338,-4.220000000000002,0,0.45968481839026654,-1.1646931164408563,32.88348441512734,24.4765999827982,8.406884432329145
35181,6,13.63,22.101999999999997,-4.236000000000004,0,0.38575267127578666,-1.238625263555336,33.00740660852067,24.693365769156777,8.31404083936389
35291,6,9.49,17.882,-4.219999999999995,0,0.31209977684162604,-1.3122781579894967,32.919060858479924,24.67705713619085,8.242003722289073
35401,6,5.27,13.662,-4.220000000000001,0,0.2384468824074653,-1.3859310524236574,32.890664715966466,24.5595144056421,8.331150310324361
35510,6,1.23,9.494,-4.168000000000001,0,0.16570155918434165,-1.458676375646781,32.855008347797146,24.52434604109017,8.330662306706978
35620,6,-2.9,5.343999999999999,-4.15,0,0.09327039522657696,-1.5311075396045457,32.9451422893472,24.451075501176906,8.494066788170297
35730,6,-6.95,1.228,-4.116,0,0.021432643214490368,-1.6029452916166322,33.160094946312306,24.25517949419589,8.904915452116416
35840,6,-11.08,-2.886,-4.114,0,-0.05037020221255635,-1.674748137043679,32.95512986454119,24.45914628406439,8.495983580476807
35950,6,-15.12,-6.964,-4.078,0,-0.12154472910888511,-1.7459226639400078,32.78148055457674,24.73887359284637,8.042606961730366
36059,6,-19.25,-11.059999999999999,-4.095999999999998,0,-0.19303341527057283,-1.8174113501016955,32.59533648263479,24.57795544882982,8.017381033804977
36169,6,-23.3,-15.14,-4.080000000000002,0,-0.2642428487519415,-1.8886207835830642,32.89244593612314,24.72153478014651,8.170911155976633
36278,6,-27.16,-19.182,-4.041999999999998,0,-0.33478905711755225,-1.959166991948675,33.199294076326616,24.810222273112643,8.389071803213973
36388,6,-31.21,-23.208,-4.026,0,-0.405056012802844,-2.029433947633967,33.15039368271551,24.810811612429987,8.339582070285521
36498,6,-35.08,-27.2,-3.992000000000001,0,-0.47472955654245763,-2.09910749137358,33.087860137325016,24.82932703018934,8.258533107135674
36608,6,-38.95,-31.140000000000004,-3.940000000000005,0,-0.5434955290710343,-2.167873463902157,32.861597732040636,24.434764090170862,8.426833641869777
36719,6,-42.81,-35.042,-3.9019999999999975,0,-0.611598276483853,-2.2359762113149757,32.87760310480808,24.538206524853777,8.339396579954302
36829,6,-46.68,-38.946000000000005,-3.9040000000000035,0,-0.6797359304817117,-2.3041138653128344,33.15515588839368,24.87862578950765,8.276530098886028
36939,6,-50.81,-42.866,-3.9199999999999946,0,-0.7481528371598893,-2.372530771991012,33.29631406450821,24.696081361430828,8.600232703077385
37049,6,-54.68,-46.786,-3.9200000000000017,0,-0.816569743838067,-2.4409476786691897,33.22547217539214,24.79120487992928,8.434267295462863
37159,6,-58.73,-50.742,-3.955999999999996,0,-0.8856149690469627,-2.5099929038780853,33.40985747590788,25.00711698820119,8.402740487706687
37269,6,-62.59,-54.698,-3.956000000000003,0,-0.9546601942558584,-2.579038129086981,34.04646188620886,25.46597572218672,8.580486164022144
37380,6,-66.73,-58.70799999999999,-4.009999999999991,0,-1.0246478972608308,-2.6490258320919535,34.56119002181451,25.649906176255914,8.9112838455586
37490,6,-70.77,-62.7,-3.9920000000000115,0,-1.0943214410004447,-2.7186993758315676,34.94394818616773,25.54915881546237,9.39478937070536
37599,6,-74.73,-66.71,-4.009999999999991,0,-1.1643091440054172,-2.78868707883654,35.3189568780756,25.736105295890447,9.582851582185157
37709,6,-79.03,-70.77000000000001,-4.0600000000000165,0,-1.2351695116363872,-2.85954744646751,35.93586489920932,26.02745840211115,9.908406497098168
37819,6,-82.99,-74.85,-4.079999999999984,0,-1.3063789451177557,-2.9307568799488783,36.89651796004282,26.199038831987508,10.697479128055315
37929,6,-87.12,-78.928,-4.078000000000003,0,-1.3775534720140843,-3.001931406845207,38.252669487525665,26.94520615794388,11.307463329581786
38039,6,-90.99,-82.97200000000001,-4.044000000000011,0,-1.4481345869647353,-3.0725125217958578,39.98550778956805,28.06321938269118,11.92228840687687
38148,6,-94.95,-87.01599999999999,-4.043999999999983,0,-1.5187157019153856,-3.1430936367465083,41.28613202697004,28.45579336724632,12.83033865972372
38258,6,-98.9,-90.99,-3.9740000000000038,0,-1.5880750863896405,-3.212453021220763,42.84321470039757,29.08652879965348,13.756685900744085
38368,6,-102.95,-94.982,-3.9920000000000044,0,-1.657748630129254,-3.282126564960377,44.98325428708476,30.432543913103505,14.55071037398126
38478,6,-107.34,-99.026,-4.043999999999997,0,-1.7283297450799047,-3.3527076799110276,46.366200241855566,31.15357187322443,15.212628368631137
38588,6,-111.21,-103.07000000000001,-4.044000000000011,0,-1.7989108600305557,-3.423288794861678,47.79514943311867,31.852252992533067,15.942896440585596
38697,6,-115.43,-107.16600000000001,-4.096000000000004,0,-1.8703995461922434,-3.494777481023366,49.9912129689326,33.220098696678754,16.77111427225385
38807,6,-119.21,-111.228,-4.061999999999983,0,-1.9412948204082527,-3.565672755239375,51.244103688599274,33.88103827612444,17.363065412474832
38916,6,-123.43,-115.324,-4.096000000000004,0,-2.0127835065699404,-3.637161441401063,52.42271210719111,34.29482620481199,18.12788590237912
39026,6,-127.12,-119.28,-3.956000000000003,0,-2.0818287317788364,-3.706206666609959,53.715550285621454,35.05813517794159,18.657415107679867
39136,6,-131.08,-123.25399999999999,-3.9739999999999895,0,-2.1511881162530906,-3.7755660510842133,55.21302170695408,35.989758229480366,19.22326347747372
39246,6,-135.21,-127.21000000000001,-3.9560000000000173,0,-2.2202333414619866,-3.8446112762931093,56.48237479413045,36.67020194728055,19.812172846849897
39356,6,-138.99,-131.166,-3.955999999999989,0,-2.289278566670882,-3.913656501502005,58.212313029042534,37.4110626932151,20.80125033582743
39465,6,-143.03,-135.086,-3.920000000000016,0,-2.35769547334906,-3.9820734081801827,61.23450676122076,38.943988242261234,22.290518518959523
39575,6,-146.73,-139.008,-3.921999999999997,0,-2.4261472866122777,-4.050525221443401,63.31535686652097,40.3203703946509,22.994986471870074
39685,6,-148.13,-142.418,-3.4099999999999966,0,-2.4856630141052842,-4.1100409489364065,66.05232206827705,41.87679465294657,24.175527415330485
39794,6,-148.22,-145.01999999999998,-2.6019999999999754,0,-2.5310764812421764,-4.155454416073299,70.22888964531674,44.195680820937085,26.03320882437965
39904,6,-148.22,-146.86599999999999,-1.8460000000000036,0,-2.5632952592339917,-4.187673194065114,76.59856751017864,48.30638360643957,28.292183903739076
40014,6,-146.11,-147.482,-0.6160000000000139,0,-2.574046487426277,-4.1984244222574,80.32646570450774,50.59513211565877,29.73133358884897
63664,6,82.9,89.758,-1.0720000000000027,1,1.5665726300050702,0.0,34.06306326634821,25.63361279011172,8.429450476236491
63776,6,78.68,86.71600000000001,-3.0419999999999874,1,1.513479714159403,-0.05309291584566722,34.08964492518269,25.71619064952824,8.37345427565445
63886,6,74.55,82.848,-3.868000000000009,1,1.4459703786922622,-0.120602251312808,34.00447759962432,25.467871797263182,8.536605802361137
63997,6,70.59,78.75,-4.097999999999999,1,1.3744467859455345,-0.1921258440595357,34.037717941959585,25.438818445884056,8.59889949607553
64109,6,66.46,74.636,-4.114000000000004,1,1.3026439405184878,-0.26392868948658244,34.280853751340445,25.75184560485508,8.529008146485367
64220,6,62.42,70.53999999999999,-4.096000000000004,1,1.2311552543567998,-0.33541737564827034,34.17649180245465,25.82591098689958,8.350580815555066
64330,6,58.37,66.478,-4.061999999999998,1,1.1602599801407902,-0.40631264986427995,34.131701290737176,25.588937238081343,8.542764052655833
64441,6,54.51,62.470000000000006,-4.0079999999999885,1,1.0903071837208578,-0.4762654462842124,34.29108829926682,25.61560213119913,8.675486168067685
64552,6,50.37,58.426,-4.044000000000004,1,1.019726068770207,-0.5468465612348632,34.148651716298914,25.55952764439849,8.589124071900427
64663,6,46.33,54.4,-4.026000000000003,1,0.9494591130849153,-0.6171135169201549,34.11949328613408,25.6706286462925,8.44886463984158
64774,6,42.46,50.407999999999994,-3.9920000000000044,1,0.8797855693453015,-0.6867870606597687,34.22596111186482,25.628180222315866,8.597780889548952
64885,6,38.42,46.418,-3.989999999999995,1,0.8101469321907279,-0.7564256978143423,34.37107454624496,25.710572929572194,8.66050161667277
64996,6,34.46,42.408,-4.009999999999998,1,0.7401592291857553,-0.8264134008193149,34.37710267325993,25.69723031309301,8.679872360166922
65106,6,30.33,38.4,-4.008000000000003,1,0.6702064327658225,-0.8963661972392477,34.364123463377794,25.7736441293264,8.590479334051391
65218,6,26.46,34.426,-3.9739999999999966,1,0.6008470482915679,-0.9657255817135023,34.23736541481904,25.65700748174332,8.580357933075716
65328,6,22.42,30.418000000000006,-4.007999999999996,1,0.5308942518716353,-1.0356783781334349,34.17256576936216,25.64102861192808,8.531537157434082
65439,6,18.37,26.407999999999998,-4.010000000000009,1,0.4609065488666625,-1.1056660811384078,34.35817466719607,25.82734963398866,8.530825033207408
65550,6,14.33,22.381999999999998,-4.026,1,0.3906395931813708,-1.1759330368236993,34.22131495939384,25.57722887147865,8.644086087915191
65662,6,10.2,18.356,-4.025999999999996,1,0.32037263749607914,-1.246199992508991,34.12948581100157,25.281277547121263,8.848208263880307
65773,6,5.98,14.26,-4.096000000000002,1,0.2488839513343914,-1.3176886786706787,34.388485678372646,25.74408813972984,8.644397538642806
65885,6,2.02,10.18,-4.08,1,0.17767451785302274,-1.3888981121520474,34.38197247292906,25.87206872125364,8.509903751675417
65996,6,-1.93,6.120000000000001,-4.059999999999999,1,0.10681415022205298,-1.4597584797830172,34.43297746891458,25.63774852222056,8.795228946694023
66108,6,-6.07,2.04,-4.080000000000001,1,0.03560471674068432,-1.5309679132643859,34.18970999776099,25.55440742410603,8.635302573654961
66218,6,-10.55,-2.1100000000000003,-4.15,1,-0.03682644721708036,-1.6033990772221505,34.10975908647472,25.65028888453259,8.459470201942128
66329,6,-14.86,-6.2780000000000005,-4.168,1,-0.10957177044020401,-1.6761444004452741,34.37666968949128,25.816450627268168,8.560219062223116
66442,6,-19.08,-10.498000000000001,-4.220000000000001,1,-0.18322466487436473,-1.749797294879435,34.575759698565136,25.714656600677053,8.861103097888083
66553,6,-23.3,-14.772,-4.273999999999999,1,-0.2578200371046024,-1.8243926671096726,34.53891255281364,25.71621744621537,8.822695106598268
66664,6,-27.43,-19.044,-4.272,1,-0.33238050274980013,-1.8989531327548703,34.25308900870495,25.48754368888037,8.765545319824577
66775,6,-31.47,-23.228,-4.184000000000001,1,-0.4054050786532429,-1.971977708658313,34.27088652417572,25.4442497161749,8.82663680800082
66888,6,-35.34,-27.324,-4.096,1,-0.4768937648149306,-2.0434663948200007,34.46562561685029,25.624176903323804,8.841448713526482
67000,6,-39.38,-31.384000000000004,-4.060000000000002,1,-0.5477541324459004,-2.1143267624509705,34.37495621104339,25.624855242983266,8.750100968060122
67112,6,-43.34,-35.392,-4.007999999999999,1,-0.6177069288658331,-2.1842795588709034,34.433341213289296,25.577550001237373,8.855791212051923
67223,6,-47.3,-39.366,-3.9739999999999966,1,-0.6870663133400877,-2.253638943345158,34.48103862722829,25.560888600787425,8.920150026440865
67334,6,-51.52,-43.376000000000005,-4.010000000000005,1,-0.7570540163450604,-2.3236266463501307,34.42177427917538,25.55372685471459,8.868047424460787
67446,6,-55.47,-47.402,-4.025999999999996,1,-0.8273209720303522,-2.3938936020354222,34.33698171958629,25.519956134112128,8.817025585474163
67558,6,-59.6,-51.446000000000005,-4.044000000000004,1,-0.8979020869810028,-2.4644747169860732,33.91712897919481,25.25681845477185,8.66031052442296
67669,6,-63.47,-55.472,-4.025999999999996,1,-0.9681690426662946,-2.5347416726713647,34.11095312928208,25.49251452939324,8.618438599888837
67781,6,-67.6,-59.532,-4.059999999999995,1,-1.0390294102972641,-2.605602040302334,34.47652515069853,25.65272326516533,8.823801885533197
67893,6,-71.47,-63.522000000000006,-3.990000000000009,1,-1.1086680474518382,-2.6752406774569084,34.61016394110423,25.714623446944454,8.895540494159777
68004,6,-75.52,-67.532,-4.009999999999991,1,-1.1786557504568105,-2.7452283804618807,34.75480850090179,25.640428507398724,9.114379993503064
68115,6,-79.74,-71.55999999999999,-4.027999999999992,1,-1.248957612727142,-2.815530242732212,34.972287899399575,25.49183024828145,9.480457651118126
68227,6,-83.78,-75.62199999999999,-4.061999999999998,1,-1.3198528869431516,-2.886425516948222,35.358171057523165,25.770063027809694,9.58810802971347
68338,6,-87.82,-79.666,-4.044000000000011,1,-1.3904340018938026,-2.9570066318988726,35.91882556934631,25.76830750027723,10.150518069069076
68450,6,-91.6,-83.69200000000001,-4.0260000000000105,1,-1.4607009575790944,-3.0272735875841645,36.43963256533673,25.892602184721405,10.547030380615324
68562,6,-95.56,-87.7,-4.007999999999996,1,-1.530653753999027,-3.097226384004097,37.220184203752986,26.46398088576925,10.756203317983736
68674,6,-99.52,-91.65599999999999,-3.955999999999989,1,-1.5996989792079226,-3.166271609212993,38.17298078001907,26.6463688118861,11.52661196813297
68786,6,-103.74,-95.648,-3.9920000000000044,1,-1.6693725229475362,-3.235945152952606,39.23429871527635,27.11036924032945,12.123929474946902
68898,6,-107.87,-99.65799999999999,-4.009999999999991,1,-1.7393602259525087,-3.305932855957579,40.78279093938335,27.71071852983228,13.072072409551062
69010,6,-112.18,-103.774,-4.116000000000014,1,-1.8111979779645955,-3.3777706079696657,41.96947050610889,28.129442752129137,13.840027753979752
69122,6,-116.13,-107.888,-4.114000000000004,1,-1.8830008233916424,-3.4495734533967126,43.106256909390815,28.744112606417147,14.36214430297367
69234,6,-119.91,-111.96599999999998,-4.0779999999999745,1,-1.9541753502879706,-3.5207479802930406,44.73750447535592,29.55002435779272,15.1874801175632
69345,6,-123.96,-116.00999999999999,-4.044000000000011,1,-2.0247564652386214,-3.5913290952436916,45.894077809231476,30.336740079069465,15.557337730162011
69457,6,-127.56,-119.94800000000001,-3.9380000000000166,1,-2.0934875311821584,-3.6600601611872285,46.899812405077625,31.025056773761374,15.874755631316251
69569,6,-131.6,-123.83200000000002,-3.8840000000000146,1,-2.1612761193296186,-3.727848749334689,48.7449962129799,32.1567228840414,16.588273328938495
69680,6,-135.56,-127.718,-3.8859999999999815,1,-2.2290996140621178,-3.795672244067188,50.46847017760982,32.83351269217004,17.634957485439774
69791,6,-139.25,-131.586,-3.868000000000009,1,-2.2966089495292588,-3.863181579534329,52.509464949592164,34.140604755339794,18.36886019425237
69903,6,-143.38,-135.47,-3.883999999999986,1,-2.364397537676718,-3.9309701676817883,55.1243518353239,35.69307015446168,19.43128168086222
70014,6,-147.08,-139.374,-3.9039999999999964,1,-2.4325351916745768,-3.999107821679647,57.98091683929816,36.91581270749889,21.065104131799277
70126,6,-148.4,-142.73399999999998,-3.359999999999985,1,-2.491178254541586,-4.057750884546657,62.30211372286351,39.64753298892451,22.654580733939
70237,6,-148.48,-145.318,-2.5840000000000316,1,-2.53627756241312,-4.10285019241819,68.36900055783791,43.86817097523932,24.500829582598588
70349,6,-148.48,-147.164,-1.8459999999999752,1,-2.568496340404935,-4.135068970410005,70.80716291494832,45.32651508611991,25.48064782882841
70461,6,-146.2,-147.728,-0.5640000000000214,1,-2.578339997386183,-4.144912627391253,73.01028908873046,46.599602124935615,26.41068696379485
94385,6,82.73,89.654,-1.0360000000000156,2,1.5647574875829962,0.0,30.26407615954141,23.34379334175817,6.920282817783242
94496,6,78.51,86.596,-3.0579999999999927,2,1.5113853190570097,-0.053372168525986474,30.27403234257637,23.429613188231315,6.844419154345054
94608,6,74.29,82.694,-3.902000000000001,2,1.4432825716441908,-0.12147491593880533,30.321335223816668,23.38465368586799,6.93668153794868
94719,6,70.24,78.54400000000001,-4.1499999999999915,2,1.3708514076864264,-0.19390607989656972,30.350446468845824,23.282363108829145,7.068083360016679
94831,6,66.02,74.35799999999999,-4.186000000000021,2,1.2977919251979433,-0.26696556238505287,30.28493771181584,23.25023610591847,7.034701605897368
94942,6,61.89,70.19000000000001,-4.167999999999978,2,1.22504660197482,-0.3397108856081761,30.157185651318542,23.40755503332104,6.749630617997502
95053,6,57.85,66.058,-4.132000000000005,2,1.1529295972824143,-0.41182789030058187,30.366309868611584,23.42064642616429,6.945663442447294
95165,6,53.98,61.996,-4.062000000000005,2,1.0820343230664047,-0.4827231645165915,30.416074729077785,23.356597952450183,7.059476776627603
95277,6,49.85,57.91799999999999,-4.07800000000001,2,1.0108597961700756,-0.5538976914129206,30.464961550080346,23.60495981728993,6.860001732790414
95389,6,45.8,53.874,-4.04399999999999,2,0.9402786812194251,-0.624478806363571,30.325147998921235,23.486250796234444,6.838897202686791
95500,6,41.85,49.866,-4.008000000000003,2,0.8703258847994924,-0.6944316027835038,30.300724956231072,23.331969824865887,6.968755131365183
95611,6,37.8,45.856,-4.009999999999998,2,0.8003381817945198,-0.7644193057884764,30.621804982738887,23.375541739097823,7.246263243641065
95722,6,33.76,41.812,-4.044000000000004,2,0.729757066843869,-0.8350004207391272,30.381844576620573,23.272434444845928,7.109410131774643
95833,6,29.71,37.784,-4.027999999999999,2,0.6594552045735375,-0.9053022830094587,30.41304716259606,23.236068686392684,7.176978476203377
95945,6,25.67,33.758,-4.025999999999996,2,0.5891882488882458,-0.9755692386947503,30.548839476785812,23.317056896282963,7.231782580502849
96057,6,21.71,29.73,-4.028000000000002,2,0.5188863866179142,-1.045871100965082,30.5027211961635,23.2385849003119,7.264136295851602
96169,6,17.76,25.722,-4.007999999999999,2,0.44893359019798146,-1.1158238973850148,30.531500416813543,23.28052792295579,7.250972493857752
96280,6,13.8,21.73,-3.992000000000001,2,0.3792600464583678,-1.1854974411246284,30.511721751315434,23.459131228478103,7.052590522837333
96391,6,9.76,17.740000000000002,-3.9899999999999984,2,0.3096214093037941,-1.255136078279202,30.467159503795656,23.27294310332525,7.194216400470408
96503,6,5.54,13.714000000000002,-4.026,2,0.23935445361850238,-1.3254030339644938,30.50421194601463,23.25044566847679,7.253766277537843
96615,6,1.67,9.706,-4.008000000000003,2,0.16940165719856962,-1.3953558303844265,30.495481353490764,23.25077100864063,7.244710344850135
96726,6,-2.46,5.662000000000001,-4.043999999999999,2,0.09882054224791895,-1.4659369453350772,30.442165233857367,23.08301775493012,7.359147478927248
96838,6,-6.42,1.6179999999999999,-4.0440000000000005,2,0.02823942729726825,-1.536518060285728,30.469987558969486,23.448109571702048,7.021877987267437
96949,6,-10.46,-2.426,-4.0440000000000005,2,-0.042341687653382434,-1.6070991752363786,30.52988312427281,23.622863667334315,6.907019456938495
97061,6,-14.59,-6.452000000000001,-4.026000000000001,2,-0.11260864333867415,-1.6773661309216703,30.49582141534804,23.57633066894047,6.919490746407567
97173,6,-18.55,-10.496,-4.044,2,-0.18318975828932485,-1.747947245872321,30.394260075515348,23.62635319854181,6.767906876973537
97285,6,-22.68,-14.540000000000001,-4.0440000000000005,2,-0.25377087323997555,-1.8185283608229716,30.411402745032703,23.51517092984389,6.896231815188811
97397,6,-26.9,-18.636000000000003,-4.096000000000002,2,-0.3252595594016633,-1.8900170469846596,30.58815928638712,23.54374449664868,7.04441478973844
97509,6,-31.03,-22.75,-4.113999999999997,2,-0.39706240482870997,-1.961819892411706,30.546085325402885,23.46328302655467,7.082802298848216
97621,6,-34.99,-26.830000000000002,-4.080000000000002,2,-0.4682718383100786,-2.0330293258930747,30.519689787372318,23.465814201304816,7.053875586067502
97733,6,-39.38,-30.996,-4.165999999999997,2,-0.5409822549481623,-2.1057397425311586,30.64789600381219,23.50691868346013,7.140977320352061
97844,6,-43.43,-35.146,-4.150000000000002,2,-0.613413418905927,-2.178170906488923,30.385996175326845,23.57656338365158,6.8094327916752615
97956,6,-47.47,-39.260000000000005,-4.114000000000004,2,-0.6852162643329739,-2.24997375191597,30.28801079234472,23.439218228023577,6.848792564321146
98068,6,-51.69,-43.392,-4.131999999999998,2,-0.7573332690253796,-2.3220907566083757,30.320732466055453,23.08645386014995,7.234278605905505
98181,6,-55.56,-47.506,-4.113999999999997,2,-0.8291361144524262,-2.3938936020354222,30.365297638947492,23.27488210663517,7.09041553231232
98292,6,-59.69,-51.568000000000005,-4.062000000000005,2,-0.9000313886684359,-2.464788876251432,30.565980951957087,23.435567079829816,7.13041387212727
98403,6,-63.56,-55.59400000000001,-4.026000000000003,2,-0.9702983443537277,-2.535055831936724,30.562528258654297,23.429721083672145,7.13280717498215
98515,6,-67.87,-59.674,-4.079999999999991,2,-1.0415077778350963,-2.6062652654180924,30.69083075855528,23.47573293789422,7.215097820661056
98626,6,-71.82,-63.7,-4.026000000000003,2,-1.111774733520388,-2.6765322211033844,30.71711752740204,23.215303174740296,7.501814352661743
98737,6,-75.96,-67.78,-4.079999999999998,2,-1.1829841670017567,-2.747741654584753,30.88032646471898,23.346187960965523,7.534138503753457
98849,6,-80.09,-71.86,-4.079999999999998,2,-1.2541936004831251,-2.8189510880661213,31.345004255807545,23.308977500105584,8.03602675570196
98960,6,-84.04,-75.95599999999999,-4.095999999999989,2,-1.3256822866448128,-2.8904397742278087,31.6575205760024,23.1321523342559,8.525368241746502
99072,6,-88.09,-80.0,-4.044000000000011,2,-1.3962634015954636,-2.9610208891784597,32.215252833049874,23.303700498638783,8.911552334411091
99183,6,-91.96,-84.02799999999999,-4.027999999999992,2,-1.466565263865795,-3.0313227514487915,32.852547812718015,23.360692908009284,9.491854904708728
99295,6,-95.91,-88.018,-3.990000000000009,2,-1.536203901020369,-3.1009613886033653,33.66433249397511,23.619139341721752,10.04519315225336
99406,6,-99.78,-91.95599999999999,-3.937999999999988,2,-1.6049349669639055,-3.169692454546902,35.07350534773329,24.361221506882732,10.71228384085056
99518,6,-104.0,-95.94800000000001,-3.9920000000000186,2,-1.6746085107035193,-3.2393659982865155,36.41183796259264,25.02838538240761,11.383452580185036
99631,6,-108.04,-99.938,-3.989999999999995,2,-1.7442471478580932,-3.3090046354410894,38.75280701915359,26.29667314486952,12.456133874284074
99741,6,-112.0,-103.946,-4.007999999999996,2,-1.8141999442780257,-3.378957431861022,40.5564431053036,27.391402951104048,13.165040154199549
99854,6,-116.13,-107.99000000000001,-4.044000000000011,2,-1.8847810592286767,-3.449538546811673,42.486148678551245,28.328263658643408,14.157885019907836
99966,6,-120.09,-112.05199999999999,-4.061999999999983,2,-1.955676333444686,-3.520433821027682,45.37676638375838,30.13830895077283,15.238457432985552
100077,6,-124.22,-116.096,-4.044000000000011,2,-2.026257448395337,-3.5910149359783334,47.59311758171154,31.52283543090921,16.070282150802328
100189,6,-127.82,-120.05199999999999,-3.955999999999989,2,-2.095302673604232,-3.6600601611872285,49.61522221090731,32.716001728662256,16.899220482245056
100300,6,-131.96,-124.04400000000001,-3.9920000000000186,2,-2.1649762173438463,-3.7297337049268426,52.737994313459744,34.60219042511404,18.135803888345706
100411,6,-135.91,-128.0,-3.955999999999989,2,-2.234021442552742,-3.7987789301357378,54.910361360563655,36.02323276512233,18.88712859544133
100522,6,-139.87,-131.956,-3.955999999999989,2,-2.3030666677616374,-3.8678241553446338,56.25331770936016,36.98256674997257,19.270750959387595
100634,6,-143.91,-135.89399999999998,-3.937999999999988,2,-2.371797733705174,-3.9365552212881703,58.4241511204038,38.153909128316734,20.270241992087065
100746,6,-147.6,-139.85,-3.9560000000000173,2,-2.44084295891407,-4.005600446497066,60.387557789843896,39.40714271244816,20.980415077395733
100858,6,-148.66,-143.19,-3.3400000000000034,2,-2.4991369559306804,-4.063894443513677,62.06758609804688,40.43534467945548,21.6322414185914
100971,6,-148.66,-145.74,-2.5500000000000114,2,-2.543642851856536,-4.108400339439532,63.973796704206734,41.16634934015188,22.80744736405485
101082,6,-148.66,-147.498,-1.7579999999999814,2,-2.574325740106596,-4.139083227689592,65.52061726885393,42.090185187451134,23.430432081402785
101193,6,-146.29,-147.974,-0.4759999999999991,2,-2.582633507346089,-4.1473909949290855,67.33844742205946,43.21683768345596,24.1216097386035
125098,6,82.73,89.636,-1.0900000000000034,3,1.564443328317637,0.0,24.593382094317633,20.622167906738447,3.971214187579184
125209,6,78.51,86.578,-3.0579999999999927,3,1.5110711597916506,-0.053372168525986474,24.642792797539656,20.5603962674195,4.082396530120157
125320,6,74.2,82.658,-3.9200000000000017,3,1.442654253113473,-0.12178907520416415,24.739044783933345,20.45541404945124,4.283630734482107
125431,6,70.15,78.49,-4.168000000000006,3,1.369908929890349,-0.19453439842728804,24.729158298464007,20.73766911734639,3.9914891811176174
125542,6,66.02,74.322,-4.167999999999992,3,1.2971636066672256,-0.2672797216504115,24.790448428980575,20.66835336307719,4.122095065903384
125653,6,61.89,70.15400000000001,-4.167999999999992,3,1.2244182834441022,-0.3400250448735349,24.904604577904298,20.310425833542872,4.594178744361424
125764,6,57.85,66.02199999999999,-4.132000000000019,3,1.1523012787516962,-0.4121420495659409,24.786883773625398,20.209229832355746,4.57765394126965
125875,6,53.89,61.96,-4.0619999999999905,3,1.0814060045356866,-0.4830373237819505,25.049075384470797,20.44945415135572,4.599621233115076
125986,6,49.76,57.882000000000005,-4.077999999999996,3,1.010231477639358,-0.5542118506782792,25.207137978737343,20.31750830970901,4.889629669028333
126097,6,45.63,53.803999999999995,-4.07800000000001,3,0.939056950743029,-0.6253863775746081,25.07907652141357,20.473912571485798,4.6051639499277695
126208,6,41.67,49.760000000000005,-4.04399999999999,3,0.8684758357923785,-0.6959674925252586,25.094225360151924,20.51289837684409,4.581326983307834
126319,6,37.71,45.732,-4.028000000000006,3,0.7981739735220468,-0.7662693547955903,25.066742365305714,20.355423095482514,4.711319269823198
126431,6,33.76,41.706,-4.025999999999996,3,0.7279070178367552,-0.836536310480882,24.92016055479634,20.63356353330204,4.286597021494299
126542,6,29.8,37.714,-3.9920000000000044,3,0.6582334740971414,-0.9062098542204957,24.883765535457826,20.8004694489427,4.083296086515125
126653,6,25.76,33.739999999999995,-3.9740000000000038,3,0.5888740896228867,-0.9755692386947504,24.948593124353067,20.515914147784024,4.432678976569045
126764,6,21.89,29.784000000000002,-3.9559999999999924,3,0.5198288644139911,-1.0446144639036459,24.98793831094124,20.468110349059128,4.519827961882113
126875,6,17.93,25.827999999999996,-3.9560000000000066,3,0.45078363920509534,-1.1136596891125419,25.028711397110385,20.55712118571034,4.471590211400046
126986,6,14.15,21.906000000000002,-3.9219999999999935,3,0.38233182594187787,-1.1821115023757591,25.067612331296736,20.33541462179807,4.732197709498669
127097,6,10.02,17.95,-3.956000000000003,3,0.31328660073298215,-1.251156727584655,25.165932242349392,20.518962883730456,4.646969358618936
127210,6,5.98,13.994,-3.9559999999999995,3,0.24424137552408648,-1.3202019527935507,25.152979464102888,20.476277154203693,4.676702309899194
127321,6,2.11,10.038,-3.9559999999999995,3,0.1751961503151908,-1.3892471780024462,24.97664738028128,20.26390358597975,4.712743794301529
127432,6,-1.76,6.1,-3.9380000000000006,3,0.1064650843716541,-1.457978243945983,24.932482199830506,20.45396065085452,4.478521548975987
127543,6,-5.63,2.1440000000000006,-3.955999999999999,3,0.03741985916275844,-1.5270234691548787,25.212684832762903,20.49253749335066,4.720147339412243
127654,6,-9.32,-1.7239999999999998,-3.8680000000000003,3,-0.03008947630438224,-1.5945328046220193,25.296799031714027,20.33240010612056,4.964398925593467
127767,6,-13.54,-5.628,-3.9040000000000004,3,-0.09822713030224087,-1.662670458619878,25.085122787692875,20.28895307293013,4.796169714762745
127878,6,-17.32,-9.514,-3.8859999999999992,3,-0.1660506250347405,-1.7304939533523775,25.03727378700317,20.3741719450311,4.663101841972067
127989,6,-21.54,-13.469999999999999,-3.9559999999999995,3,-0.23509585024363616,-1.7995391785612733,25.031895459392892,20.38506120837324,4.64683425101965
128100,6,-25.49,-17.442,-3.9720000000000013,3,-0.30442032813285097,-1.8688636564504881,24.84031549530829,20.309082825050343,4.531232670257945
128211,6,-29.63,-21.503999999999998,-4.061999999999998,3,-0.3753156023488606,-1.9397589306664977,25.073916086060102,20.303300889077168,4.770615196982935
128322,6,-33.76,-25.548,-4.0440000000000005,3,-0.4458967172995113,-2.0103400456171485,25.31698321887462,20.520098127363003,4.7968850915116175
128432,6,-37.98,-29.679999999999996,-4.131999999999998,3,-0.518013721991917,-2.082457050309554,25.07771388275005,20.59627587669752,4.481438006052532
128543,6,-42.2,-33.812,-4.1320000000000014,3,-0.5901307266843226,-2.1545740550019596,25.279801160560368,20.635267187104205,4.644533973456164
128655,6,-46.33,-37.98,-4.167999999999999,3,-0.6628760499074463,-2.2273193782250833,25.5133259416952,20.60380409252985,4.90952184916535
128766,6,-50.9,-42.233999999999995,-4.253999999999998,3,-0.7371223562872851,-2.301565684604922,25.339899732885446,20.33725203474654,5.0026476981389045
128878,6,-54.95,-46.472,-4.238000000000007,3,-0.8110894099868049,-2.3755327383044422,25.607557601381384,20.37274292331977,5.234814678061613
128989,6,-59.08,-50.692,-4.219999999999999,3,-0.8847423044209656,-2.449185632738603,25.561926903980815,20.53694237743738,5.024984526543435
129101,6,-63.03,-54.85799999999999,-4.16599999999999,3,-0.9574527210590491,-2.521896049376686,25.777532050054884,20.459102962611205,5.31842908744368
129213,6,-67.16,-59.024,-4.166000000000011,3,-1.0301631376971332,-2.5946064660147705,26.271742936452984,20.613831421159688,5.657911515293296
129324,6,-71.12,-63.068000000000005,-4.044000000000004,3,-1.1007442526477837,-2.665187580965421,26.357750491597514,20.491026626437023,5.86672386516049
129435,6,-75.16,-67.11,-4.0419999999999945,3,-1.1712904610133945,-2.7357337893310314,27.285748630730588,20.46252915916481,6.823219471565778
129547,6,-79.65,-71.224,-4.114000000000004,3,-1.2430933064404412,-2.8075366347580784,28.26073837844034,20.865047852145707,7.395690526294633
129658,6,-83.6,-75.338,-4.11399999999999,3,-1.314896151867488,-2.8793394801851253,29.12769934721983,21.587924785380043,7.539774561839789
129769,6,-87.65,-79.43599999999999,-4.097999999999999,3,-1.3864197446142155,-2.9508630729318526,31.066390611741838,22.753911080829603,8.312479530912235
129880,6,-91.52,-83.51599999999999,-4.079999999999998,3,-1.4576291780955841,-3.0220725064132212,32.7164413172934,23.666245648315,9.0501956689784
129991,6,-95.47,-87.578,-4.062000000000012,3,-1.528524452311594,-3.0929677806292313,34.341659570193485,24.35878256848217,9.982877001711316
130103,6,-99.43,-91.534,-3.956000000000003,3,-1.5975696775204897,-3.162013005838127,36.218127194476295,25.40030299187896,10.817824202597336
130214,6,-103.82,-95.578,-4.043999999999997,3,-1.6681507924711403,-3.2325941207887774,37.45406063039842,26.07701749125293,11.377043139145492
130326,6,-107.96,-99.64000000000001,-4.062000000000012,3,-1.7390460666871501,-3.303489395004787,38.63404566474272,26.60449919136083,12.029546473381892
130437,6,-112.09,-103.75399999999999,-4.113999999999976,3,-1.8108489121141964,-3.3752922404318335,40.13494112964155,27.335834895258746,12.799106234382798
130549,6,-116.31,-107.922,-4.168000000000006,3,-1.8835942353373203,-3.4480375636549576,41.349441602666076,27.84843363382388,13.501007968842195
130661,6,-120.26,-112.08800000000001,-4.166000000000011,3,-1.9563046519754042,-3.5207479802930415,42.609548715076585,28.72981744852911,13.879731266547475
130772,6,-124.31,-116.186,-4.097999999999999,3,-2.027828244722132,-3.5922715730397687,44.33814278250487,29.563031021962907,14.77511176054196
130884,6,-128.0,-120.194,-4.007999999999996,3,-2.0977810411420643,-3.662224369459701,46.510770628536385,30.59810884299196,15.912661785544426
130994,6,-132.13,-124.202,-4.007999999999996,3,-2.1677338375619972,-3.7321771658796346,48.56281210143221,32.135142949052025,16.427669152380183
131106,6,-136.0,-128.14000000000001,-3.9380000000000166,3,-2.236464903505534,-3.800908231823171,51.09188326143102,33.72793949050362,17.3639437709274
131217,6,-139.87,-132.06199999999998,-3.9219999999999686,3,-2.304916716768751,-3.8693600450863883,53.441368932975266,35.008689395304934,18.43267953767033
131328,6,-143.91,-135.982,-3.920000000000016,3,-2.3733336234469293,-3.937776951764566,55.520709227370226,36.24335068521299,19.277358542157238
131439,6,-147.6,-139.902,-3.9199999999999875,3,-2.441750530125107,-4.006193858442744,58.100267234403304,37.8674327785972,20.23283445580611
131551,6,-148.66,-143.20800000000003,-3.30600000000004,3,-2.49945111519604,-4.063894443513677,61.013548401931104,39.89955690000558,21.11399150192553
131662,6,-148.66,-145.73999999999998,-2.531999999999954,3,-2.5436428518565357,-4.108086180174173,63.886341129363274,41.86773671986947,22.0186044094938
131773,6,-148.66,-147.498,-1.7580000000000098,3,-2.574325740106596,-4.138769068424233,66.6171101976877,43.663785245132495,22.953324952555203
131884,6,-146.29,-147.974,-0.4759999999999991,3,-2.582633507346089,-4.147076835663726,69.09481498484288,44.986586022416816,24.10822896242607
155758,6,82.73,89.654,-1.0900000000000034,4,1.5647574875829962,0.0,25.814890325243322,21.303872704381742,4.51101762086158
155870,6,78.42,86.578,-3.0759999999999934,4,1.5110711597916506,-0.05368632779134552,25.954995356399884,21.787093378140987,4.1679019782588975
155981,6,74.29,82.676,-3.902000000000001,4,1.442968412378832,-0.12178907520416415,25.782889452472684,21.64891547547751,4.133973976995176
156094,6,70.15,78.50800000000001,-4.167999999999992,4,1.3702230891557083,-0.1945343984272878,25.67555090562274,21.52973794171735,4.14581296390539
156205,6,66.02,74.322,-4.186000000000007,4,1.2971636066672256,-0.2675938809157705,25.694671731820193,21.581297971199533,4.11337376062066
156318,6,61.8,70.136,-4.186000000000007,4,1.224104124178743,-0.34065336340425323,25.987417587959833,21.82895853666801,4.158459051291821
156429,6,57.67,65.98599999999999,-4.150000000000006,4,1.151672960220978,-0.41308452736201806,26.20389922924161,22.014149984292292,4.189749244949318
156541,6,53.8,61.888,-4.097999999999992,4,1.0801493674742506,-0.48460812010874554,25.971821162433834,21.98471739115996,3.987103771273872
156652,6,49.67,57.791999999999994,-4.096000000000004,4,1.008660681312563,-0.5560968062704332,26.12556136354071,21.98423970367371,4.141321659867002
156764,6,45.63,53.714,-4.077999999999996,4,0.9374861544162342,-0.627271333166762,26.269435731582785,22.285679487768668,3.983756243814116
156874,6,41.67,49.688,-4.025999999999996,4,0.8672191987309426,-0.6975382888520536,26.19049810592333,22.12639073603443,4.064107369888899
156985,6,37.63,45.68,-4.008000000000003,4,0.7972664023110098,-0.7674910852719864,26.113738944125743,21.858006019986405,4.255732924139336
157097,6,33.67,41.65400000000001,-4.025999999999989,4,0.7269994466257182,-0.8377580409572779,26.035501390053625,21.805057955967367,4.230443434086259
157208,6,29.63,37.646,-4.00800000000001,4,0.6570466502057853,-0.9077108373772108,26.198769098306308,22.120999067291905,4.077770031014401
157318,6,25.76,33.672000000000004,-3.9739999999999966,4,0.5876872657315307,-0.9770702218514654,26.324586314911716,22.33532113961741,3.989265175294308
157430,6,21.8,29.698,-3.9740000000000038,4,0.518327881257276,-1.0464296063257201,26.489448003354703,22.211639110280597,4.277808893074104
157541,6,17.85,25.742,-3.9559999999999995,4,0.4492826560483803,-1.115474831534616,26.26042498833644,22.18709185191277,4.073333136423672
157653,6,13.8,21.768,-3.974,4,0.37992327157412564,-1.1848342160088705,26.243914528927437,22.108330219890657,4.135584309036779
157764,6,9.85,17.812,-3.9559999999999995,4,0.31087804636523,-1.2538794412177663,26.437737756667275,22.061820447306783,4.37591730936049
157875,6,5.71,13.802000000000001,-4.01,4,0.2408903433602574,-1.3238671442227388,26.398716759487904,21.983316331533484,4.41540042795442
157987,6,1.93,9.828000000000001,-3.974,4,0.17153095888600273,-1.3932265286969934,26.425490189171736,21.97552899710254,4.449961192069196
158098,6,-2.02,5.854,-3.974000000000001,4,0.10217157441174805,-1.4625859131712482,26.375600695125705,22.028068283050303,4.347532412075402
158209,6,-5.8,1.934,-3.92,4,0.03375466773357033,-1.5310028198494259,26.48865262790601,22.10094975426984,4.387702873636169
158320,6,-9.67,-1.97,-3.904,4,-0.03438298626428829,-1.5991404738472845,26.267029724357926,22.05881660940548,4.208213114952446
158430,6,-13.89,-5.89,-3.92,4,-0.102799892942466,-1.6675573805254622,25.92189481759398,21.76629533430212,4.155599483291857
158542,6,-18.02,-9.879999999999999,-3.9899999999999993,4,-0.17243853009703974,-1.7371960176800358,26.02082220612166,21.66601897040508,4.354803235716582
158653,6,-22.15,-13.906,-4.026000000000002,4,-0.24270548578233148,-1.8074629733653276,26.122933668499634,21.76367845528229,4.359255213217347
158764,6,-26.2,-17.985999999999997,-4.0799999999999965,4,-0.3139149192637001,-1.8786724068466962,26.2942380380744,22.150882178464776,4.143355859609624
158875,6,-30.51,-22.154,-4.168000000000003,4,-0.3866602424868238,-1.95141773006982,26.297945309481534,22.14433100452596,4.153614304955575
158987,6,-34.55,-26.286,-4.1320000000000014,4,-0.45877724717922946,-2.0235347347622255,26.12983985863311,21.83921404831105,4.290625810322063
159097,6,-38.68,-30.418,-4.131999999999998,4,-0.5308942518716352,-2.0956517394546315,25.946689257377653,21.43473084332513,4.511958414052521
159210,6,-42.99,-34.586,-4.167999999999999,4,-0.6036395750947587,-2.168397062677755,26.18081714087407,21.77672929894743,4.404087841926638
159321,6,-47.38,-38.822,-4.236000000000004,4,-0.6775717222092387,-2.242329209792235,26.45434649064655,21.931515882989217,4.522830607657335
159433,6,-51.69,-43.05800000000001,-4.236000000000004,4,-0.7515038693237185,-2.3162613569067148,26.445150641829407,21.57781391611631,4.867336725713099
159545,6,-55.47,-47.242000000000004,-4.1839999999999975,4,-0.8245284452271613,-2.389285932810157,26.211811671689464,21.424540576628072,4.787271095061392
159656,6,-59.52,-51.410000000000004,-4.167999999999999,4,-0.8972737684502848,-2.462031256033281,26.32994142792691,21.57000005513144,4.759941372795472
159766,6,-63.56,-55.524,-4.113999999999997,4,-0.9690766138773316,-2.533834101460328,26.788888670082514,22.000918218282933,4.787970451799581
159878,6,-67.87,-59.622,-4.097999999999999,4,-1.0406002066240592,-2.605357694207055,26.98836815462025,22.22284317272782,4.76552498189243
159990,6,-71.65,-63.614,-3.9919999999999973,4,-1.1102737503636728,-2.675031237946669,27.041083497068048,22.126680774540503,4.914402722527544
160102,6,-75.6,-67.64000000000001,-4.026000000000018,4,-1.1805407060489648,-2.745298193631961,27.27782912525852,22.058304795720755,5.219524329537766
160214,6,-80.0,-71.736,-4.095999999999989,4,-1.2520293922106522,-2.816786879793648,27.667806576327983,22.087807641807213,5.579998934520771
160325,6,-84.31,-75.886,-4.1499999999999915,4,-1.3244605561684168,-2.889218043751413,27.661921232976944,22.079277089594186,5.5826441433827565
160435,6,-88.26,-79.964,-4.078000000000003,4,-1.3956350830647457,-2.960392570647742,28.07368398780442,22.437001963087297,5.636682024717121
160547,6,-92.04,-84.042,-4.078000000000003,4,-1.4668096099610746,-3.0315670975440705,28.93214049854577,22.565286477393528,6.366854021152242
160659,6,-95.91,-88.104,-4.061999999999998,4,-1.5377048841770842,-3.1024623717600806,29.785526439195124,22.86542575204805,6.920100687147072
160770,6,-99.78,-92.06,-3.956000000000003,4,-1.6067501093859797,-3.1715075969689757,31.25364543830258,23.63381084424784,7.61983459405474
160883,6,-104.09,-96.01599999999999,-3.955999999999989,4,-1.6757953345948753,-3.2405528221778717,32.41042856507636,24.1903551175792,8.220073447497153
160994,6,-108.13,-99.99,-3.9740000000000038,4,-1.7451547190691301,-3.3099122066521263,33.70944505498187,24.89788557712396,8.811559477857909
161105,6,-112.18,-104.018,-4.028000000000006,4,-1.8154565813394616,-3.3802140689224576,35.61717488396635,26.447080904594863,9.170093979371485
161217,6,-116.22,-108.08,-4.061999999999998,4,-1.8863518555554712,-3.4511093431384676,36.9215337965182,27.280695493443837,9.64083830307436
161330,6,-120.18,-112.16,-4.079999999999998,4,-1.95756128903684,-3.5223187766198363,39.466245321530245,28.326178439919055,11.140066881611189
161441,6,-124.31,-116.204,-4.043999999999997,4,-2.0281424039874905,-3.592899891570487,42.525599021367256,29.46977139135526,13.055827630011995
161553,6,-128.0,-120.17800000000003,-3.974000000000032,4,-2.097501788461746,-3.6622592760447423,45.370403195629294,30.65176756835412,14.718635627275177
161665,6,-132.31,-124.204,-4.025999999999968,4,-2.167768744147037,-3.7325262317300334,48.73588073864323,32.651062902712404,16.084817835930828
161777,6,-136.18,-128.196,-3.9920000000000044,4,-2.2374422878866507,-3.8021997754696466,50.96691971096418,33.82555619549398,17.141363515470193
161889,6,-140.04,-132.168,-3.9720000000000084,4,-2.3067667657758655,-3.871524253358862,53.28770692952004,35.49399794668884,17.7937089828312
161999,6,-144.09,-136.124,-3.955999999999989,4,-2.375811990984761,-3.940569478567757,57.04031500664597,38.122076088625406,18.91823891802056
162110,6,-147.69,-140.06199999999998,-3.937999999999988,4,-2.4445430569282975,-4.0093005445112935,59.69760133527983,39.50641526089122,20.19118607438861
162221,6,-148.66,-143.33200000000002,-3.2700000000000387,4,-2.501615323468513,-4.066372811051509,61.94054467064958,41.16706897996255,20.77347569068703
162333,6,-148.66,-145.828,-2.495999999999981,4,-2.545178741598291,-4.1099362291812875,64.57444115771304,42.868445305599,21.70599585211404
162444,6,-148.66,-147.552,-1.7239999999999895,4,-2.575268217902673,-4.1400257054856695,66.78647865494749,44.123254232509126,22.663224422438365
162556,6,-146.29,-147.99200000000002,-0.44000000000002615,4,-2.5829476666114486,-4.147705154194445,68.91812868444197,45.33607914231148,23.58204954213049
186458,6,82.29,89.232,-1.1239999999999952,5,1.5573921981395802,0.0,22.65857322123214,19.276259107941875,3.3823141132902634
186569,6,78.07,86.174,-3.0579999999999927,5,1.5040200296135937,-0.053372168525986474,22.768974566576603,19.50225388413605,3.266720682440553
186681,6,73.85,82.272,-3.902000000000001,5,1.4359172822007749,-0.12147491593880533,22.98553855059149,19.6775235802904,3.3080149703010875
186792,6,69.8,78.104,-4.168000000000006,5,1.3631719589776512,-0.194220239161929,23.20507775341251,19.26614606853917,3.93893168487334
186903,6,65.67,73.936,-4.167999999999992,5,1.2904266357545275,-0.26696556238505265,23.410101968097194,19.004461103872465,4.405640864224728
187014,6,61.45,69.768,-4.168000000000006,5,1.2176813125314039,-0.3397108856081763,23.42864431806152,19.318008304060747,4.110636014000771
187125,6,57.41,65.636,-4.132000000000005,5,1.145564307838998,-0.4118278903005821,23.43388923230307,19.467884432204848,3.966004800098221
187236,6,53.45,61.556,-4.079999999999998,5,1.0743548743576294,-0.48303732378195074,23.589312124869636,19.522578007570942,4.066734117298694
187346,6,49.32,57.46,-4.0959999999999965,5,1.0028661881959418,-0.5545260099436384,23.65206733544631,19.632727806970514,4.019339528475798
187458,6,45.36,53.398,-4.061999999999998,5,0.9319709139799321,-0.625421284159648,23.668757837387222,19.49360507248181,4.175152764905412
187569,6,41.41,49.39,-4.008000000000003,5,0.8620181175599994,-0.6953740805795808,23.88026425550962,19.676823194166367,4.203441061343253
187680,6,37.45,45.398,-3.9919999999999973,5,0.7923445738203858,-0.7650476243191944,23.688809768418203,19.82441639919924,3.864393369218961
187791,6,33.58,41.424,-3.9740000000000038,5,0.7229851893461311,-0.8344070087934491,23.500237513120343,19.58501695111184,3.915220562008504
187903,6,29.54,37.468,-3.955999999999996,5,0.6539399641372354,-0.9034522340023448,23.5398004762977,19.565909682057207,3.973890794240492
188014,6,25.41,33.477999999999994,-3.990000000000009,5,0.5843013269826616,-0.9730908711569186,23.609132527547143,19.518857069376477,4.090275458170666
188125,6,21.63,29.522,-3.955999999999996,5,0.5152561017737659,-1.0421360963658142,23.792406959135615,19.44921138052452,4.343195578611095
188237,6,17.49,25.53,-3.9919999999999973,5,0.44558255803415237,-1.1118096401054278,23.896213624329423,19.483980575733494,4.4122330485959305
188348,6,13.45,21.503999999999998,-4.026000000000003,5,0.3753156023488606,-1.1820765957907196,23.520503664454488,19.44494342325612,4.075560241198366
188459,6,9.32,17.46,-4.043999999999997,5,0.30473448739820996,-1.2526577107413703,23.410691476678416,19.53208779633117,3.878603680347247
188571,6,5.19,13.416,-4.0440000000000005,5,0.23415337244755927,-1.323238825692021,23.865490170328158,19.83687767659631,4.028612493731849
188683,6,1.23,9.336,-4.08,5,0.1629439389661906,-1.3944482591733895,23.682139261308023,19.646355224094265,4.035784037213757
188793,6,-2.73,5.292,-4.0440000000000005,5,0.09236282401553991,-1.4650293741240403,23.698930775727092,19.443518860638708,4.255411915088383
188904,6,-6.77,1.2480000000000002,-4.044,5,0.021781709064889236,-1.5356104890746909,24.010331256274963,19.59236574554981,4.4179655107251525
189016,6,-10.9,-2.7960000000000003,-4.0440000000000005,5,-0.04879940588576146,-1.6061916040253417,23.86554299412372,19.42048055775381,4.4450624363699145
189127,6,-15.12,-6.858,-4.061999999999999,5,-0.11969468010177112,-1.6770868782413513,23.740729506056876,19.337285835900325,4.403443670156552
189238,6,-19.16,-10.935999999999998,-4.0779999999999985,5,-0.19086920699809984,-1.7482614051376801,24.027295814759228,19.64130871495566,4.385987099803567
189349,6,-23.3,-15.05,-4.1140000000000025,5,-0.26267205242514663,-1.8200642505647269,23.93506012633169,19.662900785544327,4.272159340787361
189461,6,-27.43,-19.182,-4.131999999999998,5,-0.33478905711755225,-1.8921812552571324,23.7833594601375,19.321703810124436,4.461655650013065
189572,6,-31.82,-23.366,-4.184000000000001,5,-0.40781363302099505,-1.9652058311605751,23.811275631854706,19.49296307222979,4.318312559624915
189683,6,-36.13,-27.568,-4.202000000000002,5,-0.4811523681897968,-2.038544566329377,23.789354097103143,19.64307622897627,4.146277868126871
189794,6,-40.18,-31.772000000000002,-4.204000000000001,5,-0.5545260099436384,-2.1119182080832184,23.813486383276317,19.499317535024023,4.314168848252293
189906,6,-43.96,-35.903999999999996,-4.131999999999994,5,-0.626643014636044,-2.1840352127756244,24.006984761532745,19.660074122668405,4.346910638864341
190018,6,-48.18,-40.054,-4.150000000000006,5,-0.6990741785938088,-2.256466376733389,23.801007260482233,19.642055180398827,4.158952080083405
190129,6,-52.13,-44.116,-4.061999999999998,5,-0.7699694528098184,-2.3273616509493986,23.593999137852663,19.48923935241537,4.104759785437292
190241,6,-56.0,-48.089999999999996,-3.9739999999999966,5,-0.839328837284073,-2.3967210354236532,23.977126456450808,19.973232857649734,4.003893598801074
190352,6,-60.13,-52.08,-3.990000000000002,5,-0.9089674744386468,-2.466359672578227,24.109766452445275,20.001565330175257,4.108201122270018
190464,6,-64.35,-56.158,-4.078000000000003,5,-0.9801420013349756,-2.537534199474556,24.250366851952815,19.783618653888773,4.466748198064042
190575,6,-68.66,-60.254,-4.0959999999999965,5,-1.0516306874966632,-2.6090228856362434,24.352961819372997,19.904207880728592,4.448753938644404
190687,6,-72.44,-64.316,-4.062000000000005,5,-1.122525961712673,-2.679918159852253,24.94769239643161,20.340643382760163,4.607049013671446
190798,6,-76.57,-68.42999999999999,-4.11399999999999,5,-1.1943288071397196,-2.7517210052792995,25.730096982958614,20.60518233538542,5.12491464757319
190910,6,-80.53,-72.51,-4.0800000000000125,5,-1.2655382406210884,-2.8229304387606686,26.279877089379553,20.43444101828144,5.845436071098115
191022,6,-84.48,-76.53599999999999,-4.025999999999982,5,-1.3358051963063797,-2.89319739444596,26.92774577217949,20.60627333903342,6.32147243314607
191133,6,-88.53,-80.51,-3.974000000000018,5,-1.4051645807806348,-2.9625567789202147,28.161188678156943,21.250701772417287,6.910486905739655
191245,6,-92.31,-84.48400000000001,-3.9740000000000038,5,-1.4745239652548896,-3.03191616339447,29.041613966099327,21.518825729941877,7.522788236157451
191356,6,-96.18,-88.406,-3.921999999999997,5,-1.542975778518107,-3.1003679766576875,30.477242049463964,21.83778342723526,8.639458622228705
191468,6,-100.04,-92.308,-3.902000000000001,5,-1.611078525930926,-3.168470724070506,34.97965612968565,24.216371534603542,10.76328459508211
191579,6,-104.35,-96.282,-3.9739999999999895,5,-1.6804379104051803,-3.2378301085447605,37.964997624901066,26.141875441058133,11.823122183842935
191691,6,-108.48,-100.272,-3.990000000000009,5,-1.7500765475597542,-3.3074687456993344,42.67914837664701,29.11251939537025,13.566628981276754
191803,6,-112.44,-104.298,-4.025999999999996,5,-1.820343503245046,-3.3777357013846263,51.532526480802176,34.76186554931146,16.770660931490717
191915,6,-116.57,-108.376,-4.078000000000003,5,-1.8915180301413748,-3.4489102282809547,54.31098204312811,36.41392433009068,17.897057713037427
192027,6,-120.44,-112.45599999999999,-4.079999999999984,5,-1.962727463622743,-3.5201196617623234,55.47869285739613,37.34486733636354,18.13382552103259
192136,6,-124.66,-116.51799999999999,-4.061999999999998,5,-2.0336227378387526,-3.5910149359783325,57.5133504161503,38.937882686734575,18.575467729415724
192247,6,-128.35,-120.492,-3.974000000000018,5,-2.1029821223130076,-3.660374320452588,57.93829296868875,39.27381134497165,18.6644816237171
192358,6,-132.48,-124.5,-4.007999999999996,5,-2.17293491873294,-3.7303271168725205,58.02532797411043,39.27347766840671,18.75185030570372
192468,6,-136.44,-128.474,-3.9739999999999895,5,-2.2422943032071947,-3.799686501346775,59.250089720870015,39.5250089326296,19.725080788240412
192579,6,-140.4,-132.46599999999998,-3.9919999999999902,5,-2.3119678469468083,-3.8693600450863883,62.56871305737484,41.9286664426241,20.640046614750744
192690,6,-144.53,-136.44,-3.974000000000018,5,-2.3813272314210634,-3.938719429560644,64.85405375500869,43.75555044977656,21.098503305232136
192801,6,-148.31,-140.432,-3.9919999999999902,5,-2.4510007751606766,-4.008392973300257,64.56509027075408,43.45526846675121,21.10982180400288
192913,6,-149.45,-143.826,-3.3940000000000055,5,-2.5102372499733643,-4.067629448112944,64.61267706539553,43.37277392559245,21.23990313980308
193024,6,-149.45,-146.428,-2.602000000000004,5,-2.555650717110257,-4.113042915249837,64.77469409515166,43.13482270948659,21.639871385665067
193135,6,-149.45,-148.238,-1.8100000000000023,5,-2.587241176571354,-4.144633374710934,65.29848471087001,43.22126288456269,22.07722182630732
193247,6,-146.81,-148.69400000000002,-0.4560000000000173,5,-2.595199877960449,-4.152592076100029,66.30838989156368,43.54690685441263,22.761483037151045
217327,6,81.93,88.862,-1.1620000000000061,6,1.5509344799072011,0.0,26.854854346530033,22.337162448088048,4.517691898441987
217440,6,77.8,85.82000000000001,-3.0419999999999874,6,1.4978415640615337,-0.05309291584566744,26.665892075178984,22.14132587558112,4.524566199597863
217551,6,73.49,81.898,-3.9220000000000113,6,1.429389750798316,-0.12154472910888514,26.834856918401393,22.132116867327078,4.702740051074317
217662,6,69.45,77.748,-4.1499999999999915,6,1.3569585868405514,-0.19397589306664975,26.96504776168015,22.11942518481963,4.845622576860521
217775,6,65.32,73.598,-4.150000000000006,6,1.2845274228827865,-0.2664070570244146,27.002821969288803,21.951663199625777,5.051158769663026
217888,6,61.19,69.45,-4.147999999999996,6,1.212131165510062,-0.3388033143971392,27.09414820757519,22.06552202474301,5.02862618283218
218001,6,57.23,65.336,-4.114000000000004,6,1.1403283200830152,-0.4106061598241859,26.886367256240067,21.99379537808212,4.892571878157948
218115,6,53.27,61.29200000000001,-4.04399999999999,6,1.0697472051323647,-0.48118727477483647,26.78539248168127,22.08670522058173,4.698687261099539
218229,6,49.14,57.23,-4.062000000000012,6,0.9988519309163547,-0.5520825489908464,27.10206580238527,22.521376176311705,4.580689626073566
218341,6,45.27,53.220000000000006,-4.009999999999991,6,0.9288642279113822,-0.6220702519958189,27.050862696997658,22.16911213504721,4.881750561950447
218452,6,41.32,49.246,-3.9740000000000038,6,0.8595048434371275,-0.6914296364700736,26.781059987182644,21.69146752501665,5.089592462165991
218563,6,37.36,45.272000000000006,-3.9739999999999966,6,0.7901454589628729,-0.7607890209443282,26.648373766870698,21.48040216941235,5.167971597458347
218677,6,33.41,41.3,-3.9720000000000084,6,0.7208209810736581,-0.830113498833543,26.684669363729515,21.70367970788373,4.980989655845786
218789,6,29.36,37.34400000000001,-3.955999999999989,6,0.6517757558647626,-0.8991587240424386,26.889709323010912,21.866578322121583,5.023131000889328
218902,6,25.32,33.354,-3.990000000000009,6,0.5821371187101887,-0.9687973611970124,27.224540589500332,22.36631447919703,4.858226110303303
219016,6,21.45,29.380000000000003,-3.9739999999999966,6,0.5127777342359341,-1.038156745671267,27.215946304093052,22.38858602413696,4.827360279956092
219130,6,17.41,25.389999999999997,-3.9900000000000055,6,0.44313909708136023,-1.107795382825841,26.95314553661244,21.965739596950694,4.9874059396617465
219242,6,13.45,21.398,-3.9919999999999973,6,0.37346555334174664,-1.1774689265654545,26.691600252126257,21.96936500786536,4.722235244260898
219355,6,9.23,17.372,-4.026,6,0.3031985976564549,-1.2477358822507463,26.73254108463624,22.34995966731068,4.382581417325557
219468,6,4.92,13.291999999999998,-4.080000000000002,6,0.23198916417508625,-1.318945315732115,27.01618508506229,22.356594224569545,4.659590860492747
219580,6,1.05,9.212,-4.079999999999998,6,0.16077973069371762,-1.3901547492134836,27.189074690858064,22.34889514854418,4.840179542313884
219691,6,-2.99,5.132,-4.08,6,0.08957029721234899,-1.4613641826948522,27.34807498142265,22.52274424796752,4.825330733455129
219805,6,-7.03,1.036,-4.096,6,0.018081611050661254,-1.53285286885654,27.21003500752356,22.339315070874683,4.870719936648879
219919,6,-11.34,-3.0780000000000003,-4.114000000000001,6,-0.05372123437638547,-1.6046557142835867,27.10955120364955,22.090017413505425,5.019533790144124
220033,6,-15.82,-7.226000000000001,-4.148000000000001,6,-0.12611749174911027,-1.6770519716563115,27.42628381409476,22.52491435927249,4.9013694548222695
220147,6,-20.31,-11.498,-4.2719999999999985,6,-0.200677957394308,-1.7516124373015092,27.23345728191676,22.584046148314663,4.649411133602098
220260,6,-24.88,-15.876,-4.378,6,-0.27708847204661974,-1.828022951953821,26.992742754323125,22.229333983116604,4.763408771206523
220375,6,-29.27,-20.323999999999998,-4.447999999999999,6,-0.3547207171753275,-1.9056551970825286,27.07481955703127,22.079170297138475,4.995649259892793
220489,6,-33.41,-24.738,-4.4140000000000015,6,-0.4317595503583572,-1.9826940302655585,27.395620021593793,22.182314841134144,5.213305180459651
220604,6,-37.19,-29.012,-4.274000000000001,6,-0.5063549225885949,-2.057289402495796,27.398802032179173,22.401578989384685,4.997223042794488
220717,6,-41.14,-33.178,-4.165999999999997,6,-0.5790653392266786,-2.1299998191338796,27.253223332078086,22.46890173700934,4.784321595068746
220830,6,-45.1,-37.221999999999994,-4.043999999999997,6,-0.6496464541773292,-2.20058093408453,27.329252394678207,22.656875976844635,4.672376417833574
220943,6,-49.05,-41.178,-3.956000000000003,6,-0.718691679386225,-2.269626159293426,27.361065963879263,22.749980467404264,4.611085496474997
221055,6,-53.1,-45.116,-3.9380000000000024,6,-0.7874227453297618,-2.3383572252369627,27.37966859900415,22.58012231957729,4.799546279426862
221168,6,-57.32,-49.141999999999996,-4.025999999999996,6,-0.8576897010150534,-2.4086241809222546,27.454627379403078,22.354683206787705,5.099944172615372
221282,6,-61.45,-53.20399999999999,-4.061999999999998,6,-0.928584975231063,-2.479519455138264,27.170673317180306,22.158094924160597,5.01257839301971
221395,6,-65.41,-57.266000000000005,-4.062000000000012,6,-0.9994802494470728,-2.550414729354274,27.18111218807689,22.37452719428979,4.806584993787101
221507,6,-69.54,-61.364,-4.097999999999992,6,-1.0710038421938004,-2.6219383221010015,27.315192061146938,22.517081558748963,4.798110502397976
221620,6,-73.41,-65.426,-4.062000000000005,6,-1.14189911640981,-2.692833596317011,27.029940523365887,22.351376866292256,4.678563657073632
221733,6,-77.63,-69.488,-4.061999999999998,6,-1.2127943906258196,-2.7637288705330207,27.031105303693856,22.45667120802667,4.574434095667188
221847,6,-81.67,-73.53200000000001,-4.044000000000011,6,-1.2833755055764706,-2.8343099854836717,27.0842259069341,22.47891227623288,4.605313630701221
221958,6,-85.54,-77.558,-4.025999999999996,6,-1.3536424612617621,-2.9045769411689633,27.259063419239297,22.45319931137709,4.805864107862208
222070,6,-89.49,-81.548,-3.989999999999995,6,-1.423281098416336,-2.974215578323537,27.434037773732044,22.36461836830485,5.069419405427192
222181,6,-93.36,-85.538,-3.989999999999995,6,-1.4929197355709096,-3.0438542154781105,27.487366408466862,22.33222986369757,5.15513654476929
222294,6,-97.41,-89.494,-3.956000000000003,6,-1.5619649607798052,-3.1128994406870065,27.512325101580757,22.34316401803909,5.169161083541669
222407,6,-101.36,-93.43199999999999,-3.937999999999988,6,-1.6306960267233417,-3.181630506630543,27.40403889669824,22.1528922627587,5.251146633939536
222519,6,-105.58,-97.44,-4.00800000000001,6,-1.7006488231432746,-3.2515833030504755,27.17065072587762,22.26340902543169,4.907241700445931
222632,6,-109.45,-101.432,-3.9920000000000044,6,-1.7703223668828885,-3.3212568467900896,27.23395869133367,22.571342381060624,4.662616310273046
222746,6,-113.58,-105.476,-4.043999999999997,6,-1.840903481833539,-3.39183796174074,27.445667066565704,22.623880885234307,4.821786181331399
222859,6,-117.45,-109.484,-4.007999999999996,6,-1.9108562782534717,-3.4617907581606726,27.460378954215752,22.649856992006452,4.810521962209299
222973,6,-121.41,-113.494,-4.010000000000005,6,-1.9808439812584444,-3.5317784611656453,27.295339576981235,22.51991066769692,4.775428909284313
223087,6,-125.54,-117.48599999999999,-3.9919999999999902,6,-2.0505175249980576,-3.6014520049052585,27.409104424159402,22.40023952079771,5.00886490336169
223199,6,-129.23,-121.44200000000001,-3.9560000000000173,6,-2.1195627502069536,-3.6704972301141545,27.361865834296864,22.59626274869946,4.765603085597403
223312,6,-133.45,-125.41599999999998,-3.9739999999999753,6,-2.188922134681208,-3.739856614588409,27.426615698407545,22.761709479787196,4.664906218620347
223425,6,-137.14,-129.35399999999998,-3.9380000000000024,6,-2.2576532006247447,-3.8085876805319456,27.67485594990932,22.77009914055729,4.904756809352029
223537,6,-141.1,-133.29199999999997,-3.937999999999988,6,-2.3263842665682812,-3.877318746475482,27.58401391286116,22.325099950460743,5.258913962400419
223650,6,-145.05,-137.19400000000002,-3.9020000000000437,6,-2.394487013981101,-3.9454214938883023,27.53618995753062,21.909255220575524,5.626934736955096
223762,6,-148.66,-141.07999999999998,-3.8859999999999673,6,-2.4623105087135997,-4.013244988620801,27.555797679057918,21.761613865810247,5.794183813247669
223874,6,-149.89,-144.368,-3.288000000000011,6,-2.5196969345191738,-4.070631414426375,27.526572791312837,21.578072447445532,5.9485003438673045
223987,6,-149.89,-146.918,-2.5500000000000114,6,-2.564202830445029,-4.11513731035223,27.4014121112286,21.40404550238715,5.997366608841451
224101,6,-149.8,-148.658,-1.7399999999999807,6,-2.5945715594297303,-4.145506039336931,27.343260136679017,21.336114202189,6.007145934490018
224214,6,-147.08,-149.064,-0.4060000000000059,6,-2.6016575961928274,-4.152592076100029,,,
