Time(ms),MotorID,angle_smooth,dmotor,cycle,L_cm,L_rel_cm,SensorA0
12692,1,255.6766666666667,-0.6733333333333178,0,4.46239965385737,0.0,410
12802,1,254.5475,-1.1291666666666913,0,4.4426919777202665,-0.019707676137103114,410
12912,1,253.202,-1.3455000000000155,0,4.419208572634682,-0.043191081222687444,409
13021,1,250.86399999999998,-2.3380000000000223,0,4.378402774723054,-0.08399687913431553,410
13131,1,247.858,-3.005999999999972,0,4.325938177408106,-0.13646147644926376,408
13241,1,244.57,-3.288000000000011,0,4.268551751602532,-0.19384790225483783,411
13351,1,241.248,-3.3220000000000027,0,4.21057191385128,-0.25182774000608976,410
13460,1,237.92600000000002,-3.3219999999999743,0,4.152592076100029,-0.3098075777573408,413
13570,1,234.586,-3.3400000000000034,0,4.094298079083418,-0.36810157477395133,416
13680,1,231.262,-3.3240000000000123,0,4.036283334747126,-0.4261163191102435,414
13791,1,227.97400000000002,-3.2879999999999825,0,3.9788969089415533,-0.48350274491581624,413
13901,1,224.66799999999998,-3.30600000000004,0,3.92119632387062,-0.5412033299867498,415
14011,1,221.362,-3.305999999999983,0,3.8634957387996876,-0.598903915057682,419
14121,1,218.038,-3.323999999999984,0,3.8054809944633963,-0.6569186593939733,419
14230,1,214.66199999999998,-3.376000000000033,0,3.746558678916067,-0.7158409749413024,425
14340,1,211.286,-3.3759999999999764,0,3.687636363368739,-0.7747632904886306,425
14450,1,207.91,-3.3760000000000048,0,3.6287140478214104,-0.8336856060359592,453
14560,1,204.5,-3.4099999999999966,0,3.569198320328404,-0.8932013335289657,459
14669,1,201.08999999999997,-3.410000000000025,0,3.509682592835397,-0.9527170610219726,456
14780,1,197.698,-3.3919999999999675,0,3.45048102460775,-1.0119186292496196,454
14890,1,194.28799999999998,-3.410000000000025,0,3.3909652971147426,-1.071434356742627,452
15000,1,190.878,-3.4099999999999966,0,3.331449569621736,-1.1309500842356335,454
15111,1,187.502,-3.3759999999999764,0,3.272527254074408,-1.1898723997829617,468
15221,1,184.09,-3.412000000000006,0,3.212976619996361,-1.2494230338610084,497
15330,1,180.644,-3.445999999999998,0,3.1528325739726366,-1.309567079884733,501
15440,1,177.18,-3.4639999999999986,0,3.0923743686835534,-1.3700252851738162,501
15551,1,173.752,-3.4279999999999973,0,3.0325444819251874,-1.4298551719321821,495
15661,1,170.30599999999998,-3.4460000000000264,0,2.9724004359014624,-1.4899992179559072,508
15770,1,166.84199999999998,-3.4639999999999986,0,2.9119422306123792,-1.5504574232449904,551
15880,1,163.39600000000002,-3.4459999999999695,0,2.851798184588655,-1.6106014692687145,567
15990,1,159.91400000000002,-3.4819999999999993,0,2.7910258200342124,-1.6713738338231572,576
16100,1,156.414,-3.5000000000000284,0,2.7299392962144102,-1.7324603576429594,580
16210,1,152.932,-3.4819999999999993,0,2.669166931659968,-1.7932327221974016,577
16320,1,149.522,-3.4099999999999966,0,2.609651204166961,-1.8527484496904085,579
16429,1,146.14600000000002,-3.3759999999999764,0,2.5507288886196333,-1.9116707652377363,581
16540,1,142.84,-3.3060000000000116,0,2.4930283035487,-1.9693713503086694,583
16650,1,139.58800000000002,-3.251999999999981,0,2.436270196273845,-2.0261294575835245,585
16760,1,136.336,-3.2520000000000095,0,2.379512088998989,-2.0828875648583804,583
16869,1,133.048,-3.288000000000011,0,2.3221256631934155,-2.140273990663954,582
16979,1,129.76000000000002,-3.2879999999999825,0,2.2647392373878423,-2.1976604164695273,585
17089,1,126.45599999999999,-3.3040000000000305,0,2.207073558901949,-2.2553260949554206,587
17199,1,123.15,-3.305999999999983,0,2.1493729738310168,-2.313026680026353,584
17309,1,119.896,-3.254000000000005,0,2.0925799599711215,-2.369819693886248,583
17419,1,116.696,-3.200000000000003,0,2.036729423907303,-2.4256702299500668,585
17529,1,113.478,-3.2180000000000035,0,1.9805647285781252,-2.4818349252792444,590
17640,1,110.242,-3.23599999999999,0,1.9240858739835889,-2.5383137798737807,584
17750,1,106.97200000000001,-3.269999999999996,0,1.8670136074433743,-2.5953860464139953,589
17861,1,103.66600000000001,-3.3059999999999974,0,1.8093130223724418,-2.6530866314849275,578
17971,1,100.378,-3.288000000000011,0,1.7519265965668682,-2.7104730572905016,581
18081,1,97.16,-3.2180000000000035,0,1.6957619012376905,-2.766637752619679,583
18191,1,93.97800000000001,-3.181999999999988,0,1.6402255244392312,-2.8221741294181384,580
18301,1,90.778,-3.200000000000003,0,1.5843749883754126,-2.878024665481957,585
18410,1,87.54400000000001,-3.2339999999999947,0,1.527931040365916,-2.9344686134914535,592
18522,1,84.256,-3.288000000000011,0,1.4705446145603422,-2.991855039297027,598
18633,1,80.96799999999999,-3.288000000000011,0,1.4131581887547686,-3.049241465102601,600
18743,1,77.714,-3.2539999999999907,0,1.3563651748948733,-3.1060344789624965,604
18854,1,74.514,-3.200000000000003,0,1.3005146388310547,-3.161885015026315,606
18964,1,71.384,-3.1299999999999955,0,1.2458858332436322,-3.2165138206137374,604
19074,1,68.324,-3.0600000000000023,0,1.1924787581326057,-3.2699208957247636,606
19184,1,65.31800000000001,-3.005999999999986,0,1.1400141608176564,-3.322385493039713,611
19294,1,62.822,-2.4960000000000093,0,1.0964507426878778,-3.365948911169492,613
19405,1,60.94,-1.882000000000005,0,1.0636036461653444,-3.398796007692025,627
19515,1,59.69199999999999,-1.2480000000000047,0,1.0418219371004551,-3.4205777167569145,626
19625,1,59.464,-0.22799999999999443,0,1.0378425864059082,-3.4245570674514614,624
43282,1,253.152,-0.7720000000000482,1,4.418335908008685,0.0,393
43393,1,250.762,-2.3899999999999864,1,4.3766225388860205,-0.041713369122664545,392
43503,1,247.702,-3.0600000000000023,1,4.323215463774994,-0.09512044423369126,395
43613,1,244.39600000000002,-3.305999999999983,1,4.265514878704062,-0.15282102930462305,395
43723,1,241.07200000000003,-3.323999999999984,1,4.207500134367771,-0.21083577364091433,398
43832,1,237.73000000000002,-3.342000000000013,1,4.14917123076612,-0.2691646772425651,399
43942,1,234.406,-3.3240000000000123,1,4.091156486429829,-0.3271794215788564,402
44051,1,231.102,-3.304000000000002,1,4.033490807943935,-0.3848451000647497,403
44162,1,227.798,-3.304000000000002,1,3.975825129458043,-0.44251077855064214,405
44272,1,224.47600000000003,-3.3219999999999743,1,3.917845291706792,-0.5004906163018932,408
44381,1,221.154,-3.322000000000031,1,3.8598654539555395,-0.5584704540531455,409
44491,1,217.83,-3.323999999999984,1,3.801850709619248,-0.6164851983894368,413
44601,1,214.454,-3.3760000000000048,1,3.7429283940719196,-0.6754075139367655,421
44710,1,211.07800000000003,-3.3759999999999764,1,3.6840060785245914,-0.7343298294840936,430
44820,1,207.702,-3.376000000000033,1,3.6250837629772623,-0.7932521450314227,437
44930,1,204.344,-3.358000000000004,1,3.5664756066952927,-0.8518603013133923,440
45040,1,200.952,-3.391999999999996,1,3.5072740384676453,-0.9110618695410397,456
45151,1,197.52399999999997,-3.4280000000000257,1,3.447444151709279,-0.9708917562994062,466
45261,1,194.094,-3.4299999999999784,1,3.387579358365874,-1.030756549642811,467
45371,1,190.664,-3.430000000000007,1,3.327714565022468,-1.0906213429862168,467
45481,1,187.252,-3.4119999999999777,1,3.268163930944422,-1.150171977064263,470
45591,1,183.858,-3.3940000000000055,1,3.2089274561317347,-1.2094084518769503,471
45701,1,180.53399999999996,-3.3240000000000407,1,3.150912711795442,-1.267423196213243,471
45810,1,177.212,-3.3219999999999743,1,3.092932874044191,-1.325403033964494,473
45920,1,173.908,-3.304000000000002,1,3.0352671955582986,-1.3830687124503864,473
46030,1,170.55,-3.3579999999999757,1,2.976659039276329,-1.441676868732356,480
46140,1,167.19199999999998,-3.3580000000000325,1,2.918050882994359,-1.500285025014326,485
46250,1,163.834,-3.3579999999999757,1,2.85944272671239,-1.5588931812962952,489
46359,1,160.476,-3.358000000000004,1,2.8008345704304203,-1.6175013375782648,503
46469,1,157.046,-3.430000000000007,1,2.7409697770870145,-1.6773661309216705,509
46579,1,153.636,-3.4099999999999966,1,2.681454049594008,-1.736881858414677,514
46689,1,150.19,-3.445999999999998,1,2.6213100035702834,-1.7970259044384016,521
46799,1,146.778,-3.412000000000006,1,2.5617593694922367,-1.8565765385164483,519
46909,1,143.384,-3.3940000000000055,1,2.502522894679549,-1.915813013329136,522
47018,1,140.07999999999998,-3.304000000000002,1,2.4448572161936566,-1.9734786918150284,529
47128,1,136.808,-3.2719999999999914,1,2.387750043068402,-2.030585864940283,533
47238,1,133.55599999999998,-3.2520000000000095,1,2.3309919357935467,-2.0873439722151383,547
47348,1,130.252,-3.3039999999999736,1,2.2733262573076543,-2.145009650701031,553
47458,1,126.93000000000002,-3.3219999999999885,1,2.2153464195564028,-2.2029894884522823,562
47567,1,123.60600000000002,-3.323999999999998,1,2.1573316752201115,-2.2610042327885735,573
47677,1,120.31800000000001,-3.288000000000011,1,2.0999452494145374,-2.3183906585941476,577
47787,1,117.06400000000001,-3.254000000000005,1,2.043152235554642,-2.375183672454043,575
47897,1,113.828,-3.236000000000004,1,1.9866733809601056,-2.431662527048579,582
48007,1,110.61000000000001,-3.2179999999999893,1,1.9305086856309281,-2.487827222377757,584
48116,1,107.376,-3.234000000000009,1,1.8740647376214314,-2.544271170387254,591
48226,1,104.124,-3.2520000000000095,1,1.8173066303465757,-2.6010292776621093,590
48336,1,100.906,-3.2179999999999893,1,1.7611419350173982,-2.657193972991287,594
48446,1,97.776,-3.1300000000000097,1,1.7065131294299756,-2.7118227785787097,599
48555,1,94.628,-3.147999999999996,1,1.651570164577194,-2.766765743431491,601
48665,1,91.514,-3.1140000000000043,1,1.5972206116700907,-2.8211152963385944,600
48775,1,88.35,-3.1640000000000015,1,1.5419983941369901,-2.876337513871695,601
48885,1,85.13399999999999,-3.216000000000008,1,1.4858686053928523,-2.9324673026158328,606
48994,1,81.916,-3.2179999999999893,1,1.429703910063675,-2.98863199794501,596
49104,1,78.73400000000001,-3.181999999999988,1,1.3741675332652157,-3.044168374743469,596
49214,1,75.588,-3.146000000000015,1,1.3192594749974738,-3.099076433011211,598
49323,1,72.492,-3.0959999999999894,1,1.2652240813557294,-3.153111826652956,595
49433,1,69.41400000000002,-3.0779999999999887,1,1.2115028469793443,-3.2068330610293407,593
49543,1,66.32000000000001,-3.0940000000000083,1,1.1575023599226395,-3.2608335480860458,593
49652,1,63.7,-2.6200000000000045,1,1.111774733520388,-3.306561174488297,598
49762,1,61.660000000000004,-2.039999999999999,1,1.0761700167797037,-3.3421658912289813,609
49871,1,60.272000000000006,-1.3879999999999981,1,1.0519448467620225,-3.3663910612466625,609
49981,1,59.902,-0.37000000000000455,1,1.0454871285296432,-3.3728487794790416,608
73624,1,253.152,-0.7720000000000482,2,4.418335908008685,0.0,395
73737,1,250.762,-2.3899999999999864,2,4.3766225388860205,-0.041713369122664545,391
73848,1,247.702,-3.0600000000000023,2,4.323215463774994,-0.09512044423369126,394
73959,1,244.39600000000002,-3.305999999999983,2,4.265514878704062,-0.15282102930462305,394
74070,1,241.07200000000003,-3.323999999999984,2,4.207500134367771,-0.21083577364091433,395
74180,1,237.748,-3.3240000000000407,2,4.1494853900314785,-0.2688505179772065,395
74292,1,234.442,-3.305999999999983,2,4.091784804960546,-0.32655110304813917,395
74403,1,231.15600000000003,-3.285999999999973,2,4.034433285740013,-0.3839026222686721,400
74515,1,227.88600000000002,-3.2700000000000102,2,3.9773610191997983,-0.4409748888088867,402
74625,1,224.598,-3.288000000000011,2,3.9199745933942247,-0.4983613146144603,408
74736,1,221.276,-3.3220000000000027,2,3.861994755642973,-0.5563411523657122,409
74848,1,217.93400000000003,-3.3419999999999845,2,3.8036658520413225,-0.6146700559673626,416
74959,1,214.54000000000002,-3.3940000000000055,2,3.744429377228635,-0.6739065307800503,425
75070,1,211.148,-3.3920000000000243,2,3.685227809000987,-0.7331080990076981,432
75181,1,207.754,-3.3940000000000055,2,3.625991334188299,-0.7923445738203858,431
75293,1,204.412,-3.3419999999999845,2,3.567662430586649,-0.8506734774220361,437
75404,1,201.05400000000003,-3.3579999999999757,2,3.5090542743046798,-0.9092816337040053,442
75514,1,197.696,-3.3580000000000325,2,3.4504461180227097,-0.9678897899859753,445
75625,1,194.302,-3.3940000000000055,2,3.391209643210022,-1.027126264798663,449
75737,1,190.91000000000003,-3.3919999999999675,2,3.332008074982375,-1.08632783302631,451
75849,1,187.5,-3.410000000000025,2,3.2724923474893677,-1.1458435605193174,455
75961,1,184.124,-3.3760000000000048,2,3.213570031942039,-1.204765876066646,459
76073,1,180.76600000000002,-3.3579999999999757,2,3.15496187566007,-1.2633740323486151,464
76185,1,177.40800000000002,-3.358000000000004,2,3.0963537193781003,-1.3219821886305847,464
76297,1,174.05,-3.358000000000004,2,3.0377455630961308,-1.3805903449125543,466
76409,1,170.674,-3.3760000000000048,2,2.978823247548802,-1.439512660459883,469
76520,1,167.282,-3.391999999999996,2,2.9196216793211547,-1.4987142286875303,469
76632,1,163.922,-3.3600000000000136,2,2.860978616454145,-1.5573572915545402,471
76743,1,160.598,-3.323999999999984,2,2.8029638721178536,-1.6153720358908314,470
76855,1,157.24,-3.358000000000004,2,2.744355715835884,-1.673980192172801,478
76967,1,153.882,-3.358000000000004,2,2.6857475595539144,-1.7325883484547706,477
77078,1,150.50600000000003,-3.3759999999999764,2,2.6268252440065862,-1.7915106640020988,478
77189,1,147.148,-3.3580000000000325,2,2.5682170877246158,-1.8501188202840693,486
77300,1,143.808,-3.3400000000000034,2,2.5099230907080052,-1.9084128173006798,490
77412,1,140.554,-3.2539999999999907,2,2.45313007684811,-1.9652058311605751,488
77523,1,137.33599999999998,-3.2180000000000177,2,2.3969653815189322,-2.021370526489753,487
77636,1,134.13600000000002,-3.19999999999996,2,2.3411148454551145,-2.0772210625535705,495
77747,1,130.92000000000002,-3.216000000000008,2,2.2849850567109766,-2.1333508512977084,495
77858,1,127.70200000000003,-3.2179999999999893,2,2.2288203613817994,-2.1895155466268856,500
77969,1,124.502,-3.2000000000000313,2,2.17296982531798,-2.245366082690705,504
78080,1,121.30199999999999,-3.200000000000003,2,2.1171192892541617,-2.3012166187545233,507
78190,1,118.208,-3.093999999999994,2,2.063118802197457,-2.355217105811228,509
78302,1,115.11200000000001,-3.0959999999999894,2,2.0090834085557128,-2.4092524994529723,510
78413,1,111.982,-3.1300000000000097,2,1.95445460296829,-2.463881305040395,516
78524,1,108.76400000000001,-3.2179999999999893,2,1.8982899076391129,-2.520046000369572,531
78636,1,105.494,-3.2700000000000102,2,1.841217641098898,-2.577118266909787,536
78746,1,102.13399999999999,-3.3600000000000136,2,1.7825745782318883,-2.6357613297767966,539
78857,1,98.79400000000001,-3.339999999999975,2,1.7242805812152782,-2.694055326793407,536
78969,1,95.488,-3.3060000000000116,2,1.6665799961443455,-2.7517559118643398,548
79079,1,92.184,-3.304000000000002,2,1.6089143176584526,-2.809421590350232,555
79191,1,88.85999999999999,-3.3240000000000123,2,1.5508995733221609,-2.8674363346865244,566
79302,1,85.502,-3.35799999999999,2,1.4922914170401915,-2.9260444909684935,573
79414,1,82.144,-3.35799999999999,2,1.4336832607582222,-2.9846526472504626,573
79525,1,78.804,-3.3400000000000034,2,1.3753892637416114,-3.0429466442670736,581
79635,1,75.532,-3.2720000000000056,2,1.318282090616357,-3.100053817392328,586
79748,1,72.298,-3.2339999999999947,2,1.2618381426068603,-3.1564977654018245,597
79859,1,69.064,-3.234000000000009,2,1.2053941945973636,-3.2129417134113214,589
79971,1,65.882,-3.181999999999988,2,1.1498578177989043,-3.268478090209781,594
80082,1,63.21,-2.672000000000004,2,1.1032226201856157,-3.3151132878230696,593
80194,1,61.15400000000001,-2.0559999999999903,2,1.0673386507646125,-3.3509972572440727,612
80305,1,59.782,-1.372000000000014,2,1.04339273342725,-3.374943174581435,606
80416,1,59.536,-0.2459999999999951,2,1.039099223467344,-3.379236684541341,605
104314,1,253.15200000000004,-0.7719999999999914,3,4.418335908008686,0.0,395
104425,1,250.762,-2.390000000000043,3,4.3766225388860205,-0.041713369122665434,395
104537,1,247.686,-3.0759999999999934,3,4.322936211094675,-0.09539969691401051,395
104649,1,244.36400000000003,-3.3219999999999743,3,4.264956373343424,-0.15337953466526155,399
104760,1,241.02200000000002,-3.342000000000013,3,4.206627469741774,-0.21170843826691232,399
104872,1,237.664,-3.3580000000000325,3,4.148019313459804,-0.27031659454888235,400
104983,1,234.33999999999997,-3.3240000000000123,3,4.090004569123511,-0.3283313388851745,402
105094,1,231.052,-3.2879999999999825,3,4.032618143317938,-0.3857177646907477,405
105206,1,227.76399999999998,-3.288000000000011,3,3.9752317175123646,-0.4431041904963213,407
105317,1,224.442,-3.3219999999999743,3,3.917251879761113,-0.5010840282475728,411
105428,1,221.13599999999997,-3.30600000000004,3,3.85955129469018,-0.5587846133185059,418
105538,1,217.796,-3.339999999999975,3,3.80125729767357,-0.617078610335116,419
105649,1,214.42,-3.3760000000000048,3,3.7423349821262413,-0.6760009258824446,424
105760,1,211.044,-3.3759999999999764,3,3.683412666578913,-0.7349232414297728,432
105872,1,207.686,-3.358000000000004,3,3.6248045102969435,-0.7935313977117424,435
105983,1,204.328,-3.358000000000004,3,3.566196354014974,-0.852139553993712,442
106094,1,200.952,-3.3760000000000048,3,3.5072740384676453,-0.9110618695410406,457
106205,1,197.54000000000002,-3.4119999999999777,3,3.447723404389599,-0.9706125036190869,455
106317,1,194.12800000000001,-3.412000000000006,3,3.3881727703115523,-1.0301631376971336,461
106428,1,190.734,-3.3940000000000055,3,3.3289362954988646,-1.0893996125098213,460
106539,1,187.34,-3.3940000000000055,3,3.269699820686177,-1.148636087322509,469
106650,1,183.946,-3.3940000000000055,3,3.2104633458734892,-1.2078725621351967,486
106762,1,180.554,-3.391999999999996,3,3.151261777645842,-1.267074130362844,495
106873,1,177.144,-3.4099999999999966,3,3.0917460501528353,-1.3265898578558506,496
106984,1,173.716,-3.4279999999999973,3,3.03191616339447,-1.3864197446142161,523
107096,1,170.21599999999998,-3.5000000000000284,3,2.9708296395746676,-1.4475062684340183,527
107207,1,166.718,-3.4979999999999905,3,2.909778022339906,-1.5085578856687798,527
107317,1,163.324,-3.393999999999977,3,2.850541547527219,-1.567794360481467,524
107429,1,159.93,-3.3940000000000055,3,2.791305072714531,-1.6270308352941547,525
107539,1,156.536,-3.3940000000000055,3,2.7320685979018435,-1.6862673101068424,536
107651,1,153.178,-3.358000000000004,3,2.673460441619874,-1.744875466388812,545
107760,1,149.82,-3.358000000000004,3,2.6148522853379044,-1.8034836226707815,547
107872,1,146.408,-3.412000000000006,3,2.5553016512598576,-1.8630342567488283,547
107983,1,143.03199999999998,-3.3760000000000048,3,2.496379335712529,-1.921956572296157,558
108095,1,139.656,-3.3759999999999764,3,2.437457020165201,-1.980878887843485,555
108207,1,136.31599999999997,-3.340000000000032,3,2.37916302314859,-2.039172884860096,557
108318,1,132.992,-3.323999999999984,3,2.3211482788122986,-2.0971876291963873,558
108430,1,129.67,-3.3220000000000027,3,2.263168441061047,-2.155167466947639,562
108542,1,126.33,-3.339999999999989,3,2.2048744440444366,-2.2134614639642494,563
108654,1,123.042,-3.2879999999999967,3,2.147488018238863,-2.270847889769823,571
108766,1,119.79,-3.2519999999999953,3,2.0907299109640074,-2.3276059970446785,579
108877,1,116.53800000000001,-3.2519999999999953,3,2.033971803689152,-2.384364104319534,583
108989,1,113.268,-3.2700000000000102,3,1.9768995371489373,-2.4414363708597486,585
109100,1,110.01400000000001,-3.2539999999999907,3,1.920106523289042,-2.498229384719644,587
109211,1,106.726,-3.288000000000011,3,1.8627200974834681,-2.555615810525218,585
109323,1,103.42,-3.3059999999999974,3,1.8050195124125357,-2.6133163955961503,588
109434,1,100.148,-3.2720000000000056,3,1.747912339287281,-2.6704235687214046,593
109546,1,96.966,-3.182000000000002,3,1.6923759624888215,-2.7259599455198646,601
109656,1,93.76599999999999,-3.200000000000003,3,1.6365254264250029,-2.7818104815836833,609
109767,1,90.548,-3.2179999999999893,3,1.5803607310958256,-2.8379751769128605,615
109878,1,87.296,-3.2519999999999953,3,1.5236026238209701,-2.8947332841877156,620
109989,1,84.044,-3.2520000000000095,3,1.4668445165461144,-2.9514913914625716,619
110100,1,80.772,-3.2719999999999914,3,1.40973734342086,-3.008598564587826,621
110211,1,77.572,-3.200000000000003,3,1.3538868073570414,-3.0644491006516446,620
110322,1,74.478,-3.0940000000000083,3,1.2998863203003366,-3.1184495877083496,621
110434,1,71.488,-2.989999999999995,3,1.2477009756657063,-3.1706349323429794,617
110546,1,68.5,-2.9879999999999995,3,1.1955505376161157,-3.22278537039257,614
110657,1,65.58200000000001,-2.917999999999992,3,1.1446218300429214,-3.2737140779657645,614
110767,1,63.122,-2.460000000000008,3,1.1016867304438607,-3.316649177564825,621
110877,1,61.224000000000004,-1.8979999999999961,3,1.0685603812410085,-3.3497755267676776,634
110987,1,59.90599999999999,-1.318000000000012,3,1.045556941699723,-3.372778966308963,633
111098,1,59.641999999999996,-0.2639999999999958,3,1.040949272474458,-3.377386635534228,630
135200,1,253.152,-0.7720000000000482,4,4.418335908008685,0.0,388
135314,1,250.77800000000002,-2.373999999999967,4,4.37690179156634,-0.04143411644234529,388
135428,1,247.73600000000002,-3.0420000000000016,4,4.3238088757206725,-0.09452703228801251,389
135539,1,244.448,-3.288000000000011,4,4.2664224499150984,-0.15191345809358658,392
135652,1,241.12399999999997,-3.3240000000000407,4,4.208407705578806,-0.20992820242987875,396
135764,1,237.78199999999998,-3.3419999999999845,4,4.150078801977156,-0.26825710603152864,401
135875,1,234.442,-3.339999999999975,4,4.091784804960546,-0.32655110304813917,411
135989,1,231.102,-3.3400000000000034,4,4.033490807943935,-0.3848451000647497,417
136102,1,227.762,-3.3400000000000034,4,3.975196810927325,-0.44313909708136023,422
136216,1,224.404,-3.358000000000004,4,3.916588654645355,-0.5017472533633298,427
136330,1,221.046,-3.358000000000004,4,3.8579804983633856,-0.5603554096452994,436
136444,1,217.652,-3.3940000000000055,4,3.798744023550698,-0.6195918844579871,441
136558,1,214.25799999999998,-3.3940000000000055,4,3.7395075487380103,-0.6788283592706748,441
136672,1,210.86400000000003,-3.3939999999999486,4,3.6802710739253235,-0.7380648340833615,453
136785,1,207.488,-3.376000000000033,4,3.6213487583779944,-0.7969871496306906,457
136897,1,204.112,-3.3760000000000048,4,3.562426442830666,-0.8559094651780192,484
137009,1,200.702,-3.4099999999999966,4,3.5029107153376593,-0.9154251926710257,488
137120,1,197.256,-3.445999999999998,4,3.4427666693139347,-0.9755692386947503,495
137233,1,193.792,-3.4639999999999986,4,3.382308464024851,-1.036027443983834,498
137347,1,190.32800000000003,-3.46399999999997,4,3.321850258735768,-1.0964856492729171,506
137460,1,186.882,-3.4460000000000264,4,3.261706212712043,-1.1566296952966422,516
137574,1,183.488,-3.3940000000000055,4,3.202469737899355,-1.2158661701093298,522
137686,1,180.11200000000002,-3.3759999999999764,4,3.1435474223520274,-1.2747884856566576,533
137798,1,176.71999999999997,-3.3920000000000528,4,3.0843458541243787,-1.3339900538843064,536
137911,1,173.344,-3.3759999999999764,4,3.0254235385770505,-1.3929123694316345,549
138024,1,169.916,-3.4279999999999973,4,2.965593651818685,-1.45274225619,554
138138,1,166.47,-3.445999999999998,4,2.9054496057949604,-1.5128863022137247,553
138249,1,163.078,-3.391999999999996,4,2.846248037567313,-1.572087870441372,552
138361,1,159.702,-3.3760000000000048,4,2.7873257220199843,-1.6310101859887007,554
138475,1,156.292,-3.4099999999999966,4,2.7278099945269774,-1.6905259134817077,563
138589,1,152.898,-3.3940000000000055,4,2.66857351971429,-1.749762388294395,577
138702,1,149.522,-3.3760000000000048,4,2.609651204166961,-1.808684703841724,572
138815,1,146.128,-3.3940000000000055,4,2.550414729354274,-1.8679211786544112,573
138925,1,142.752,-3.3759999999999764,4,2.4914924138069456,-1.9268434942017394,570
139039,1,139.428,-3.3240000000000123,4,2.433477669470654,-1.9848582385380311,570
139153,1,136.122,-3.305999999999983,4,2.3757770843997217,-2.0425588236089633,570
139267,1,132.81599999999997,-3.30600000000004,4,2.318076499328788,-2.100259408679897,569
139379,1,129.51000000000002,-3.3059999999999548,4,2.2603759142578563,-2.1579599937508287,572
139492,1,126.186,-3.3240000000000123,4,2.2023611699215646,-2.2159747380871204,579
139604,1,122.864,-3.3220000000000027,4,2.144381332170313,-2.273954575838372,580
139717,1,119.59400000000001,-3.269999999999996,4,2.0873090656300985,-2.3310268423785865,586
139832,1,116.324,-3.2700000000000102,4,2.030236799089884,-2.388099108918801,583
139944,1,113.03600000000002,-3.2879999999999825,4,1.9728503732843106,-2.4454855347243747,582
140056,1,109.80199999999999,-3.234000000000023,4,1.9164064252748136,-2.501929482733871,587
140170,1,106.532,-3.269999999999996,4,1.859334158734599,-2.5590017492740857,591
140283,1,103.244,-3.2879999999999967,4,1.8019477329290257,-2.6163881750796594,599
140394,1,99.99199999999999,-3.2520000000000095,4,1.74518962565417,-2.673146282354515,608
140505,1,96.792,-3.1999999999999886,4,1.6893390895903515,-2.7289968184183335,608
140618,1,93.556,-3.236000000000004,4,1.632860234995815,-2.7854756730128702,609
140732,1,90.32000000000001,-3.23599999999999,4,1.5763813804012785,-2.8419545276074065,612
140845,1,87.068,-3.2520000000000095,4,1.5196232731264228,-2.898712634882262,617
140957,1,83.798,-3.269999999999996,4,1.4625510065862084,-2.9557849014224766,614
141070,1,80.54599999999999,-3.2520000000000095,4,1.4057928993113527,-3.0125430086973326,615
141184,1,77.364,-3.181999999999988,4,1.350256522512893,-3.0680793854957917,611
141297,1,74.252,-3.112000000000009,4,1.2959418761908295,-3.122394031817856,609
141411,1,71.192,-3.0600000000000023,4,1.242534801079803,-3.175801106928882,605
141524,1,68.184,-3.0079999999999956,4,1.1900352971798136,-3.2283006108288714,603
141638,1,65.212,-2.971999999999994,4,1.1381641118105423,-3.2801717961981427,603
141753,1,62.75,-2.4620000000000033,4,1.0951941056264418,-3.323141802382243,607
141867,1,60.886,-1.8639999999999972,4,1.0626611683692675,-3.3556747396394178,621
141980,1,59.638,-1.2480000000000047,4,1.0408794593043782,-3.377456448704307,626
142093,1,59.428,-0.21000000000000085,4,1.03721426787519,-3.381121640133495,620
166095,1,253.15200000000004,-0.7719999999999914,5,4.418335908008686,0.0,409
166206,1,250.762,-2.390000000000043,5,4.3766225388860205,-0.041713369122665434,411
166317,1,247.70200000000006,-3.0599999999999454,5,4.3232154637749955,-0.09512044423369037,410
166428,1,244.38000000000002,-3.322000000000031,5,4.265235626023743,-0.1531002819849432,410
166539,1,241.038,-3.342000000000013,5,4.206906722422092,-0.21142918558659396,413
166650,1,237.68,-3.358000000000004,5,4.148298566140123,-0.2700373418685631,415
166761,1,234.356,-3.3240000000000123,5,4.090283821803831,-0.32805208620485526,418
166872,1,231.03400000000002,-3.3219999999999743,5,4.03230398405258,-0.3860319239561063,418
166983,1,227.72799999999998,-3.30600000000004,5,3.9746033989816465,-0.4437325090270394,421
167094,1,224.406,-3.3219999999999743,5,3.9166235612303955,-0.5017123467782905,422
167205,1,221.08199999999997,-3.3240000000000407,5,3.858608816894103,-0.5597270911145831,425
167317,1,217.724,-3.3579999999999757,5,3.8000006606121337,-0.6183352473965522,425
167427,1,214.348,-3.3759999999999764,5,3.7410783450648055,-0.6772575629438804,426
167538,1,210.99,-3.358000000000004,5,3.682470188782836,-0.73586571922585,429
167649,1,207.632,-3.358000000000004,5,3.6238620325008664,-0.7944738755078196,434
167759,1,204.308,-3.3240000000000123,5,3.5658472881645746,-0.8524886198441113,438
167869,1,200.968,-3.3400000000000034,5,3.507553291147964,-0.9107826168607218,439
167979,1,197.61,-3.3579999999999757,5,3.448945134865995,-0.969390773142691,441
168090,1,194.23399999999998,-3.376000000000033,5,3.390022819318666,-1.02831308869002,452
168202,1,190.82200000000003,-3.4119999999999493,5,3.33047218524062,-1.0878637227680659,456
168312,1,187.412,-3.410000000000025,5,3.270956457747613,-1.1473794502610728,458
168422,1,184.0,-3.412000000000006,5,3.2114058236695664,-1.2069300843391195,481
168533,1,180.57199999999997,-3.4280000000000257,5,3.1515759369112004,-1.2667599710974855,480
168644,1,177.144,-3.427999999999969,5,3.0917460501528353,-1.3265898578558506,482
168755,1,173.75199999999998,-3.3920000000000243,5,3.032544481925187,-1.385791426083499,487
168867,1,170.26999999999998,-3.4819999999999993,5,2.9717721173707448,-1.4465637906379412,521
168978,1,166.754,-3.515999999999991,5,2.910406340870624,-1.5079295671380617,529
169089,1,163.30800000000002,-3.4459999999999695,5,2.8502622948469,-1.5680736131617858,533
169200,1,159.844,-3.464000000000027,5,2.789804089557816,-1.62853181845087,543
169312,1,156.36200000000002,-3.481999999999971,5,2.7290317250033738,-1.6893041830053122,551
169424,1,152.93400000000003,-3.4279999999999973,5,2.6692018382450082,-1.7491340697636777,557
169535,1,149.558,-3.376000000000033,5,2.610279522697679,-1.8080563853110068,557
169645,1,146.182,-3.3760000000000048,5,2.5513572071503505,-1.8669787008583354,560
169757,1,142.84,-3.3419999999999845,5,2.4930283035487,-1.9253076044599857,563
169867,1,139.516,-3.3240000000000123,5,2.4350135592124085,-1.9833223487962774,566
169978,1,136.192,-3.323999999999984,5,2.3769988148761176,-2.0413370931325683,567
170090,1,132.868,-3.3240000000000123,5,2.318984070539826,-2.09935183746886,569
170201,1,129.526,-3.3419999999999845,5,2.2606551669381756,-2.1576807410705103,564
170312,1,126.186,-3.3400000000000034,5,2.2023611699215646,-2.2159747380871213,558
170424,1,122.88200000000002,-3.303999999999988,5,2.144695491435672,-2.2736404165730137,560
170535,1,119.63,-3.2520000000000238,5,2.087937384160816,-2.3303985238478697,558
170646,1,116.41400000000002,-3.2159999999999798,5,2.031807595416679,-2.3865283125920067,563
170758,1,113.19800000000001,-3.216000000000008,5,1.9756778066725413,-2.4426581013361446,563
170869,1,109.98000000000002,-3.2179999999999893,5,1.9195131113433639,-2.498822796665322,564
170979,1,106.726,-3.254000000000019,5,1.8627200974834681,-2.555615810525218,569
171091,1,103.45599999999999,-3.2700000000000102,5,1.8056478309432533,-2.6126880770654326,574
171201,1,100.16799999999999,-3.2879999999999967,5,1.74826140513768,-2.670074502871006,573
171313,1,96.95,-3.2179999999999893,5,1.6920967098085025,-2.7262391982001835,576
171425,1,93.716,-3.234000000000009,5,1.6356527617990058,-2.7826831462096804,582
171536,1,90.498,-3.2179999999999893,5,1.5794880664698285,-2.8388478415388576,589
171647,1,87.228,-3.2700000000000102,5,1.5224157999296137,-2.895920108079072,602
171758,1,83.922,-3.3059999999999974,5,1.4647152148586813,-2.953620693150005,612
171870,1,80.58000000000001,-3.3419999999999845,5,1.406386311257031,-3.0119495967516547,624
171980,1,77.292,-3.288000000000011,5,1.3489998854514573,-3.069336022557229,620
172091,1,74.03999999999999,-3.2520000000000095,5,1.2922417781766014,-3.126094129832085,623
172202,1,70.858,-3.181999999999988,5,1.236705401378142,-3.181630506630544,619
172314,1,67.78,-3.078000000000003,5,1.1829841670017567,-3.2353517410069292,621
172425,1,64.81,-2.969999999999999,5,1.131147888217525,-3.287188019791161,626
172537,1,62.348,-2.4620000000000033,5,1.0881778820334245,-3.3301580259752614,628
172648,1,60.501999999999995,-1.8460000000000036,5,1.0559591040416092,-3.3623768039670767,641
172759,1,59.288,-1.2139999999999986,5,1.034770806922398,-3.3835651010862877,640
172870,1,59.148,-0.13999999999999346,5,1.032327345969606,-3.3860085620390796,636
196599,1,253.16800000000003,-0.7719999999999629,6,4.418615160689005,0.0,400
196709,1,250.794,-2.3740000000000236,6,4.377181044246659,-0.04143411644234618,403
196818,1,247.752,-3.0420000000000016,6,4.324088128400992,-0.0945270322880134,404
196928,1,244.446,-3.3060000000000116,6,4.266387543330059,-0.15222761735894608,407
197038,1,241.106,-3.3400000000000034,6,4.208093546313448,-0.2105216143755575,413
197148,1,237.76399999999998,-3.342000000000013,6,4.149764642711798,-0.2688505179772074,413
197257,1,234.42399999999998,-3.3400000000000034,6,4.091470645695186,-0.3271445149938188,419
197368,1,231.102,-3.3219999999999743,6,4.033490807943935,-0.38512435274506984,423
197477,1,227.78000000000003,-3.3219999999999743,6,3.9755109701926843,-0.4431041904963209,429
197587,1,224.43999999999997,-3.3400000000000603,6,3.917216973176073,-0.5013981875129323,441
197698,1,221.064,-3.3759999999999764,6,3.8582946576287447,-0.5603205030602605,443
197808,1,217.68800000000002,-3.3759999999999764,6,3.7993723420814165,-0.6192428186075887,447
197918,1,214.276,-3.412000000000006,6,3.7398217080033698,-0.6787934526856354,453
198029,1,210.9,-3.3760000000000048,6,3.680899392456041,-0.737715768232964,455
198138,1,207.506,-3.3940000000000055,6,3.6216629176433535,-0.7969522430456517,464
198248,1,204.166,-3.3400000000000034,6,3.563368920626743,-0.8552462400622622,467
198358,1,200.79000000000002,-3.3759999999999764,6,3.5044466050794147,-0.9141685556095904,467
198468,1,197.41400000000002,-3.3760000000000048,6,3.445524289532086,-0.9730908711569191,468
198578,1,194.002,-3.412000000000006,6,3.3859736554540394,-1.0326415052349658,471
198687,1,190.608,-3.3940000000000055,6,3.3267371806413517,-1.0918779800476535,472
198797,1,187.214,-3.3940000000000055,6,3.267500705828664,-1.1511144548603411,473
198908,1,183.838,-3.3760000000000048,6,3.2085783902813354,-1.2100367704076698,481
199018,1,180.462,-3.3760000000000048,6,3.1496560747340068,-1.2689590859549984,491
199127,1,177.07,-3.391999999999996,6,3.0904545065063593,-1.3281606541826458,492
199237,1,173.696,-3.3739999999999952,6,3.0315670975440705,-1.3870480631449347,490
199347,1,170.304,-3.391999999999996,6,2.972365529316423,-1.4462496313725821,490
199456,1,166.912,-3.391999999999996,6,2.9131639610887756,-1.5054511996002296,494
199566,1,163.538,-3.3739999999999952,6,2.854276552126487,-1.5643386085625184,502
199676,1,160.196,-3.342000000000013,6,2.795947648524836,-1.6226675121641692,499
199785,1,156.836,-3.359999999999985,6,2.737304585657827,-1.681310575031178,498
199895,1,153.478,-3.358000000000004,6,2.678696429375857,-1.7399187313131481,501
200005,1,150.118,-3.3600000000000136,6,2.6200533665088477,-1.7985617941801575,505
200116,1,146.794,-3.323999999999984,6,2.5620386221725564,-1.8565765385164488,499
200225,1,143.49,-3.304000000000002,6,2.5043729436866635,-1.9142422170023417,498
200335,1,140.238,-3.2520000000000095,6,2.447614836411808,-1.9710003242771972,500
200445,1,137.002,-3.23599999999999,6,2.3911359818172717,-2.0274791788717335,511
200555,1,133.71599999999998,-3.28600000000003,6,2.3337844625967374,-2.0848306980922677,530
200665,1,130.392,-3.323999999999984,6,2.275769718260446,-2.142845442428559,534
200775,1,127.06800000000001,-3.323999999999984,6,2.217754973924155,-2.2008601867648503,541
200885,1,123.71,-3.3580000000000183,6,2.159146817642185,-2.2594683430468203,546
200995,1,120.404,-3.3059999999999974,6,2.1014462325712526,-2.3171689281177525,558
201104,1,117.15,-3.2539999999999907,6,2.0446532187113573,-2.373961941977648,573
201215,1,113.898,-3.2520000000000095,6,1.9878951114365013,-2.430720049252504,571
201324,1,110.66400000000002,-3.2339999999999804,6,1.931451163427005,-2.487163997262,574
201434,1,107.428,-3.2360000000000184,6,1.8749723088324683,-2.5436428518565366,584
201545,1,104.15799999999999,-3.2700000000000102,6,1.8179000422922535,-2.6007151183967516,585
201655,1,100.94000000000001,-3.217999999999975,6,1.7617353469630765,-2.6568798137259284,587
201765,1,97.828,-3.112000000000009,6,1.7074207006410127,-2.7111944600479925,567
201875,1,94.732,-3.0960000000000036,6,1.6533853069992683,-2.765229853689737,564
201985,1,91.69000000000001,-3.0419999999999874,6,1.600292391153601,-2.8183227695354045,568
202095,1,88.614,-3.0760000000000076,6,1.5466060633622554,-2.8720090973267496,578
202205,1,85.48600000000002,-3.127999999999986,6,1.492012164359873,-2.926602996329132,573
202314,1,82.322,-3.1640000000000157,6,1.436789946826772,-2.9818252138622334,570
202424,1,79.14000000000001,-3.181999999999988,6,1.3812535700283126,-3.0373615906606926,574
202534,1,75.94,-3.200000000000017,6,1.3254030339644938,-3.093212126724511,586
202644,1,72.81,-3.1299999999999955,6,1.2707742283770713,-3.147840932311934,587
202753,1,69.732,-3.078000000000003,6,1.2170529940006858,-3.201562166688319,586
202863,1,66.61999999999999,-3.112000000000009,6,1.1627383476786222,-3.2558768130103832,585
202972,1,64.018,-2.6019999999999897,6,1.11732488054173,-3.301290280147275,589
203082,1,62.032,-1.9860000000000042,6,1.0826626415971223,-3.335952519091883,605
203192,1,60.660000000000004,-1.3719999999999928,6,1.0587167242597604,-3.359898436429245,605
203303,1,60.220000000000006,-0.4399999999999977,6,1.0510372755509854,-3.3675778851380196,601
