Time(ms),MotorID,Phase,Direction,Position,Angle(deg),SensorA0,SensorA1,SensorA2,∠ABC_smooth,∠BCD_smooth,θ_total,angle_smooth,dmotor,cycle,L_est_cm,theta_from_R(compose)
32733,5,Extend,>>,117,15.47,443,400,548,42.71912627944606,24.897495413099406,67.61662169254546,17.169999999999998,-0.8500000000000014,0,-0.5850219648789521,45.51087049205683
32842,5,Extend,>>,73,11.69,444,398,548,41.23697430327348,24.34387627677782,65.5808505800513,15.8,-1.3699999999999974,0,-0.624785769769157,43.61153345284208
32952,5,Extend,>>,29,7.91,446,401,548,40.54159472133964,23.842330414056,64.38392513539564,14.222,-1.5780000000000012,0,-0.5651748005036499,46.473721972962615
33062,5,Extend,>>,-15,4.22,444,401,548,39.60083690760586,23.244586430258398,62.84542333786426,11.462,-2.76,0,-0.5651748005036499,46.473721972962615
33171,5,Extend,>>,-59,0.26,443,400,548,38.06300654314788,22.592724203633654,60.65573074678153,7.909999999999999,-3.5520000000000005,0,-0.5850219648789521,45.51087049205683
33280,5,Extend,>>,-103,-3.52,442,399,547,36.62678224037567,21.527762683343003,58.154544923718674,4.112,-3.797999999999999,0,-0.6048922879674543,44.55679610621218
33390,5,Extend,>>,-147,-7.47,444,399,545,36.12993182709306,20.88587464366216,57.01580647075522,0.2800000000000001,-3.832,0,-0.6048922879674543,44.55679610621218
33499,5,Extend,>>,-191,-11.34,443,401,544,35.199174569497735,20.11142938679599,55.310603956293726,-3.5700000000000003,-3.8500000000000005,0,-0.5651748005036499,46.473721972962615
33609,5,Extend,>>,-235,-15.21,445,400,543,34.001099377079505,19.14450462868216,53.14560400576167,-7.456,-3.886,0,-0.5850219648789521,45.51087049205683
33718,5,Extend,>>,-279,-18.9,442,399,543,33.39191501382263,18.542844008457084,51.93475902227972,-11.288,-3.832,0,-0.6048922879674543,44.55679610621218
33828,5,Extend,>>,-323,-22.77,441,399,541,33.0158559350251,17.709580651348688,50.72543658637379,-15.138,-3.8499999999999996,0,-0.6048922879674543,44.55679610621218
33937,5,Extend,>>,-367,-26.64,441,397,537,32.27020699145621,17.263622001989127,49.53382899344534,-18.972,-3.8340000000000014,0,-0.6447024102840602,42.67511720972962
34047,5,Extend,>>,-411,-30.42,442,399,535,31.16956178572033,16.484199709534106,47.653761495254436,-22.788,-3.815999999999999,0,-0.6048922879674543,44.55679610621218
34156,5,Extend,>>,-455,-34.29,439,398,534,30.32530437939501,15.619226765033371,45.94453114442838,-26.604000000000003,-3.8160000000000025,0,-0.624785769769157,43.61153345284208
34266,5,Extend,>>,-499,-38.15,438,396,531,28.928947956452227,14.76482666043672,43.693774616888945,-30.454,-3.849999999999998,0,-0.6646422095121634,41.74758209502755
34375,5,Extend,>>,-543,-42.02,439,396,528,27.4960546000632,13.43068161460194,40.92673621466514,-34.303999999999995,-3.8499999999999943,0,-0.6646422095121634,41.74758209502755
34485,5,Extend,>>,-587,-45.89,437,396,525,25.59458080990001,12.206259619783657,37.80084042968367,-38.154,-3.8500000000000085,0,-0.6646422095121634,41.74758209502755
34595,5,Extend,>>,-631,-49.76,436,394,518,24.496020719371487,11.702675976294575,36.19869669566606,-42.022,-3.867999999999995,0,-0.7045912841079702,39.91929432531377
34704,5,Extend,>>,-675,-53.63,436,394,514,23.459658598336944,10.81943710522594,34.27909570356289,-45.89,-3.868000000000002,0,-0.7045912841079702,39.91929432531377
34814,5,Extend,>>,-719,-57.23,437,394,508,21.676856303968137,9.577051875699016,31.253908179667153,-49.706,-3.8160000000000025,0,-0.7045912841079702,39.91929432531377
34923,5,Extend,>>,-763,-61.01,432,390,500,20.32760072524572,8.81994050678103,29.14754123202675,-53.504,-3.7979999999999947,0,-0.7847673378579869,36.37082440656203
35032,5,Extend,>>,-807,-64.79,433,388,491,19.071529025523173,7.609778691953726,26.681307717476898,-57.284000000000006,-3.7800000000000082,0,-0.8249943170121958,34.6512013004968
35142,5,Extend,>>,-851,-68.75,432,386,488,17.03894520479544,6.179845041828003,23.218790246623442,-61.08200000000001,-3.798000000000002,0,-0.8653139310192066,32.96835986847765
35252,5,Extend,>>,-895,-72.44,428,384,481,15.711945329275672,5.55615061789811,21.268095947173784,-64.84400000000001,-3.7620000000000005,0,-0.9057261798790175,31.322581246776856
35361,5,Extend,>>,-939,-76.22,423,379,471,14.90422252575872,5.188285423514424,20.092507949273145,-68.642,-3.7979999999999876,0,-1.0071620795095497,27.372135272821733
35471,5,Extend,>>,-983,-80.09,424,377,463,14.071811807663105,4.36012198704772,18.431933794710826,-72.458,-3.8160000000000025,0,-1.0478985503541645,25.858299760767213
35581,5,Extend,>>,-1027,-83.78,419,370,448,12.259588071570594,2.515713961762038,14.775302033332633,-76.256,-3.798000000000002,0,-1.1912056977761218,20.863640672663948
35690,5,Extend,>>,-1071,-87.56,416,365,442,10.269157876386624,1.4772682343539227,11.746426110740547,-80.018,-3.7620000000000005,0,-1.2942627073306694,17.590327654882643
35800,5,Extend,>>,-1115,-91.43,415,356,423,8.505313179493957,0.5709228376199478,9.076236017113905,-83.816,-3.798000000000002,0,-1.4812243234604692,12.332249214980799
35909,5,Extend,>>,-1159,-95.3,409,352,416,6.483944420068401,-0.5350374339961962,5.948906986072204,-87.632,-3.8160000000000025,0,-1.5649205016169196,10.262576264999858
36019,5,Extend,>>,-1203,-99.08,398,345,407,4.889377466900192,-1.0315859745089868,3.857791492391205,-91.42999999999999,-3.7979999999999876,0,-1.712280423848916,7.045741904550914
36129,5,Extend,>>,-1247,-102.68,392,341,402,3.604466785745227,-1.3505623616675766,2.2539044240776507,-95.21000000000001,-3.7800000000000153,0,-1.7969955853861759,5.4430693175014735
36238,5,Extend,>>,-1291,-106.37,376,341,393,2.4204586181382366,-1.9399470008170752,0.48051161732116143,-98.97200000000001,-3.7620000000000005,0,-1.7969955853861759,5.4430693175014735
36348,5,Extend,>>,-1335,-110.15,364,334,391,1.2430528204588969,-2.879943718665253,-1.6368908982063561,-102.71600000000001,-3.7439999999999998,0,-1.9461387285345892,3.0590777502271966
36458,5,Extend,>>,-1379,-114.02,356,332,387,0.2609357920594535,-3.0331734037748577,-2.772237611715404,-106.46,-3.7439999999999856,0,-1.9889594835672237,2.4777270437555354
36569,5,Extend,>>,-1423,-117.8,346,330,387,-0.4760524830808136,-3.268575717998361,-3.7446282010791747,-110.204,-3.7439999999999998,0,-2.031872873452659,1.9412739825756147
36678,5,Extend,>>,-1467,-121.49,337,326,382,-0.7934126327132178,-3.821582477433759,-4.614995110146976,-113.96600000000001,-3.7620000000000147,0,-2.1179775577819324,1.0042583295012406
36788,5,Extend,>>,-1511,-125.27,328,321,380,-0.8372412705906115,-4.200440004861342,-5.037681275451954,-117.74600000000001,-3.780000000000001,0,-2.226129484240529,0.09088160800322298
36899,5,Extend,>>,-1555,-128.97,321,312,375,-0.8697031792352186,-4.521601687886897,-5.391304867122116,-121.50999999999999,-3.7639999999999816,0,-2.4222619507976164,-0.8168247689760224
37009,5,Extend,>>,-1599,-132.66,313,311,373,-0.8882409911829063,-4.658720914716925,-5.546961905899831,-125.23799999999999,-3.7279999999999944,0,-2.4441702406477384,-0.8582901398366292
37119,5,Extend,>>,-1643,-136.62,312,306,373,-0.999740439268168,-4.524845775666064,-5.5245862149342315,-129.002,-3.764000000000024,0,-2.5540590705963515,-0.88458309644184
37229,5,Extend,>>,-1687,-140.4,306,299,368,-0.7647840702465227,-4.462272969264633,-5.2270570395111555,-132.784,-3.7819999999999823,0,-2.7088760984788194,-0.40751468988552286
37339,5,Extend,>>,-1731,-144.18,305,298,370,-0.172814756975849,-4.635112583406962,-4.807927340382811,-136.56599999999997,-3.7819999999999823,0,-2.7310854516005443,-0.2897536895662246
37449,5,Extend,>>,-1775,-147.78,305,293,368,0.293544149471963,-4.462510573070926,-4.168966423598963,-140.328,-3.762000000000029,0,-2.8424795979071718,0.4875978491637194
37558,5,Extend,>>,-1819,-151.56,298,290,367,0.6226104156565748,-4.146804874927407,-3.5241944592708325,-144.108,-3.780000000000001,0,-2.909593990249551,1.1062448196034464
37668,5,Extend,>>,-1863,-155.34,302,287,370,1.4306126309480742,-3.990524751528772,-2.5599121205806976,-147.852,-3.7439999999999998,0,-2.9769168110107325,1.840355071409934
37779,5,Extend,>>,-1907,-159.3,300,282,371,3.002066812289753,-3.6062700250095503,-0.6042032127197974,-151.632,-3.780000000000001,0,-3.089584686543372,3.323327393588742
37888,5,Extend,>>,-1951,-162.99,302,280,370,4.119021761859036,-2.80592004472905,1.3131017171299861,-155.394,-3.7620000000000005,0,-3.1348139477488295,4.008241951045261
37998,5,Extend,>>,-1995,-166.59,299,278,371,4.886917155931958,-2.180122892208593,2.7067942637233653,-159.156,-3.7620000000000005,0,-3.1801358438070877,4.7460438446796545
38108,5,Extend,>>,-2039,-170.2,297,275,371,5.952531401156277,-2.2383482132734684,3.714183187882808,-162.88400000000001,-3.7280000000000086,0,-3.248292378243477,5.952601901309781
38218,5,Extend,>>,-2083,-173.8,297,273,372,7.290484762055611,-1.694304914534495,5.596179847521116,-166.576,-3.691999999999979,0,-3.2938458614337374,6.824006116782164
38328,5,Extend,>>,-2127,-177.76,295,270,369,8.128158836603662,-1.1165509100936817,7.01160792650998,-170.26799999999997,-3.691999999999979,0,-3.3623497765681303,8.232454782651384
38438,5,Extend,>>,-2171,-181.54,296,270,368,9.522857905063814,-1.0103998468075477,8.512458058256266,-173.97799999999998,-3.710000000000008,0,-3.3623497765681303,8.232454782651384
38548,5,Extend,>>,-2215,-185.23,296,270,369,11.148259244611882,-0.8263240490598638,10.321935195552019,-177.706,-3.7280000000000086,0,-3.3623497765681303,8.232454782651384
38657,5,Extend,>>,-2259,-189.01,295,267,368,11.419779057629064,-0.0401796299289225,11.379599427700143,-181.468,-3.7620000000000005,0,-3.4310621201213247,9.763469815408705
38767,5,Extend,>>,-2303,-192.44,297,266,365,12.006848892563289,0.6806907118400367,12.687539604403325,-185.196,-3.7280000000000086,0,-3.4540125520654565,10.30123135645833
38877,5,Extend,>>,-2347,-196.4,293,264,364,13.615892773702647,1.43861496770983,15.054507741412477,-188.924,-3.7280000000000086,0,-3.499982892093321,11.418129212657622
38987,5,Extend,>>,-2391,-200.26,294,265,366,14.681982321938612,2.0883217304303985,16.77030405236901,-192.66799999999998,-3.7439999999999714,0,-3.476986142722789,10.852771139892596
39097,5,Extend,>>,-2435,-204.13,296,262,363,16.328012370091017,2.547838467428553,18.875850837519568,-196.448,-3.7800000000000296,0,-3.5460458669739867,12.590460615812631
39207,5,Extend,<<,-2435,-207.91,301,268,369,18.36148127568094,3.515105768885958,21.8765870445669,-200.228,-3.780000000000001,0,-3.408134846890393,9.239446510167262
39317,5,Extend,<<,-2391,-209.14,304,269,374,20.40830212924353,4.5885672438582725,24.996869373101802,-203.56799999999998,-3.339999999999975,0,-3.385230732372661,8.729121474527204
39427,5,Extend,<<,-2347,-209.14,306,271,372,21.531430632126376,4.877296292474221,26.408726924600597,-206.11599999999999,-2.548000000000002,0,-3.339491979476799,7.74940654907224
39536,5,Extend,<<,-2303,-206.51,309,272,374,22.35437409959442,5.2795032621069815,27.6338773617014,-207.36599999999999,-1.25,0,-3.316657341098668,7.279936928691904
63258,5,Extend,>>,29,7.82,423,409,569,45.98009297536623,25.678151545185152,71.65824452055139,14.186000000000002,-1.0039999999999996,1,-0.40723119917644013,54.48836607477942
63369,5,Extend,>>,-15,4.13,422,409,571,45.94925373447835,25.460153124687984,71.40940685916632,11.408000000000001,-2.7780000000000005,1,-0.40723119917644013,54.48836607477942
63479,5,Extend,>>,-59,0.26,421,410,570,45.68890456087684,25.10105709565797,70.78996165653481,7.856000000000002,-3.5519999999999996,1,-0.3875924632199399,55.52865938862205
63591,5,Extend,>>,-103,-3.69,422,409,569,44.90345326837195,24.959607880095117,69.86306114846707,4.024,-3.8320000000000016,1,-0.40723119917644013,54.48836607477942
63702,5,Extend,>>,-147,-7.56,422,410,569,43.8551344405045,24.37485970077361,68.22999414127811,0.1920000000000009,-3.831999999999999,1,-0.3875924632199399,55.52865938862205
63812,5,Extend,>>,-191,-11.43,421,409,568,41.98465208047804,23.47061284792184,65.45526492839988,-3.657999999999999,-3.85,1,-0.40723119917644013,54.48836607477942
63924,5,Extend,>>,-235,-15.3,421,410,568,41.3045756468034,22.561745840437304,63.866321487240704,-7.544,-3.8860000000000006,1,-0.3875924632199399,55.52865938862205
64036,5,Extend,>>,-279,-18.99,421,409,567,40.712526474670256,21.43009229265468,62.14261876732493,-11.393999999999998,-3.8499999999999988,1,-0.40723119917644013,54.48836607477942
64147,5,Extend,>>,-323,-22.77,419,408,566,38.64349681644883,20.500724027838416,59.14422084428725,-15.209999999999999,-3.8160000000000007,1,-0.4268930938461404,53.45653993591103
64258,5,Extend,>>,-367,-26.64,419,408,563,37.31800469228831,19.255578309391435,56.57358300167975,-19.026,-3.8160000000000007,1,-0.4268930938461404,53.45653993591103
64369,5,Extend,>>,-411,-30.42,420,409,560,36.08699941612768,18.520462352642426,54.60746176877011,-22.824,-3.798000000000002,1,-0.40723119917644013,54.48836607477942
64481,5,Extend,>>,-455,-34.37,418,408,558,34.41093000162229,17.784144733210457,52.195074734832744,-26.637999999999998,-3.8139999999999965,1,-0.4268930938461404,53.45653993591103
64593,5,Extend,>>,-499,-38.24,417,407,556,33.57348672052868,16.86249276185884,50.435979482387516,-30.488,-3.8500000000000014,1,-0.4465781472290411,52.43321524610349
64705,5,Extend,>>,-543,-42.02,415,404,550,32.418173439501395,15.948268695820996,48.36644213532239,-34.338,-3.8500000000000014,1,-0.5057722596569447,49.41459321745693
64815,5,Extend,>>,-587,-45.8,417,407,550,30.5825351229925,14.717337180947869,45.29987230394037,-38.17,-3.8320000000000007,1,-0.4465781472290411,52.43321524610349
64926,5,Extend,>>,-631,-49.76,416,406,546,29.169377381638437,14.31836836560294,43.48774574724138,-42.038,-3.867999999999995,1,-0.46628635932514184,51.418426319813086
65037,5,Extend,>>,-675,-53.63,413,404,538,27.57109855860206,13.2805826005353,40.85168115913736,-45.89,-3.852000000000004,1,-0.5057722596569447,49.41459321745693
65149,5,Extend,>>,-719,-57.32,412,401,534,25.484584785426605,11.86484339450912,37.34942817993573,-49.706,-3.8160000000000025,1,-0.5651748005036499,46.473721972962615
65260,5,Extend,>>,-763,-61.1,410,397,531,23.42525420234,10.919084036708268,34.34433823904827,-53.522000000000006,-3.8160000000000025,1,-0.6447024102840602,42.67511720972962
65372,5,Extend,>>,-807,-64.88,406,398,529,21.09046389575952,9.422456131622846,30.512920027382364,-57.338,-3.8159999999999954,1,-0.624785769769157,43.61153345284208
65483,5,Extend,>>,-851,-68.75,404,396,521,18.465433276418583,7.448366430933399,25.913799707351984,-61.136,-3.798000000000002,1,-0.6646422095121634,41.74758209502755
65595,5,Extend,>>,-895,-72.53,404,396,518,16.299045856851805,6.26422763885904,22.563273495710845,-64.916,-3.779999999999994,1,-0.6646422095121634,41.74758209502755
65707,5,Extend,>>,-939,-76.31,399,394,512,14.268995357012509,5.100912208294256,19.369907565306764,-68.714,-3.798000000000002,1,-0.7045912841079702,39.91929432531377
65819,5,Extend,>>,-983,-80.0,397,393,507,12.598074603505353,3.901372328546187,16.49944693205154,-72.494,-3.780000000000001,1,-0.7246005594756735,39.01861130845578
65931,5,Extend,>>,-1027,-83.69,393,396,501,11.064646135847472,2.894194790946658,13.95884092679413,-76.256,-3.7620000000000005,1,-0.6646422095121634,41.74758209502755
66043,5,Extend,>>,-1071,-87.38,386,393,493,8.646348129380419,1.860294509571192,10.506642638951611,-79.982,-3.725999999999999,1,-0.7246005594756735,39.01861130845578
66155,5,Extend,>>,-1115,-91.25,386,390,486,7.133365700236227,1.1048127562012096,8.238178456437437,-83.726,-3.7439999999999998,1,-0.7847673378579869,36.37082440656203
66266,5,Extend,>>,-1159,-95.03,380,386,478,6.038240932195448,0.3716792746085765,6.409920206804024,-87.47,-3.7439999999999998,1,-0.8653139310192066,32.96835986847765
66376,5,Extend,>>,-1203,-98.73,372,376,471,4.782562222166403,-0.7502420228615139,4.032320199304889,-91.216,-3.745999999999995,1,-1.0683015238462725,25.115740195603493
66487,5,Extend,>>,-1247,-102.42,369,369,466,3.746146017911161,-1.6760155757979311,2.07013044211323,-94.962,-3.7460000000000093,1,-1.2117707822606314,20.189166997465875
66596,5,Extend,>>,-1291,-106.02,362,365,464,2.3684502713784616,-1.8924947382961448,0.47595553308231686,-98.69,-3.7279999999999944,1,-1.2942627073306694,17.590327654882643
66706,5,Extend,>>,-1335,-109.8,354,360,458,1.250548124656201,-2.288678968356331,-1.0381308437001302,-102.4,-3.710000000000008,1,-1.3978986847152228,14.567352267369508
66816,5,Extend,>>,-1379,-113.76,348,348,449,0.4399396990926951,-3.392765473657697,-2.9528257745650017,-106.146,-3.745999999999995,1,-1.6489872191845736,8.360667768298377
66926,5,Extend,>>,-1423,-117.63,344,342,441,-0.1048590596426498,-3.875880375900289,-3.980739435542939,-109.926,-3.780000000000001,1,-1.7757820569320606,5.827495198554398
67038,5,Extend,>>,-1467,-121.41,335,336,436,-0.663555298055104,-4.354978478901036,-5.01853377695614,-113.724,-3.798000000000002,1,-1.9034106083547557,3.685027526031032
67150,5,Extend,>>,-1511,-125.01,329,333,436,-1.1576209187182511,-4.671502163176994,-5.829123081895245,-117.522,-3.798000000000002,1,-1.9675375266943065,2.76280886746598
67262,5,Extend,>>,-1555,-128.62,323,330,431,-1.114448257796934,-4.878821045298107,-5.99326930309504,-121.28600000000002,-3.76400000000001,1,-2.031872873452659,1.9412739825756147
67373,5,Extend,>>,-1599,-132.4,316,324,422,-1.000462420819574,-5.161220354396131,-6.161682775215706,-125.01400000000001,-3.7279999999999944,1,-2.1611688522257704,0.6042961190977574
67484,5,Extend,>>,-1643,-136.26,311,320,412,-0.9147365419212806,-5.543253623287269,-6.45799016520855,-128.74,-3.725999999999999,1,-2.2478293456718488,-0.05703127135677788
67595,5,Extend,>>,-1687,-140.13,311,312,399,-0.4846252774313366,-5.5388793792189706,-6.023504656650307,-132.484,-3.7439999999999998,1,-2.4222619507976164,-0.8168247689760224
67707,5,Extend,>>,-1731,-144.0,308,308,387,0.2104518791141816,-5.29509664981393,-5.084644770699748,-136.282,-3.798000000000002,1,-2.5100340624773056,-0.9104258164355832
67819,5,Extend,>>,-1775,-147.69,308,301,380,0.7665969491399106,-4.872767513455413,-4.106170564315502,-140.09599999999998,-3.8139999999999645,1,-2.6645268683749705,-0.605637343297448
67930,5,Extend,>>,-1819,-151.56,306,291,373,1.2546398935367131,-4.378961307904488,-3.124321414367775,-143.928,-3.832000000000022,1,-2.8871993674222245,0.8872519730348004
68043,5,Extend,>>,-1863,-155.43,304,285,371,2.644453433806263,-3.864613333511056,-1.220159899704793,-147.762,-3.834000000000003,1,-3.0219144850841877,2.3944296180645113
68154,5,Extend,>>,-1907,-159.38,305,284,370,3.576547048655435,-3.5435441647841275,0.033002883871307453,-151.612,-3.8499999999999943,1,-3.0444480601907156,2.6909848025774594
68265,5,Extend,>>,-1951,-163.16,301,278,371,4.44191216154894,-2.899854200406349,1.542057961142591,-155.44400000000002,-3.832000000000022,1,-3.1801358438070877,4.7460438446796545
68377,5,Extend,>>,-1995,-166.86,300,275,368,5.851157105081001,-2.2959912508565203,3.555165854224481,-159.27800000000002,-3.834000000000003,1,-3.248292378243477,5.952601901309781
68487,5,Extend,>>,-2039,-170.37,301,274,372,6.852046498547081,-2.253169067979493,4.598877430567588,-163.04000000000002,-3.7620000000000005,1,-3.271057540482007,6.381574348984442
68598,5,Extend,>>,-2083,-174.15,299,271,372,7.683163833552082,-1.703699503236292,5.97946433031579,-166.78400000000002,-3.7439999999999998,1,-3.339491979476799,7.74940654907224
68709,5,Extend,>>,-2127,-178.02,299,270,372,9.023986929116006,-1.1231014846898852,7.900885444426121,-170.512,-3.72799999999998,1,-3.3623497765681303,8.232454782651384
68821,5,Extend,>>,-2171,-181.8,298,270,371,10.276754418293102,-0.8836357667321459,9.393118651560956,-174.24,-3.7280000000000086,1,-3.3623497765681303,8.232454782651384
68933,5,Extend,>>,-2215,-185.49,297,268,372,11.303435715445833,-0.4984326740975766,10.805003041348256,-177.96599999999998,-3.7259999999999707,1,-3.408134846890393,9.239446510167262
69043,5,Extend,>>,-2259,-189.19,296,267,371,12.161580164423915,0.1671707366588561,12.32875090108277,-181.73000000000002,-3.7640000000000384,1,-3.4310621201213247,9.763469815408705
69154,5,Extend,>>,-2303,-192.62,294,267,368,13.231135909946024,0.2530672909725662,13.484203200918591,-185.424,-3.6939999999999884,1,-3.4310621201213247,9.763469815408705
69266,5,Extend,>>,-2347,-196.57,295,264,368,14.188249772711409,0.4684098639081531,14.656659636619562,-189.13400000000001,-3.710000000000008,1,-3.499982892093321,11.418129212657622
69377,5,Extend,>>,-2391,-200.35,295,266,370,14.354051973287774,1.4309399646637364,15.78499193795151,-192.844,-3.7099999999999795,1,-3.4540125520654565,10.30123135645833
69488,5,Extend,>>,-2435,-204.13,293,265,366,14.475807425032578,1.8103729515176556,16.286180376550234,-196.572,-3.7280000000000086,1,-3.476986142722789,10.852771139892596
69599,5,Extend,<<,-2435,-207.82,298,266,368,15.100108150606168,2.051449246509982,17.15155739711615,-200.298,-3.725999999999999,1,-3.4540125520654565,10.30123135645833
69711,5,Extend,<<,-2391,-209.05,303,271,375,16.263943031166118,2.439345360898568,18.703288392064685,-203.584,-3.2860000000000014,1,-3.339491979476799,7.74940654907224
69822,5,Extend,<<,-2347,-209.14,305,273,379,16.73650656978179,2.773408389640462,19.50991495942225,-206.098,-2.51400000000001,1,-3.2938458614337374,6.824006116782164
69933,5,Extend,<<,-2303,-206.42,307,272,378,17.451790641050838,3.005741327065384,20.45753196811622,-207.31199999999998,-1.2139999999999702,1,-3.316657341098668,7.279936928691904
93900,5,Extend,>>,29,7.91,433,396,554,41.10355552201915,24.444429130287432,65.54798465230658,14.222,-1.0020000000000007,2,-0.6646422095121634,41.74758209502755
94010,5,Extend,>>,-15,4.22,432,397,553,39.54992250969693,23.64777697703741,63.19769948673434,11.462,-2.76,2,-0.6447024102840602,42.67511720972962
94119,5,Extend,>>,-59,0.26,432,395,551,38.43926737140731,22.92615695921161,61.36542433061892,7.910000000000001,-3.5519999999999987,2,-0.6846051674534666,40.82896286725827
94229,5,Extend,>>,-103,-3.6,434,397,554,37.02253561000177,22.30714723065251,59.32968284065428,4.095999999999999,-3.814000000000002,2,-0.6447024102840602,42.67511720972962
94338,5,Extend,>>,-147,-7.47,433,394,552,35.769458478139015,21.83751635040103,57.60697482854005,0.26400000000000007,-3.831999999999999,2,-0.7045912841079702,39.91929432531377
94449,5,Extend,>>,-191,-11.43,434,396,551,34.3763906503068,20.80975282726518,55.18614347757198,-3.604,-3.8680000000000003,2,-0.6646422095121634,41.74758209502755
94558,5,Extend,>>,-235,-15.21,430,394,551,33.42542834206648,20.26559795938113,53.69102630144761,-7.49,-3.886,2,-0.7045912841079702,39.91929432531377
94668,5,Extend,>>,-279,-18.9,432,395,550,32.55932226079636,19.49363984200335,52.05296210279971,-11.322,-3.831999999999999,2,-0.6846051674534666,40.82896286725827
94777,5,Extend,>>,-323,-22.68,431,397,548,31.242489167436112,18.098794272033548,49.34128343946966,-15.138,-3.8160000000000007,2,-0.6447024102840602,42.67511720972962
94887,5,Extend,>>,-367,-26.64,429,397,547,30.33475233682933,17.293826869859938,47.62857920668927,-18.972,-3.8340000000000014,2,-0.6447024102840602,42.67511720972962
94997,5,Extend,>>,-411,-30.42,427,391,543,29.34793037216552,16.470308933982793,45.818239306148314,-22.77,-3.7979999999999983,2,-0.7646885863506823,37.244341408894094
95107,5,Extend,>>,-455,-34.37,427,394,543,27.834785359436346,15.630866903865742,43.46565226330209,-26.601999999999997,-3.831999999999997,2,-0.7045912841079702,39.91929432531377
95216,5,Extend,>>,-499,-38.15,426,394,538,25.949706473988105,14.211963713973802,40.1616701879619,-30.451999999999998,-3.8500000000000014,2,-0.7045912841079702,39.91929432531377
95326,5,Extend,>>,-543,-41.93,422,393,536,24.13961918396001,12.889262394570888,37.0288815785309,-34.302,-3.8500000000000014,2,-0.7246005594756735,39.01861130845578
95435,5,Extend,>>,-587,-45.8,421,393,532,22.011001172829157,11.94089674240341,33.951897915232564,-38.134,-3.8320000000000007,2,-0.7246005594756735,39.01861130845578
95545,5,Extend,>>,-631,-49.76,420,395,530,19.07745437121935,10.28892750996052,29.36638188117987,-42.001999999999995,-3.867999999999995,2,-0.6846051674534666,40.82896286725827
95655,5,Extend,>>,-675,-53.63,417,391,527,16.65992659542798,8.596126172560037,25.256052767988017,-45.854,-3.852000000000004,2,-0.7646885863506823,37.244341408894094
95764,5,Extend,>>,-719,-57.32,410,393,525,14.630561549051354,7.260758328142135,21.89131987719349,-49.688,-3.834000000000003,2,-0.7246005594756735,39.01861130845578
95875,5,Extend,>>,-763,-61.1,400,390,517,12.564521935124985,6.219375033837886,18.78389696896287,-53.522000000000006,-3.834000000000003,2,-0.7847673378579869,36.37082440656203
95985,5,Extend,>>,-807,-64.88,394,392,511,10.205393421910696,4.717916038129816,14.923309460040512,-57.338,-3.8159999999999954,2,-0.7446329935565776,38.12694869631555
96095,5,Extend,>>,-851,-68.75,386,387,506,8.932553120815125,3.779519854295561,12.712072975110686,-61.136,-3.798000000000002,2,-0.845142544659101,33.805165319353065
96204,5,Extend,>>,-895,-72.53,389,389,499,7.912866364998287,2.808518537792674,10.72138490279096,-64.916,-3.779999999999994,2,-0.8048692480784911,35.50643269005963
96314,5,Extend,>>,-939,-76.31,383,385,492,6.653447742393758,2.216335327933592,8.86978307032735,-68.714,-3.798000000000002,2,-0.8855084760925123,32.14082011008941
96423,5,Extend,>>,-983,-80.09,377,379,478,5.902744678041751,1.8713866860995827,7.774131364141334,-72.512,-3.798000000000002,2,-1.0071620795095497,27.372135272821733
96533,5,Extend,>>,-1027,-83.78,375,374,465,5.128069012532247,1.1287415854821554,6.256810598014402,-76.292,-3.780000000000001,2,-1.1091769469700878,23.659515276579818
96644,5,Extend,>>,-1071,-87.56,371,367,454,4.08760472627953,0.5134304517680055,4.601035178047535,-80.054,-3.7620000000000005,2,-1.2529704273692501,18.869864416233
96754,5,Extend,>>,-1115,-91.43,365,358,442,3.5476579573142493,0.0777666498050766,3.6254246071193257,-83.834,-3.780000000000001,2,-1.439515186661446,13.42926747160719
96864,5,Extend,>>,-1159,-95.3,360,354,431,3.0669806171027627,-0.5717751069571302,2.4952055101456327,-87.632,-3.798000000000002,2,-1.5230260951122945,11.276588322477757
96974,5,Extend,>>,-1203,-99.08,356,346,418,2.324891316526833,-0.7255861674438691,1.5993051490829637,-91.42999999999999,-3.7979999999999876,2,-1.6911595302476017,7.47335750045012
97083,5,Extend,>>,-1247,-102.68,346,341,409,1.8132096918473544,-1.1958167446262178,0.6173929472211366,-95.21000000000001,-3.7800000000000153,2,-1.7969955853861759,5.4430693175014735
97193,5,Extend,>>,-1291,-106.37,341,338,400,1.5318150484426285,-1.6722541527507064,-0.14043910430807793,-98.97200000000001,-3.7620000000000005,2,-1.8607751230277232,4.355278441121716
97303,5,Extend,>>,-1335,-110.24,335,336,393,0.8971371745662992,-1.8792382078111287,-0.9821010332448296,-102.73400000000001,-3.7620000000000005,2,-1.9034106083547557,3.685027526031032
97413,5,Extend,>>,-1379,-114.11,331,330,387,0.3111061464477839,-2.567637235760151,-2.256531089312367,-106.49600000000001,-3.7620000000000005,2,-2.031872873452659,1.9412739825756147
97524,5,Extend,>>,-1423,-117.98,326,327,385,-0.0919816891239631,-3.124761523411024,-3.216743212534987,-110.276,-3.779999999999987,2,-2.0964166486298135,1.2214322001942715
97633,5,Extend,>>,-1467,-121.67,322,318,382,-0.5980412338207309,-3.577893918105936,-4.175935151926667,-114.074,-3.798000000000002,2,-2.291298544674089,-0.317792194430781
97744,5,Extend,>>,-1511,-125.45,319,316,375,-0.6763350965044974,-4.090671659306213,-4.76700675581071,-117.89000000000001,-3.8160000000000167,2,-2.3348603785291306,-0.531547354893982
97855,5,Extend,>>,-1555,-129.14,317,307,371,-0.7458251269548998,-4.481759111791164,-5.227584238746064,-121.67,-3.779999999999987,2,-2.5320349871802286,-0.9035899943687744
97965,5,Extend,>>,-1599,-133.01,312,303,368,-0.9313226046960624,-4.5425526775755225,-5.473875282271585,-125.45,-3.780000000000001,2,-2.6202702731239222,-0.7541518277463493
98077,5,Extend,>>,-1643,-136.97,311,296,370,-0.94035480679987,-4.792552487531466,-5.732907294331335,-129.248,-3.7979999999999876,2,-2.7755736339835946,-0.016638767962097067
98188,5,Extend,>>,-1687,-140.75,308,288,367,-0.1424713596105639,-4.83272506707997,-4.975196426690534,-133.064,-3.8160000000000025,2,-2.954452712043805,1.5827572705315869
98299,5,Extend,>>,-1731,-144.7,308,281,365,0.1395393179327195,-4.596315418664752,-4.456776100732033,-136.914,-3.8499999999999943,2,-3.1121877377895006,3.6591934810416737
98410,5,Extend,>>,-1775,-148.48,307,282,366,-0.2019328570433799,-4.036226175098157,-4.238159032141537,-140.78199999999998,-3.867999999999995,2,-3.089584686543372,3.323327393588742
98522,5,Extend,>>,-1819,-152.35,306,279,367,0.2333498579531064,-3.496651852333498,-3.2633019943803916,-144.65,-3.8680000000000234,2,-3.1574633164213584,4.37051224500089
98633,5,Extend,>>,-1863,-156.13,305,276,367,0.7775210264025221,-3.3096166562898994,-2.5320956298873774,-148.48199999999997,-3.831999999999965,2,-3.225550374718147,5.537049090138913
98745,5,Extend,>>,-1907,-160.0,305,274,364,1.5885540885876266,-3.15282462176822,-1.5642705331805933,-152.33199999999997,-3.8499999999999943,2,-3.271057540482007,6.381574348984442
98856,5,Extend,>>,-1951,-163.69,304,272,366,1.9420579599340324,-2.6882582154767345,-0.7462002555427021,-156.13,-3.7980000000000302,2,-3.316657341098668,7.279936928691904
98967,5,Extend,>>,-1995,-167.3,301,273,369,2.660489282513113,-2.441105729740824,0.21938355277228894,-159.894,-3.76400000000001,2,-3.2938458614337374,6.824006116782164
99079,5,Extend,>>,-2039,-170.9,300,272,368,3.836482749733936,-2.293846279321502,1.5426364704124338,-163.604,-3.710000000000008,2,-3.316657341098668,7.279936928691904
99191,5,Extend,>>,-2083,-174.59,299,270,367,4.086513682382349,-1.8363124379234943,2.2502012444588546,-167.296,-3.691999999999979,2,-3.3623497765681303,8.232454782651384
99302,5,Extend,>>,-2127,-178.37,299,271,365,4.72165732710005,-1.6021573502533748,3.119499976846675,-170.97000000000003,-3.674000000000035,2,-3.339491979476799,7.74940654907224
99413,5,Extend,>>,-2171,-182.15,298,268,365,6.264442590846651,-1.561494032357128,4.702948558489522,-174.662,-3.691999999999979,2,-3.408134846890393,9.239446510167262
99524,5,Extend,>>,-2215,-185.76,299,267,364,7.024711915761404,-1.2317149463799115,5.792996969381493,-178.35399999999998,-3.691999999999979,2,-3.4310621201213247,9.763469815408705
99636,5,Extend,>>,-2259,-189.45,297,268,365,7.545880052750595,-0.9057573969365804,6.6401226558140145,-182.064,-3.710000000000008,2,-3.408134846890393,9.239446510167262
99747,5,Extend,>>,-2303,-192.79,297,265,363,8.92064335170983,-0.3874640498512085,8.53317930185862,-185.704,-3.640000000000015,2,-3.476986142722789,10.852771139892596
99859,5,Extend,>>,-2347,-196.66,295,265,363,10.488339925728743,-0.0603485709382211,10.427991354790523,-189.362,-3.657999999999987,2,-3.476986142722789,10.852771139892596
99971,5,Extend,>>,-2391,-200.44,298,264,361,11.621951443264848,0.4070225169121306,12.028973960176979,-193.01999999999998,-3.657999999999987,2,-3.499982892093321,11.418129212657622
100082,5,Extend,>>,-2435,-204.22,296,265,362,12.608078665448566,0.8921971046034376,13.500275770052005,-196.712,-3.6920000000000073,2,-3.476986142722789,10.852771139892596
100193,5,Extend,<<,-2435,-207.91,299,266,366,13.225128299872525,1.407532788382159,14.632661088254684,-200.404,-3.6920000000000073,2,-3.4540125520654565,10.30123135645833
100304,5,Extend,<<,-2391,-209.14,302,268,371,14.32589097869372,2.198345777810954,16.524236756504674,-203.674,-3.2700000000000102,2,-3.408134846890393,9.239446510167262
100415,5,Extend,<<,-2347,-209.14,307,272,374,16.51372916056852,3.4073978458285685,19.92112700639709,-206.17,-2.495999999999981,2,-3.316657341098668,7.279936928691904
100526,5,Extend,<<,-2303,-206.42,311,273,377,18.024264105077226,4.139634120783307,22.16389822586053,-207.36599999999999,-1.195999999999998,2,-3.2938458614337374,6.824006116782164
124409,5,Extend,>>,29,7.91,427,367,542,37.268172811610135,21.02684578310189,58.295018594712026,14.222,-0.9860000000000024,3,-1.2529704273692501,18.869864416233
124519,5,Extend,>>,-15,4.22,424,367,543,36.73149583048132,20.628115153956315,57.35961098443764,11.462,-2.76,3,-1.2529704273692501,18.869864416233
124629,5,Extend,>>,-59,0.26,424,368,543,36.04876258908456,20.011989252333212,56.06075184141777,7.909999999999999,-3.5520000000000005,3,-1.2323590254583405,19.524562949031395
124739,5,Extend,>>,-103,-3.52,424,366,542,35.19920959061097,19.35788949724432,54.55709908785529,4.112,-3.797999999999999,3,-1.2736049879933597,18.22510732831283
124848,5,Extend,>>,-147,-7.47,423,368,542,34.05421361406097,18.754390544475463,52.80860415853643,0.2800000000000001,-3.832,3,-1.2323590254583405,19.524562949031395
124958,5,Extend,>>,-191,-11.34,424,367,540,33.342910141229936,17.971456133472017,51.31436627470195,-3.5700000000000003,-3.8500000000000005,3,-1.2529704273692501,18.869864416233
125067,5,Extend,>>,-235,-15.12,425,366,539,32.433807729623275,17.299502087929298,49.73330981755257,-7.438,-3.8679999999999994,3,-1.2736049879933597,18.22510732831283
125177,5,Extend,>>,-279,-18.9,422,369,538,31.12123687532896,16.07575123663501,47.196988111963975,-11.27,-3.832,3,-1.2117707822606314,20.189166997465875
125286,5,Extend,>>,-323,-22.68,422,368,534,30.389756315635537,15.159590481872897,45.549346797508434,-15.101999999999999,-3.831999999999999,3,-1.2323590254583405,19.524562949031395
125396,5,Extend,>>,-367,-26.55,423,368,536,29.49965243375941,14.389937339295331,43.889589773054745,-18.918,-3.8160000000000007,3,-1.2323590254583405,19.524562949031395
125505,5,Extend,>>,-411,-30.42,423,366,535,28.49294244583546,13.709401745338209,42.202344191173665,-22.734,-3.8160000000000025,3,-1.2736049879933597,18.22510732831283
125615,5,Extend,>>,-455,-34.29,421,367,530,26.109134367855265,12.817023346788735,38.926157714644,-26.568,-3.8339999999999996,3,-1.2529704273692501,18.869864416233
125725,5,Extend,>>,-499,-38.15,421,365,528,24.5106608701706,11.563734967567983,36.074395837738585,-30.418,-3.849999999999998,3,-1.2942627073306694,17.590327654882643
125834,5,Extend,>>,-543,-41.85,421,364,524,23.419868485887527,10.56343272267199,33.98330120855952,-34.251999999999995,-3.833999999999996,3,-1.31494358538118,16.96556140592389
125944,5,Extend,>>,-587,-45.8,421,365,521,20.715144023352096,9.62466453548647,30.339808558838566,-38.102,-3.8500000000000014,3,-1.2942627073306694,17.590327654882643
126053,5,Extend,>>,-631,-49.67,418,363,519,18.148375239785853,8.230652603122547,26.3790278429084,-41.952,-3.8500000000000014,3,-1.33564762214489,16.350844631787666
126163,5,Extend,>>,-675,-53.63,417,363,517,16.20851290025299,6.700701606547056,22.909214506800048,-45.82,-3.868000000000002,3,-1.33564762214489,16.350844631787666
126272,5,Extend,>>,-719,-57.32,417,362,513,15.2718602541164,5.464868785079014,20.736729039195414,-49.653999999999996,-3.833999999999996,3,-1.3563748176218011,15.74621342319465
126382,5,Extend,>>,-763,-61.1,418,363,504,14.463114089710466,4.200595113397632,18.663709203108098,-53.504,-3.8500000000000014,3,-1.33564762214489,16.350844631787666
126491,5,Extend,>>,-807,-64.88,415,362,500,13.563254791382882,3.4893356428334297,17.052590434216313,-57.32000000000001,-3.8160000000000096,3,-1.3563748176218011,15.74621342319465
126601,5,Extend,>>,-851,-68.84,414,359,495,12.32935191911259,2.8904132111273158,15.219765130239905,-61.153999999999996,-3.833999999999989,3,-1.4186953563317344,13.993194703427033
126711,5,Extend,>>,-895,-72.62,410,356,493,10.627789530495914,2.268033841228749,12.895823371724664,-64.952,-3.798000000000002,3,-1.4812243234604692,12.332249214980799
126821,5,Extend,>>,-939,-76.4,407,355,490,9.545841447295658,1.6340238740509658,11.179865321346623,-68.768,-3.8160000000000025,3,-1.5021136299297821,11.799230896421104
126931,5,Extend,>>,-983,-80.18,401,353,483,8.590657197951373,0.8961754610066175,9.48683265895799,-72.584,-3.8160000000000025,3,-1.5439617190080066,10.764357947198274
127040,5,Extend,>>,-1027,-83.78,395,351,475,7.4613355530821455,0.2000179553326115,7.661353508414757,-76.364,-3.780000000000001,3,-1.5859024429390327,9.771279810669355
127150,5,Extend,>>,-1071,-87.56,386,347,472,5.877177582987236,-0.6474731016717896,5.229704481315446,-80.10799999999999,-3.7439999999999856,3,-1.6700617953594874,7.911678380700843
127259,5,Extend,>>,-1115,-91.52,377,343,462,4.832526306058686,-1.6535516355228816,3.178974670535804,-83.888,-3.7800000000000153,3,-1.7545916871911453,6.22277387567423
127369,5,Extend,>>,-1159,-95.38,375,339,455,3.467206661391113,-2.0808540004684564,1.3863526609226566,-87.684,-3.7959999999999923,3,-1.8394921184340074,4.706923899377679
127479,5,Extend,>>,-1203,-99.16,366,334,447,2.2149071710218,-2.5815425751814907,-0.36663540415969065,-91.47999999999999,-3.7959999999999923,3,-1.9461387285345892,3.0590777502271966
127589,5,Extend,>>,-1247,-102.86,358,332,440,1.7251879673707586,-3.35971430384606,-1.6345263364753015,-95.296,-3.8160000000000167,3,-1.9889594835672237,2.4777270437555354
127698,5,Extend,>>,-1291,-106.55,351,326,430,1.2155474540946154,-3.874137103947752,-2.6585896498531367,-99.094,-3.7979999999999876,3,-2.1179775577819324,1.0042583295012406
127808,5,Extend,>>,-1335,-110.42,341,324,421,0.732871806691853,-4.172734306909925,-3.439862500218072,-102.874,-3.780000000000001,3,-2.1611688522257704,0.6042961190977574
127918,5,Extend,>>,-1379,-114.2,334,319,414,0.055835480447238,-4.988920333020233,-4.933084852572995,-106.63799999999999,-3.763999999999996,3,-2.269552365816369,-0.1932684944965085
128028,5,Extend,>>,-1423,-117.98,328,317,407,-0.5308027059475975,-5.408906211355744,-5.939708917303341,-110.402,-3.76400000000001,3,-2.31306788224501,-0.4305644638047581
128138,5,Extend,>>,-1467,-121.67,322,312,396,-1.135489013016468,-5.278225117348569,-6.413714130365037,-114.16400000000002,-3.7620000000000147,3,-2.4222619507976164,-0.8168247689760224
128247,5,Extend,>>,-1511,-125.45,314,304,387,-1.206162029830247,-5.910267930525109,-7.116429960355355,-117.944,-3.779999999999987,3,-2.5981767135681983,-0.8099024654756979
128357,5,Extend,>>,-1555,-129.23,309,298,378,-1.33494672497711,-6.278013794498286,-7.612960519475396,-121.70599999999999,-3.7619999999999862,3,-2.7310854516005443,-0.2897536895662246
128467,5,Extend,>>,-1599,-132.92,305,296,378,-1.478393378008715,-6.136699513303495,-7.6150928913122105,-125.45,-3.744000000000014,3,-2.7755736339835946,-0.016638767962097067
128577,5,Extend,>>,-1643,-137.05,309,290,370,-1.1764310905470663,-6.417921885020683,-7.59435297556775,-129.26399999999998,-3.8139999999999787,3,-2.909593990249551,1.1062448196034464
128687,5,Extend,>>,-1687,-140.84,304,288,372,-0.9455943554744326,-6.600460544503308,-7.546054899977741,-133.098,-3.8340000000000316,3,-2.954452712043805,1.5827572705315869
128796,5,Extend,>>,-1731,-144.7,302,283,370,-0.6918743790419577,-6.243821723725148,-6.935696102767105,-136.948,-3.8499999999999943,3,-3.0670047940104435,3.000604287654714
128906,5,Extend,>>,-1775,-148.4,302,281,370,-0.1917004599602957,-5.659682684384421,-5.851383144344717,-140.78199999999998,-3.8339999999999748,3,-3.1121877377895006,3.6591934810416737
129016,5,Extend,>>,-1819,-152.09,300,282,370,0.6830518338618216,-5.160099982656731,-4.47704814879491,-144.61599999999999,-3.834000000000003,3,-3.089584686543372,3.323327393588742
129125,5,Extend,>>,-1863,-155.96,300,279,370,1.5995938644204326,-5.1715814883601485,-3.571987623939716,-148.398,-3.7820000000000107,3,-3.1574633164213584,4.37051224500089
129235,5,Extend,>>,-1907,-159.74,300,275,369,2.193636410797537,-4.854439424626218,-2.660803013828681,-152.178,-3.780000000000001,3,-3.248292378243477,5.952601901309781
129345,5,Extend,>>,-1951,-163.43,298,275,371,2.950413824967714,-3.995378200106548,-1.044964375138834,-155.92400000000004,-3.7460000000000377,3,-3.248292378243477,5.952601901309781
129455,5,Extend,>>,-1995,-167.12,297,273,371,3.965560570666757,-3.680601978825504,0.28495859184125294,-159.668,-3.7439999999999714,3,-3.2938458614337374,6.824006116782164
129566,5,Extend,>>,-2039,-170.64,296,273,370,4.766507128069833,-3.6246199956628713,1.1418871324069615,-163.378,-3.7099999999999795,3,-3.2938458614337374,6.824006116782164
129676,5,Extend,>>,-2083,-174.42,293,268,371,5.598144095483921,-2.9628585089541484,2.6352855865297724,-167.07,-3.6920000000000073,3,-3.408134846890393,9.239446510167262
129786,5,Extend,>>,-2127,-178.29,295,269,372,6.576890456679887,-2.5572972525162903,4.019593204163597,-170.78,-3.710000000000008,3,-3.385230732372661,8.729121474527204
129896,5,Extend,>>,-2171,-181.98,294,267,370,7.661127716322852,-2.187214366981788,5.473913349341064,-174.48999999999998,-3.7099999999999795,3,-3.4310621201213247,9.763469815408705
130006,5,Extend,>>,-2215,-185.67,295,267,367,8.509264944587235,-1.8590492172881683,6.6502157272990665,-178.2,-3.710000000000008,3,-3.4310621201213247,9.763469815408705
130117,5,Extend,>>,-2259,-189.36,296,265,366,9.95609232302453,-0.9489055912199524,9.007186731804577,-181.944,-3.7439999999999998,3,-3.476986142722789,10.852771139892596
130226,5,Extend,>>,-2303,-192.79,295,266,363,12.17625049420231,0.4587544059079352,12.635004900110246,-185.618,-3.6740000000000066,3,-3.4540125520654565,10.30123135645833
130336,5,Extend,>>,-2347,-196.75,294,263,364,14.128354535943943,1.5449150772788074,15.67326961322275,-189.31,-3.6920000000000073,3,-3.523002800177054,11.99734566206918
130446,5,Extend,>>,-2391,-200.53,292,265,364,15.86721808387444,2.749683806558032,18.616901890432473,-193.02,-3.710000000000008,3,-3.476986142722789,10.852771139892596
130555,5,Extend,>>,-2435,-204.22,294,265,364,17.42344126684756,3.084217172684716,20.50765843953228,-196.73000000000002,-3.710000000000008,3,-3.476986142722789,10.852771139892596
130665,5,Extend,<<,-2435,-207.91,294,264,367,18.593358266045627,3.276151208300969,21.869509474346597,-200.44,-3.7099999999999795,3,-3.499982892093321,11.418129212657622
130775,5,Extend,<<,-2391,-209.23,299,268,371,19.168687685955693,3.76323772391769,22.931925409873383,-203.728,-3.288000000000011,3,-3.408134846890393,9.239446510167262
130884,5,Extend,<<,-2347,-209.23,303,271,376,20.42486991819843,4.254964808301566,24.679834726499994,-206.22400000000002,-2.4960000000000093,3,-3.339491979476799,7.74940654907224
130994,5,Extend,<<,-2303,-206.51,306,274,378,21.139004316502277,4.972952886204025,26.1119572027063,-207.42,-1.1959999999999695,3,-3.271057540482007,6.381574348984442
154729,5,Extend,>>,29,7.91,443,389,553,42.81056988595523,23.669535549483168,66.4801054354384,14.222,-0.9860000000000024,4,-0.8048692480784911,35.50643269005963
154838,5,Extend,>>,-15,4.22,440,389,553,42.64341491870755,23.20906342342692,65.85247834213448,11.462,-2.76,4,-0.8048692480784911,35.50643269005963
154948,5,Extend,>>,-59,0.26,440,391,555,41.648591744221285,22.746179606123366,64.39477135034466,7.909999999999999,-3.5520000000000005,4,-0.7646885863506823,37.244341408894094
155057,5,Extend,>>,-103,-3.6,441,390,554,40.453604164210944,22.47088815407438,62.924492318285324,4.096,-3.813999999999999,4,-0.7847673378579869,36.37082440656203
155167,5,Extend,>>,-147,-7.47,442,389,551,39.41841160682788,21.99435988008694,61.41277148691482,0.26400000000000007,-3.832,4,-0.8048692480784911,35.50643269005963
155277,5,Extend,>>,-191,-11.34,441,390,552,38.3294529854757,20.733419827379684,59.06287281285538,-3.586,-3.85,4,-0.7847673378579869,36.37082440656203
155387,5,Extend,>>,-235,-15.21,439,389,551,37.08133266364642,19.552551398715025,56.633884062361446,-7.4719999999999995,-3.8859999999999997,4,-0.8048692480784911,35.50643269005963
155497,5,Extend,>>,-279,-18.9,439,387,549,35.678954048898184,18.97421026999983,54.653164318898014,-11.303999999999998,-3.831999999999999,4,-0.845142544659101,33.805165319353065
155607,5,Extend,>>,-323,-22.68,440,389,550,34.698015992237615,18.40888313502192,53.10689912725954,-15.12,-3.8160000000000007,4,-0.8048692480784911,35.50643269005963
155717,5,Extend,>>,-367,-26.55,437,388,547,32.584020582137484,17.067793413021224,49.651813995158705,-18.936,-3.8160000000000007,4,-0.8249943170121958,34.6512013004968
155826,5,Extend,>>,-411,-30.33,438,387,546,30.463381055224403,16.434141297232028,46.897522352456434,-22.734,-3.798000000000002,4,-0.845142544659101,33.805165319353065
155936,5,Extend,>>,-455,-34.29,438,389,545,28.247963446783587,15.455514414011798,43.70347786079539,-26.55,-3.815999999999999,4,-0.8048692480784911,35.50643269005963
156046,5,Extend,>>,-499,-38.15,439,387,542,25.453397424666065,13.08249551411435,38.535892938780414,-30.4,-3.849999999999998,4,-0.845142544659101,33.805165319353065
156155,5,Extend,>>,-543,-41.93,437,388,541,23.585463698071067,11.87940852748087,35.464872225551936,-34.25,-3.8500000000000014,4,-0.8249943170121958,34.6512013004968
156265,5,Extend,>>,-587,-45.8,437,388,538,22.42979242689901,11.008426229339316,33.43821865623833,-38.1,-3.8500000000000014,4,-0.8249943170121958,34.6512013004968
156375,5,Extend,>>,-631,-49.67,434,386,535,21.20019900384179,10.02529031306135,31.225489316903136,-41.967999999999996,-3.867999999999995,4,-0.8653139310192066,32.96835986847765
156485,5,Extend,>>,-675,-53.54,433,382,529,18.413938282875737,8.336478539700119,26.750416822575858,-45.818,-3.8500000000000014,4,-0.9462310635916302,29.71414721758094
156596,5,Extend,>>,-719,-57.23,432,382,528,16.03289775071116,6.78501416575034,22.8179119164615,-49.634,-3.8160000000000025,4,-0.9462310635916302,29.71414721758094
156706,5,Extend,>>,-763,-61.01,430,380,524,13.535177913918478,5.163379219141823,18.6985571330603,-53.45,-3.8160000000000025,4,-0.9868285821570435,28.14334020899084
156817,5,Extend,>>,-807,-64.79,429,380,522,11.138715013781392,3.9352267588805177,15.07394177266191,-57.248000000000005,-3.798000000000002,4,-0.9868285821570435,28.14334020899084
156927,5,Extend,>>,-851,-68.75,428,380,519,9.86584270031749,3.2742780606844435,13.140120761001933,-61.064,-3.8159999999999954,4,-0.9868285821570435,28.14334020899084
157036,5,Extend,>>,-895,-72.53,425,377,514,8.358816091727135,2.502442825822073,10.861258917549208,-64.862,-3.7979999999999947,4,-1.0478985503541645,25.858299760767213
157146,5,Extend,>>,-939,-76.31,412,377,507,6.5312219776995,1.4528921937458024,7.984114171445302,-68.67800000000001,-3.8160000000000167,4,-1.0478985503541645,25.858299760767213
157256,5,Extend,>>,-983,-80.0,406,374,500,5.231293745259015,0.6618212691322849,5.8931150143913005,-72.476,-3.7979999999999876,4,-1.1091769469700878,23.659515276579818
157365,5,Extend,>>,-1027,-83.69,398,371,493,4.1123903077687896,0.1546141365282588,4.267004444297048,-76.256,-3.780000000000001,4,-1.1706637720048132,21.54794812612274
157475,5,Extend,>>,-1071,-87.47,388,371,484,3.373113876657804,-0.4482407270183371,2.924873149639467,-80.0,-3.7439999999999998,4,-1.1706637720048132,21.54794812612274
157584,5,Extend,>>,-1115,-91.34,384,365,476,2.664527555929137,-1.4165008553309917,1.2480267005981454,-83.762,-3.7620000000000005,4,-1.2942627073306694,17.590327654882643
157694,5,Extend,>>,-1159,-95.21,380,363,466,2.216162878364156,-1.986537344400605,0.2296255339635509,-87.542,-3.780000000000001,4,-1.33564762214489,16.350844631787666
157804,5,Extend,>>,-1203,-98.9,371,355,451,1.508619276444814,-2.0316726397158043,-0.5230533632709902,-91.322,-3.780000000000001,4,-1.5021136299297821,11.799230896421104
157913,5,Extend,>>,-1247,-102.59,363,353,448,1.326594477159363,-2.7216272615728805,-1.3950327844135175,-95.102,-3.780000000000001,4,-1.5439617190080066,10.764357947198274
158023,5,Extend,>>,-1291,-106.29,353,340,439,1.089368763607505,-3.295115522496036,-2.205746758888531,-98.866,-3.763999999999996,4,-1.8182322725534916,5.069533211368352
158134,5,Extend,>>,-1335,-110.07,346,338,435,0.5508484069298349,-3.58757756733056,-3.036729160400725,-102.612,-3.745999999999995,4,-1.8607751230277232,4.355278441121716
158243,5,Extend,>>,-1379,-114.02,336,333,431,0.1529661988006589,-4.107133447996128,-3.9541672491954696,-106.374,-3.7620000000000005,4,-1.9675375266943065,2.76280886746598
158353,5,Extend,>>,-1423,-117.89,333,331,410,-0.0688652964592667,-4.8639986550767205,-4.932863951535987,-110.172,-3.798000000000002,4,-2.0104045991533415,2.2038696212755715
158463,5,Extend,>>,-1467,-121.58,325,315,390,-0.3108280955069505,-5.297291210295592,-5.608119305802543,-113.97,-3.798000000000002,4,-2.356676033526452,-0.6207028796042897
158572,5,Extend,>>,-1511,-125.45,319,312,380,-0.4297879158910953,-5.675040876796068,-6.104828792687163,-117.80199999999999,-3.8319999999999936,4,-2.4222619507976164,-0.8168247689760224
158682,5,Extend,>>,-1555,-129.32,316,304,372,-0.4065207984461048,-6.454644176839855,-6.861164975285959,-121.652,-3.8500000000000085,4,-2.5981767135681983,-0.8099024654756979
158793,5,Extend,>>,-1599,-133.1,312,299,372,-0.6273763787051485,-6.486159487321672,-7.113535866026821,-125.468,-3.8160000000000025,4,-2.7088760984788194,-0.40751468988552286
158903,5,Extend,>>,-1643,-136.97,312,298,367,-0.518869388594887,-6.512577572579923,-7.03144696117481,-129.28400000000002,-3.8160000000000167,4,-2.7310854516005443,-0.2897536895662246
159013,5,Extend,>>,-1687,-140.75,310,294,367,-0.120710064820782,-6.244624116203163,-6.365334181023945,-133.118,-3.8339999999999748,4,-2.820154451219446,0.30685861756034005
159123,5,Extend,>>,-1731,-144.62,307,286,366,0.025359721526809,-5.710748695188554,-5.685388973661746,-136.952,-3.834000000000003,4,-2.99940406869086,2.1108994541930497
159233,5,Extend,>>,-1775,-148.48,307,283,366,0.6122534071237624,-5.447447064544484,-4.835193657420722,-140.784,-3.8319999999999936,4,-3.0670047940104435,3.000604287654714
159343,5,Extend,>>,-1819,-152.35,304,278,364,1.5717335560753614,-4.966003836222484,-3.3942702801471225,-144.634,-3.8499999999999943,4,-3.1801358438070877,4.7460438446796545
159453,5,Extend,>>,-1863,-156.13,303,276,365,2.2124347129926183,-4.56264834931928,-2.350213636326662,-148.466,-3.832000000000022,4,-3.225550374718147,5.537049090138913
159563,5,Extend,>>,-1907,-159.91,301,273,363,2.9362853674324434,-4.203934878512208,-1.2676495110797648,-152.29799999999997,-3.831999999999965,4,-3.2938458614337374,6.824006116782164
159674,5,Extend,>>,-1951,-163.69,300,271,363,3.5015703666597995,-3.740286929848133,-0.23871656318833345,-156.112,-3.8140000000000214,4,-3.339491979476799,7.74940654907224
159784,5,Extend,>>,-1995,-167.38,298,271,363,4.4789949289023605,-3.151871333458841,1.3271235954435197,-159.892,-3.780000000000001,4,-3.339491979476799,7.74940654907224
159894,5,Extend,>>,-2039,-171.08,298,270,361,5.830415550669489,-2.869188685154068,2.961226865515421,-163.638,-3.7460000000000093,4,-3.3623497765681303,8.232454782651384
160004,5,Extend,>>,-2083,-174.77,297,268,364,6.7901733868447565,-2.1749694552690304,4.615203931575726,-167.366,-3.7280000000000086,4,-3.408134846890393,9.239446510167262
160114,5,Extend,>>,-2127,-178.55,298,269,361,7.819948717027671,-1.2242049293284558,6.595743787699215,-171.094,-3.72799999999998,4,-3.385230732372661,8.729121474527204
160223,5,Extend,>>,-2171,-182.24,297,266,361,8.996338413059249,-0.7895459985701507,8.206792414489097,-174.804,-3.710000000000008,4,-3.4540125520654565,10.30123135645833
160334,5,Extend,>>,-2215,-185.85,296,267,359,10.278057543856864,-0.4161160797875275,9.861941464069336,-178.498,-3.6939999999999884,4,-3.4310621201213247,9.763469815408705
160444,5,Extend,>>,-2259,-189.54,297,267,359,12.47364271927269,0.4574476360501673,12.931090355322857,-182.19,-3.6920000000000073,4,-3.4310621201213247,9.763469815408705
160555,5,Extend,>>,-2303,-192.97,294,264,358,14.386599779280267,1.2905170804910269,15.677116859771294,-185.82999999999998,-3.6399999999999864,4,-3.499982892093321,11.418129212657622
160665,5,Extend,>>,-2347,-196.84,294,264,358,15.84418443629246,2.0438869112491136,17.888071347541572,-189.488,-3.6580000000000155,4,-3.499982892093321,11.418129212657622
160775,5,Extend,>>,-2391,-200.62,296,264,359,16.726829761987165,2.5841103670763608,19.310940129063525,-193.16400000000002,-3.676000000000016,4,-3.499982892093321,11.418129212657622
160885,5,Extend,>>,-2435,-204.4,297,262,360,17.898952331042526,3.0770757446746044,20.97602807571713,-196.874,-3.7099999999999795,4,-3.5460458669739867,12.590460615812631
160995,5,Extend,<<,-2435,-208.0,303,265,365,18.794759012057845,3.555126761341452,22.349885773399297,-200.566,-3.6920000000000073,4,-3.476986142722789,10.852771139892596
161105,5,Extend,<<,-2391,-209.23,304,270,372,19.43884063808124,4.040759432684601,23.47960007076584,-203.818,-3.2520000000000095,4,-3.3623497765681303,8.232454782651384
161216,5,Extend,<<,-2347,-209.23,307,273,374,20.59721151179781,4.723405853379448,25.320617365177256,-206.296,-2.47799999999998,4,-3.2938458614337374,6.824006116782164
161326,5,Extend,<<,-2303,-206.51,309,273,376,21.33202896509458,5.222909622058901,26.55493858715348,-207.474,-1.1779999999999973,4,-3.2938458614337374,6.824006116782164
185092,5,Extend,>>,29,7.91,404,389,553,43.37673218189046,24.32307397489649,67.69980615678695,14.222,-1.0020000000000007,5,-0.8048692480784911,35.50643269005963
185203,5,Extend,>>,-15,4.22,403,387,550,43.32820590151313,24.095839098749973,67.4240450002631,11.462,-2.76,5,-0.845142544659101,33.805165319353065
185313,5,Extend,>>,-59,0.35,404,390,554,42.520157401017954,24.078472986798744,66.5986303878167,7.928,-3.534,5,-0.7847673378579869,36.37082440656203
185424,5,Extend,>>,-103,-3.6,404,391,544,41.52577401920068,23.74943826552821,65.2752122847289,4.113999999999999,-3.814000000000001,5,-0.7646885863506823,37.244341408894094
185534,5,Extend,>>,-147,-7.47,404,389,549,40.64276600970607,23.466013482049213,64.10877949175529,0.28200000000000003,-3.831999999999999,5,-0.8048692480784911,35.50643269005963
185644,5,Extend,>>,-191,-11.34,402,388,550,39.98899737724886,22.483376532907734,62.47237391015659,-3.568,-3.85,5,-0.8249943170121958,34.6512013004968
185753,5,Extend,>>,-235,-15.21,401,387,548,39.05993652945365,21.55983013834545,60.6197666677991,-7.453999999999999,-3.885999999999999,5,-0.845142544659101,33.805165319353065
185863,5,Extend,>>,-279,-18.9,401,388,547,37.98932150657812,20.825762730078228,58.81508423665635,-11.303999999999998,-3.8499999999999996,5,-0.8249943170121958,34.6512013004968
185973,5,Extend,>>,-323,-22.68,401,387,546,37.15419549636617,20.40651500367033,57.5607105000365,-15.12,-3.8160000000000007,5,-0.845142544659101,33.805165319353065
186083,5,Extend,>>,-367,-26.55,402,388,544,36.35132085896442,19.255924088664752,55.60724494762917,-18.936,-3.8160000000000007,5,-0.8249943170121958,34.6512013004968
186193,5,Extend,>>,-411,-30.42,402,386,543,35.28405859439582,18.695185881425623,53.979244475821446,-22.752,-3.815999999999999,5,-0.8653139310192066,32.96835986847765
186303,5,Extend,>>,-455,-34.29,400,388,539,34.35476299559061,18.005179630836082,52.359942626426694,-26.568,-3.8160000000000025,5,-0.8249943170121958,34.6512013004968
186413,5,Extend,>>,-499,-38.15,399,387,539,32.48952715240011,17.157934791081733,49.647461943481844,-30.418,-3.849999999999998,5,-0.845142544659101,33.805165319353065
186524,5,Extend,>>,-543,-41.93,399,388,537,30.728766257575536,16.318496222461437,47.04726248003698,-34.267999999999994,-3.8499999999999943,5,-0.8249943170121958,34.6512013004968
186635,5,Extend,>>,-587,-45.8,398,384,532,28.64512909420652,14.930367446470166,43.57549654067669,-38.118,-3.8500000000000085,5,-0.9057261798790175,31.322581246776856
186744,5,Extend,>>,-631,-49.76,400,386,532,24.7035247921695,12.331090245427774,37.03461503759728,-41.986,-3.867999999999995,5,-0.8653139310192066,32.96835986847765
186855,5,Extend,>>,-675,-53.63,396,386,526,21.719385773493045,10.353151535152708,32.07253730864575,-45.854,-3.868000000000002,5,-0.8653139310192066,32.96835986847765
186965,5,Extend,>>,-719,-57.32,395,385,527,18.89664342413912,8.840832607904055,27.737476032043176,-49.688,-3.834000000000003,5,-0.8855084760925123,32.14082011008941
187074,5,Extend,>>,-763,-61.1,394,383,521,16.861291493465636,7.056230479784368,23.917521973250004,-53.522000000000006,-3.834000000000003,5,-0.9259670423787241,30.51367852149809
187184,5,Extend,>>,-807,-64.79,390,384,515,14.752926872841066,5.249777722986138,20.002704595827204,-57.32000000000001,-3.798000000000002,5,-0.9057261798790175,31.322581246776856
187294,5,Extend,>>,-851,-68.75,389,384,507,12.784029548628531,4.5436577711290855,17.327687319757615,-61.11800000000001,-3.798000000000002,5,-0.9057261798790175,31.322581246776856
187404,5,Extend,>>,-895,-72.53,389,382,503,10.888209855947643,4.00975729587081,14.897967151818452,-64.898,-3.779999999999987,5,-0.9462310635916302,29.71414721758094
187514,5,Extend,>>,-939,-76.31,384,380,499,9.16628156115857,2.95557783778251,12.12185939894108,-68.696,-3.798000000000002,5,-0.9868285821570435,28.14334020899084
187625,5,Extend,>>,-983,-80.09,384,379,493,8.247500823761142,2.020136822141721,10.267637645902862,-72.494,-3.798000000000002,5,-1.0071620795095497,27.372135272821733
187734,5,Extend,>>,-1027,-83.78,384,377,485,7.205566093612621,1.6587023552193216,8.864268448831943,-76.292,-3.798000000000002,5,-1.0478985503541645,25.858299760767213
187844,5,Extend,>>,-1071,-87.56,379,376,480,5.649487029663756,0.7884712421492382,6.4379582718129935,-80.054,-3.7620000000000005,5,-1.0683015238462725,25.115740195603493
187954,5,Extend,>>,-1115,-91.43,375,371,472,4.899628450905203,0.0154555694524628,4.915084020357666,-83.834,-3.780000000000001,5,-1.1706637720048132,21.54794812612274
188065,5,Extend,>>,-1159,-95.21,372,368,468,4.464462354056535,-0.7249213403387522,3.7395410137177834,-87.614,-3.780000000000001,5,-1.2323590254583405,19.524562949031395
188175,5,Extend,>>,-1203,-98.99,369,367,469,3.822738729457327,-1.424654464763243,2.3980842646940843,-91.39399999999999,-3.779999999999987,5,-1.2529704273692501,18.869864416233
188285,5,Extend,>>,-1247,-102.59,364,360,464,2.96673213128974,-2.307933737085946,0.658798394203794,-95.156,-3.7620000000000147,5,-1.3978986847152228,14.567352267369508
188395,5,Extend,>>,-1291,-106.2,358,353,457,2.6664904338894395,-3.0005454314183906,-0.33405499752895107,-98.884,-3.7279999999999944,5,-1.5439617190080066,10.764357947198274
188505,5,Extend,>>,-1335,-109.98,352,351,451,2.045560995365458,-3.1923387686381863,-1.1467777732727282,-102.59400000000001,-3.710000000000008,5,-1.5859024429390327,9.771279810669355
188616,5,Extend,>>,-1379,-113.93,343,349,445,1.18939984459286,-3.673364728811386,-2.4839648842185262,-106.338,-3.7439999999999856,5,-1.6279358017228596,8.820288926607653
188728,5,Extend,>>,-1423,-117.71,335,344,437,0.4573907754086975,-4.211855963360569,-3.7544651879518716,-110.08200000000002,-3.744000000000028,5,-1.7334244761634308,6.628868410377611
188839,5,Extend,>>,-1467,-121.49,327,340,430,-0.2393462894669082,-4.826151940363418,-5.065498229830326,-113.862,-3.7799999999999727,5,-1.8182322725534916,5.069533211368352
188951,5,Extend,>>,-1511,-125.19,323,337,414,-0.8051305029214054,-5.28345435323002,-6.088584856151425,-117.66,-3.798000000000002,5,-1.8820812863346394,4.0146339365623085
189062,5,Extend,>>,-1555,-128.97,317,331,401,-1.1485948736732186,-5.321652417919692,-6.47024729159291,-121.458,-3.798000000000002,5,-2.0104045991533415,2.2038696212755715
189174,5,Extend,>>,-1599,-132.84,311,317,388,-1.1869608375680114,-5.453748927311786,-6.640709764879797,-125.23999999999998,-3.7819999999999823,5,-2.31306788224501,-0.4305644638047581
189286,5,Extend,>>,-1643,-136.79,310,308,380,-1.2629436758493116,-5.37019397622727,-6.633137652076582,-129.05599999999998,-3.8160000000000025,5,-2.5100340624773056,-0.9104258164355832
189396,5,Extend,>>,-1687,-140.75,308,299,376,-1.2892614422815172,-5.5701586323062005,-6.859420074587717,-132.908,-3.852000000000004,5,-2.7088760984788194,-0.40751468988552286
189509,5,Extend,>>,-1731,-144.7,305,288,369,-1.10829783791263,-5.39239962614393,-6.50069746405656,-136.81,-3.9020000000000152,5,-2.954452712043805,1.5827572705315869
189621,5,Extend,>>,-1775,-148.48,305,283,367,-0.788464856672547,-4.8939048497122695,-5.682369706384817,-140.712,-3.901999999999987,5,-3.0670047940104435,3.000604287654714
189733,5,Extend,>>,-1819,-152.35,302,280,369,-0.30876432845169,-4.605820691163717,-4.914585019615407,-144.61399999999998,-3.901999999999987,5,-3.1348139477488295,4.008241951045261
189845,5,Extend,>>,-1863,-156.04,303,276,363,0.3531535146959427,-4.146059271896071,-3.7929057572001286,-148.464,-3.8500000000000227,5,-3.225550374718147,5.537049090138913
189956,5,Extend,>>,-1907,-159.91,302,275,366,0.7708967222171255,-3.434557989510604,-2.6636612672934783,-152.296,-3.8319999999999936,5,-3.248292378243477,5.952601901309781
190070,5,Extend,>>,-1951,-163.69,301,274,366,1.184650862807518,-3.012012960272202,-1.827362097464684,-156.094,-3.798000000000002,5,-3.271057540482007,6.381574348984442
190182,5,Extend,>>,-1995,-167.38,299,271,367,2.1294262768726613,-2.978126457818337,-0.8487001809456758,-159.874,-3.780000000000001,5,-3.339491979476799,7.74940654907224
190296,5,Extend,>>,-2039,-170.99,300,273,367,3.0960873720674256,-2.50273079300564,0.5933565790617856,-163.602,-3.7280000000000086,5,-3.2938458614337374,6.824006116782164
190407,5,Extend,>>,-2083,-174.68,299,270,365,4.077885063783652,-2.037218054778558,2.0406670090050945,-167.33,-3.7280000000000086,5,-3.3623497765681303,8.232454782651384
190519,5,Extend,>>,-2127,-178.46,299,270,363,5.484564483275205,-1.6619965729888484,3.822567910286357,-171.04,-3.7099999999999795,5,-3.3623497765681303,8.232454782651384
190632,5,Extend,>>,-2171,-182.24,302,270,361,6.499977506842625,-1.1538394486045265,5.346138058238099,-174.75,-3.710000000000008,5,-3.3623497765681303,8.232454782651384
190745,5,Extend,>>,-2215,-185.93,302,270,363,8.23292506208891,-0.3856115927856286,7.847313469303281,-178.46,-3.710000000000008,5,-3.3623497765681303,8.232454782651384
190856,5,Extend,>>,-2259,-189.54,302,268,363,9.506338457108557,0.0166453305139448,9.522983787622502,-182.17000000000002,-3.710000000000008,5,-3.408134846890393,9.239446510167262
190968,5,Extend,>>,-2303,-192.97,301,267,364,10.851865136488346,0.419194583412775,11.271059719901121,-185.82800000000003,-3.6580000000000155,5,-3.4310621201213247,9.763469815408705
191081,5,Extend,>>,-2347,-196.84,298,264,359,12.925015696521674,1.3871724079212917,14.312188104442965,-189.504,-3.6759999999999593,5,-3.499982892093321,11.418129212657622
191193,5,Extend,>>,-2391,-200.62,301,265,362,14.603091103902798,2.240991286432406,16.844082390335203,-193.18,-3.676000000000016,5,-3.476986142722789,10.852771139892596
191304,5,Extend,>>,-2435,-204.4,299,261,358,16.08849362904183,2.7199292528458026,18.808422881887633,-196.874,-3.6939999999999884,5,-3.5691120924841195,13.197514241943065
191416,5,Extend,<<,-2435,-208.09,306,267,363,17.283080607042443,3.1749824842302328,20.458063091272678,-200.584,-3.710000000000008,5,-3.4310621201213247,9.763469815408705
191528,5,Extend,<<,-2391,-209.32,308,269,365,18.12062310347937,3.7375136415704215,21.85813674504979,-203.85399999999998,-3.269999999999982,5,-3.385230732372661,8.729121474527204
191640,5,Extend,<<,-2347,-209.32,311,272,371,19.38380491287944,4.106499809170026,23.490304722049466,-206.35,-2.4960000000000093,5,-3.316657341098668,7.279936928691904
191752,5,Extend,<<,-2303,-206.51,312,273,372,20.357227448250285,4.750438427105832,25.10766587535612,-207.52799999999996,-1.1779999999999688,5,-3.2938458614337374,6.824006116782164
215824,5,Extend,>>,29,7.82,400,377,529,40.95465274538185,23.12249004921429,64.07714279459614,14.203999999999999,-1.0039999999999996,6,-1.0478985503541645,25.858299760767213
215935,5,Extend,>>,-15,4.22,401,374,529,40.71984391979125,22.701467298499416,63.42131121829067,11.443999999999999,-2.76,6,-1.1091769469700878,23.659515276579818
216047,5,Extend,>>,-59,0.26,400,373,531,40.19311175390908,22.265764947873,62.458876701782074,7.892,-3.5519999999999987,6,-1.129649396601796,22.94592117565941
216158,5,Extend,>>,-103,-3.6,400,375,530,39.780067618165454,21.809498554150743,61.5895661723162,4.077999999999999,-3.814000000000001,6,-1.0887276560515797,24.38280016544606
216269,5,Extend,>>,-147,-7.47,400,374,531,39.42758121902092,21.368334386779395,60.79591560580032,0.24600000000000008,-3.8319999999999994,6,-1.1091769469700878,23.659515276579818
216380,5,Extend,>>,-191,-11.43,400,375,528,38.90621493613163,21.21492274598095,60.12113768211258,-3.604,-3.85,6,-1.0887276560515797,24.38280016544606
216491,5,Extend,>>,-235,-15.21,400,374,527,38.10018093287455,20.717925642302287,58.81810657517684,-7.49,-3.886,6,-1.1091769469700878,23.659515276579818
216601,5,Extend,>>,-279,-18.9,399,376,529,37.21550410333949,19.915225099388003,57.130729202727494,-11.322,-3.831999999999999,6,-1.0683015238462725,25.115740195603493
216713,5,Extend,>>,-323,-22.77,397,374,526,36.450639238164754,18.978721641059096,55.42936087922385,-15.156,-3.8340000000000014,6,-1.1091769469700878,23.659515276579818
216824,5,Extend,>>,-367,-26.64,400,374,525,35.67175703680931,18.388239642395675,54.059996679204986,-18.990000000000002,-3.8340000000000014,6,-1.1091769469700878,23.659515276579818
216936,5,Extend,>>,-411,-30.42,397,375,524,34.85830125697186,17.944287644861273,52.80258890183313,-22.788,-3.7979999999999983,6,-1.0887276560515797,24.38280016544606
217047,5,Extend,>>,-455,-34.37,397,374,522,33.51026451203548,17.165035091007372,50.675299603042845,-26.619999999999997,-3.831999999999997,6,-1.1091769469700878,23.659515276579818
217158,5,Extend,>>,-499,-38.15,395,374,519,32.08416493900281,16.422587358671386,48.5067522976742,-30.47,-3.8500000000000014,6,-1.1091769469700878,23.659515276579818
217269,5,Extend,>>,-543,-41.93,397,374,516,30.873803736465547,15.891420990577934,46.76522472704348,-34.302,-3.8320000000000007,6,-1.1091769469700878,23.659515276579818
217379,5,Extend,>>,-587,-45.8,395,373,514,29.620936059646787,14.592344449959445,44.213280509606236,-38.134,-3.8320000000000007,6,-1.129649396601796,22.94592117565941
217490,5,Extend,>>,-631,-49.76,393,372,510,27.893506216834183,13.40436692955294,41.297873146387126,-42.001999999999995,-3.867999999999995,6,-1.1501450049467046,22.242053549709077
217601,5,Extend,>>,-675,-53.63,392,374,507,25.662630048231883,12.198996171837184,37.86162622006907,-45.854,-3.852000000000004,6,-1.1091769469700878,23.659515276579818
217712,5,Extend,>>,-719,-57.32,392,371,505,23.12025239814457,10.538072236141677,33.658324634286245,-49.688,-3.834000000000003,6,-1.1706637720048132,21.54794812612274
217823,5,Extend,>>,-763,-61.1,390,372,503,21.3503500055946,9.271652677971195,30.622002683565796,-53.522000000000006,-3.834000000000003,6,-1.1501450049467046,22.242053549709077
217935,5,Extend,>>,-807,-64.88,389,371,499,19.72947724480789,8.307081498332288,28.036558743140176,-57.338,-3.8159999999999954,6,-1.1706637720048132,21.54794812612274
218046,5,Extend,>>,-851,-68.84,387,373,494,17.757637262448775,6.755815990712802,24.513453253161575,-61.153999999999996,-3.8159999999999954,6,-1.129649396601796,22.94592117565941
218158,5,Extend,>>,-895,-72.62,388,370,490,15.875008314789657,5.546662303255335,21.421670618044992,-64.952,-3.798000000000002,6,-1.1912056977761218,20.863640672663948
218269,5,Extend,>>,-939,-76.4,386,367,485,14.38936460398909,4.912910079288168,19.302274683277258,-68.768,-3.8160000000000025,6,-1.2529704273692501,18.869864416233
218379,5,Extend,>>,-983,-80.18,382,366,479,12.5892315967396,3.450405467344292,16.03963706408389,-72.58399999999999,-3.8159999999999883,6,-1.2736049879933597,18.22510732831283
218491,5,Extend,>>,-1027,-83.78,383,363,473,10.951046508366248,2.163815862587905,13.114862370954153,-76.364,-3.7800000000000153,6,-1.33564762214489,16.350844631787666
218602,5,Extend,>>,-1071,-87.56,380,364,463,9.16743427439806,1.394096869829746,10.561531144227805,-80.108,-3.7439999999999998,6,-1.31494358538118,16.96556140592389
218713,5,Extend,>>,-1115,-91.52,379,360,459,7.327971642061518,0.289248363006669,7.617220005068187,-83.888,-3.780000000000001,6,-1.3978986847152228,14.567352267369508
218824,5,Extend,>>,-1159,-95.3,371,357,453,6.001288064846513,-0.5180409758012208,5.4832470890452925,-87.66799999999999,-3.779999999999987,6,-1.460358175704357,12.875606864478918
218934,5,Extend,>>,-1203,-99.08,370,356,449,4.932897163814773,-1.138202250112049,3.794694913702724,-91.448,-3.780000000000001,6,-1.4812243234604692,12.332249214980799
219046,5,Extend,>>,-1247,-102.68,362,350,446,4.07568587876332,-2.09341393244225,1.9822719463210698,-95.228,-3.780000000000001,6,-1.606907542974346,9.290505159363239
219157,5,Extend,>>,-1291,-106.29,350,347,444,3.055014587008383,-2.56179664088678,0.4932179461216033,-98.974,-3.7460000000000093,6,-1.6700617953594874,7.911678380700843
219268,5,Extend,>>,-1335,-110.07,350,344,438,1.9009010995036453,-2.959930657747967,-1.0590295582443219,-102.68400000000001,-3.710000000000008,6,-1.7334244761634308,6.628868410377611
219380,5,Extend,>>,-1379,-113.93,346,342,438,0.639687366152238,-3.626673231751818,-2.9869858655995802,-106.41,-3.725999999999985,6,-1.7757820569320606,5.827495198554398
219491,5,Extend,>>,-1423,-117.71,341,337,430,-0.3597643094433246,-4.2160101610895655,-4.57577447053289,-110.13600000000001,-3.7260000000000133,6,-1.8820812863346394,4.0146339365623085
219601,5,Extend,>>,-1467,-121.41,333,334,427,-1.0842055785768543,-4.338542168602574,-5.422747747179429,-113.88199999999999,-3.745999999999981,6,-1.9461387285345892,3.0590777502271966
219713,5,Extend,>>,-1511,-125.19,328,327,414,-1.3758518888133733,-4.652034009392096,-6.0278858982054695,-117.66199999999999,-3.780000000000001,6,-2.0964166486298135,1.2214322001942715
219825,5,Extend,>>,-1555,-128.88,323,328,408,-1.8198861055306736,-4.652505284807583,-6.472391390338257,-121.424,-3.7620000000000147,6,-2.0748788981908954,1.4500177885614
219936,5,Extend,>>,-1599,-132.66,316,319,395,-2.017061335553985,-4.643641606411968,-6.660702941965953,-125.17,-3.745999999999995,6,-2.269552365816369,-0.1932684944965085
220048,5,Extend,>>,-1643,-136.62,311,312,388,-1.9794639858544625,-4.939821461209816,-6.919285447064279,-128.952,-3.7819999999999965,6,-2.4222619507976164,-0.8168247689760224
220159,5,Extend,>>,-1687,-140.4,308,305,380,-1.8977811254332155,-4.966751902180425,-6.864533027613641,-132.75,-3.798000000000002,6,-2.576106312725675,-0.8533667308642392
220270,5,Extend,>>,-1731,-144.26,306,299,374,-1.5557464725259051,-4.899078454217488,-6.4548249267433935,-136.564,-3.813999999999993,6,-2.7088760984788194,-0.40751468988552286
220381,5,Extend,>>,-1775,-147.96,305,294,374,-1.2146727042511545,-4.332196439331844,-5.546869143582999,-140.38,-3.8160000000000025,6,-2.820154451219446,0.30685861756034005
220493,5,Extend,>>,-1819,-151.82,302,289,370,-0.7753985369945205,-3.7765112624222086,-4.5519097994167295,-144.21200000000002,-3.832000000000022,6,-2.9320117717900778,1.3380668927441794
220604,5,Extend,>>,-1863,-155.6,301,286,368,-0.1342863601658996,-3.2323377516589358,-3.3666241118248355,-148.00799999999998,-3.795999999999964,6,-2.99940406869086,2.1108994541930497
220715,5,Extend,>>,-1907,-159.56,301,282,369,1.0823312094687867,-2.9858270830167566,-1.90349587354797,-151.83999999999997,-3.8319999999999936,6,-3.089584686543372,3.323327393588742
220827,5,Extend,>>,-1951,-163.25,299,280,369,2.0003873553286757,-3.065161623202353,-1.0647742678736773,-155.638,-3.7980000000000302,6,-3.1348139477488295,4.008241951045261
220938,5,Extend,>>,-1995,-166.95,298,276,368,3.2215274356836123,-2.882075692849809,0.3394517428338033,-159.436,-3.798000000000002,6,-3.225550374718147,5.537049090138913
221049,5,Extend,>>,-2039,-170.55,293,274,368,4.990165287480179,-1.8445174948543328,3.1456477926258466,-163.182,-3.745999999999981,6,-3.271057540482007,6.381574348984442
221160,5,Extend,>>,-2083,-174.33,297,271,368,5.912592172584086,-1.2057314698985109,4.706860702685574,-166.928,-3.7460000000000093,6,-3.339491979476799,7.74940654907224
221271,5,Extend,>>,-2127,-178.2,296,268,365,7.578698372586153,-0.6939779145345555,6.884720458051598,-170.656,-3.7280000000000086,6,-3.408134846890393,9.239446510167262
221382,5,Extend,>>,-2171,-181.98,297,269,366,9.978717963405558,-0.1317625075340361,9.846955455871521,-174.402,-3.745999999999981,6,-3.385230732372661,8.729121474527204
221493,5,Extend,>>,-2215,-185.67,296,269,365,11.059710445573128,0.1781831446164165,11.237893590189545,-178.146,-3.7439999999999998,6,-3.385230732372661,8.729121474527204
221606,5,Extend,>>,-2259,-189.36,295,266,364,12.189821829873884,0.6105300350972704,12.800351864971153,-181.908,-3.7620000000000005,6,-3.4540125520654565,10.30123135645833
221717,5,Extend,>>,-2303,-192.79,296,266,363,14.29129950347702,1.031493841711625,15.322793345188646,-185.6,-3.6920000000000073,6,-3.4540125520654565,10.30123135645833
221828,5,Extend,>>,-2347,-196.66,295,267,361,15.606907833424891,1.9386404567582465,17.545548290183138,-189.292,-3.6920000000000073,6,-3.4310621201213247,9.763469815408705
221939,5,Extend,>>,-2391,-200.53,294,265,359,17.107011109122865,2.9015075673344715,20.008518676457335,-193.002,-3.710000000000008,6,-3.476986142722789,10.852771139892596
222050,5,Extend,>>,-2435,-204.4,294,263,360,19.14853763920089,3.473266872100191,22.62180451130108,-196.748,-3.745999999999981,6,-3.523002800177054,11.99734566206918
222162,5,Extend,<<,-2435,-208.18,300,265,360,20.160455736366693,3.733007846890516,23.89346358325721,-200.512,-3.76400000000001,6,-3.476986142722789,10.852771139892596
222273,5,Extend,<<,-2391,-209.41,305,269,363,20.86638866302881,4.47315841983591,25.33954708286472,-203.83599999999998,-3.323999999999984,6,-3.385230732372661,8.729121474527204
222384,5,Extend,<<,-2347,-209.41,307,273,370,21.608077422420337,5.076887460867787,26.684964883288124,-206.38600000000002,-2.55000000000004,6,-3.2938458614337374,6.824006116782164
222496,5,Extend,<<,-2303,-206.68,310,276,370,22.045298707320605,5.378115802936345,27.42341451025695,-207.61599999999999,-1.2299999999999613,6,-3.225550374718147,5.537049090138913
