Time(ms),MotorID,Phase,Direction,Position,Angle(deg),Frame,∠ABC,∠BCD,angle_smooth,L_cm,delta_motor,time_diff,cycle
26435,5,Extend,>>,121,15.03,791,170.02554360019226,176.79095597341922,16.436666666666667,0.28687395138613464,-0.7033333333333331,0.0,0
26538,5,Extend,>>,84,12.04,794,173.06259657472626,175.86130813652323,15.3375,0.2676898740246303,-1.099166666666667,103.0,0
26640,5,Extend,>>,47,8.88,797,173.954995624997,174.64409464886805,14.046000000000001,0.24514894673512355,-1.2914999999999992,102.0,0
26742,5,Extend,>>,10,5.71,800,174.98480201933157,173.79789210492297,11.76,0.20525072003453315,-2.2860000000000014,102.0,0
26844,5,Extend,>>,-27,2.46,803,176.6335393365703,173.16274885527483,8.824,0.15400785319597965,-2.936,102.0,0
26947,5,Extend,>>,-64,-0.79,806,178.01301663406596,172.50548706015482,5.659999999999999,0.09878563566287904,-3.1640000000000006,103.0,0
27049,5,Extend,>>,-101,-4.04,809,177.9738995796623,171.6225112215863,2.444,0.042655846918741414,-3.2159999999999993,102.0,0
27151,5,Extend,>>,-138,-7.3,812,178.27144748926452,170.79048527738357,-0.792,-0.01382300767579509,-3.2359999999999998,102.0,0
27254,5,Extend,>>,-175,-10.55,816,178.83738475437,170.12818044913934,-4.044,-0.07058111495065068,-3.252,103.0,0
27356,5,Extend,>>,-212,-13.71,819,179.13433294358202,169.1148570219444,-7.2780000000000005,-0.12702506296014732,-3.234000000000001,102.0,0
27459,5,Extend,>>,-249,-16.88,822,179.81390543562037,168.8817980869886,-10.496,-0.18318975828932485,-3.218,103.0,0
27561,5,Extend,>>,-286,-19.96,825,179.89065704207,168.1898017858256,-13.680000000000001,-0.2387610416728243,-3.184000000000001,102.0,0
27663,5,Extend,>>,-323,-23.21,828,179.92753819005418,167.88737707401495,-16.862000000000002,-0.2942974184712839,-3.1820000000000004,102.0,0
27766,5,Extend,>>,-360,-26.46,831,179.92753819005418,167.83425439266574,-20.044,-0.3498337952697434,-3.1819999999999986,103.0,0
27868,5,Extend,>>,-397,-29.63,834,179.92753819005418,167.83425439266574,-23.228,-0.4054050786532429,-3.184000000000001,102.0,0
27971,5,Extend,>>,-434,-32.88,837,179.19356431653523,167.30209554762706,-26.427999999999997,-0.4612556147170614,-3.1999999999999957,103.0,0
28073,5,Extend,>>,-471,-36.04,840,179.73721262057995,167.9506147867888,-29.644,-0.517385403461199,-3.216000000000001,102.0,0
28175,5,Extend,>>,-508,-39.3,843,179.5158654777369,167.91764959389224,-32.862,-0.5735500987903767,-3.2180000000000035,102.0,0
28277,5,Extend,>>,-545,-42.37,846,179.1201916420833,168.483037606719,-36.044,-0.6290864755888361,-3.181999999999995,102.0,0
28380,5,Extend,>>,-582,-45.54,849,178.46098873852904,168.29578300071566,-39.226,-0.6846228523872957,-3.182000000000002,103.0,0
28482,5,Extend,>>,-619,-48.88,852,177.42879360693988,168.01664000846085,-42.426,-0.7404733884511143,-3.200000000000003,102.0,0
28584,5,Extend,>>,-656,-52.04,855,177.73623653142417,168.45223129536643,-45.626,-0.7963239245149327,-3.1999999999999957,102.0,0
28686,5,Extend,>>,-693,-55.21,859,177.45536419668315,168.5347597170287,-48.808,-0.8518603013133924,-3.182000000000002,102.0,0
28788,5,Extend,>>,-730,-58.29,862,176.9303497060599,168.26233486465506,-51.992000000000004,-0.9074315846968919,-3.1840000000000046,102.0,0
28890,5,Extend,>>,-767,-61.36,865,176.46649672088938,168.0160306279953,-55.15599999999999,-0.9626538022299923,-3.1639999999999873,102.0,0
28992,5,Extend,>>,-804,-64.53,868,175.90416220564884,168.51909520076228,-58.286,-1.0172826078174149,-3.1300000000000097,102.0,0
29094,5,Extend,>>,-841,-67.78,871,175.00589206622882,168.8453753349309,-61.434000000000005,-1.0722255726701966,-3.1480000000000032,102.0,0
29197,5,Extend,>>,-878,-71.03,874,173.42192678784096,168.27610657727828,-64.598,-1.1274477902032969,-3.1639999999999944,103.0,0
29299,5,Extend,>>,-915,-74.2,877,173.08399380920758,169.21606058727392,-67.78,-1.1829841670017567,-3.182000000000002,102.0,0
29401,5,Extend,>>,-952,-77.45,880,171.5445690607373,169.14688529492977,-70.998,-1.2391488623309341,-3.2180000000000035,102.0,0
29504,5,Extend,>>,-989,-80.53,883,170.19219518831898,169.77837191102228,-74.19800000000001,-1.2949993983947528,-3.200000000000003,103.0,0
29608,5,Extend,>>,-1026,-83.6,886,168.34904745536411,170.69879427212217,-77.36200000000001,-1.3502216159278533,-3.1640000000000015,104.0,0
29710,5,Extend,>>,-1063,-86.77,889,165.8724760547507,170.85221433476607,-80.51,-1.4051645807806348,-3.147999999999996,102.0,0
29813,5,Extend,>>,-1100,-89.93,892,164.5517304580977,171.71931775727816,-83.656,-1.4600726390483765,-3.146000000000001,103.0,0
29916,5,Extend,>>,-1137,-93.27,895,162.89046165646465,172.30477187187003,-86.82000000000001,-1.515294856581477,-3.1640000000000015,103.0,0
30019,5,Extend,>>,-1174,-96.53,899,161.00919293079335,173.5850225235232,-90.02000000000001,-1.5711453926452956,-3.200000000000003,103.0,0
30121,5,Extend,>>,-1211,-99.6,902,159.66896415015995,173.93340388786083,-93.22,-1.626995928709114,-3.1999999999999886,102.0,0
30223,5,Extend,>>,-1248,-102.77,905,158.08092612615943,174.87148277548,-96.41999999999999,-1.6828464647729324,-3.1999999999999886,102.0,0
30325,5,Extend,>>,-1285,-105.85,908,157.15428783040318,175.86210257310464,-99.604,-1.738417748156432,-3.1840000000000117,102.0,0
30428,5,Extend,>>,-1322,-109.01,911,156.16259512599385,176.09573586347886,-102.752,-1.7933607130092135,-3.147999999999996,103.0,0
30530,5,Extend,>>,-1359,-112.35,914,155.52067018013125,177.04710441579445,-105.91600000000001,-1.8485829305423143,-3.1640000000000157,102.0,0
30633,5,Extend,>>,-1396,-115.6,917,155.22251615261908,177.04099722869336,-109.11599999999999,-1.9044334666061324,-3.1999999999999744,103.0,0
30735,5,Extend,>>,-1433,-118.77,920,154.34965016217785,177.8624250937229,-112.316,-1.9602840026699513,-3.200000000000017,102.0,0
30838,5,Extend,>>,-1470,-122.02,923,154.25277623836732,178.17668819714268,-115.55,-2.0167279506794475,-3.2339999999999947,103.0,0
30941,5,Extend,>>,-1507,-125.27,926,154.21704994044484,179.07677947121235,-118.80199999999999,-2.073486057954303,-3.2519999999999953,103.0,0
31043,5,Extend,>>,-1544,-128.35,929,153.93656993505957,179.45187745457574,-122.002,-2.1293365940181217,-3.200000000000003,102.0,0
31145,5,Extend,>>,-1581,-131.52,932,153.64993802453012,179.91052734337134,-125.18599999999999,-2.184907877401621,-3.1839999999999975,102.0,0
31249,5,Extend,>>,-1618,-134.77,935,153.60724361599603,179.48984031473316,-128.38600000000002,-2.24075841346544,-3.2000000000000313,104.0,0
31351,5,Extend,>>,-1655,-137.93,938,152.7002561342637,179.53500098438616,-131.568,-2.2962947902638997,-3.181999999999988,102.0,0
31453,5,Extend,>>,-1692,-141.19,942,152.65012421993015,179.37011889309625,-134.752,-2.351866073647399,-3.1839999999999975,102.0,0
31556,5,Extend,>>,-1729,-144.44,945,152.65012421993015,179.1292326691617,-137.97,-2.4080307689765763,-3.2179999999999893,103.0,0
31658,5,Extend,>>,-1766,-147.6,948,152.59593606779217,178.9692407662606,-141.186,-2.464160557720714,-3.216000000000008,102.0,0
31761,5,Extend,>>,-1803,-150.86,951,152.26237094787123,178.84111347099923,-144.40400000000002,-2.520325253049892,-3.2180000000000177,103.0,0
31864,5,Extend,>>,-1840,-154.11,954,152.26237094787123,178.37924097295982,-147.64000000000001,-2.5768041076444286,-3.23599999999999,103.0,0
31966,5,Extend,>>,-1877,-157.27,957,152.50908406052034,178.15106155969545,-150.856,-2.6329338963885656,-3.2159999999999798,102.0,0
32069,5,Extend,>>,-1914,-160.53,960,152.26990646138515,178.2225767834788,-154.074,-2.6890985917177437,-3.2180000000000177,103.0,0
32171,5,Extend,>>,-1951,-163.6,963,152.5170371700276,178.4563900015567,-157.274,-2.744949127781562,-3.1999999999999886,102.0,0
32274,5,Extend,>>,-1988,-166.68,966,151.93958295642966,178.3228130183021,-160.43800000000002,-2.800171345314663,-3.1640000000000157,103.0,0
32376,5,Extend,>>,-2025,-169.76,969,151.30545177833633,178.11578008056097,-163.56799999999998,-2.8548001509020846,-3.129999999999967,102.0,0
32479,5,Extend,<<,-2025,-172.84,972,151.6222809119924,177.65390758252167,-166.682,-2.909149703809188,-3.1140000000000043,103.0,0
32582,5,Extend,<<,-1988,-173.89,975,151.5529855059327,177.88015022485013,-169.35399999999998,-2.9557849014224766,-2.671999999999997,103.0,0
32684,5,Extend,<<,-1951,-173.98,978,151.05017511346753,178.43936107126407,-171.43,-2.992017936693879,-2.076000000000022,102.0,0
32787,5,Extend,<<,-1914,-171.78,982,151.6222809119924,178.11578008056097,-172.45,-3.009820295064221,-1.0199999999999818,103.0,0
55215,5,Extend,>>,47,8.79,1654,172.9376154300022,171.64602170621416,14.012,0.24455553478944547,-0.8099999999999987,22428.0,1
55317,5,Extend,>>,10,5.63,1657,173.41528802481255,170.88564057595852,11.709999999999999,0.20437805540853599,-2.3020000000000014,102.0,1
55419,5,Extend,>>,-27,2.46,1661,174.70629742638573,170.03662280739889,8.774,0.15313518856998246,-2.936,102.0,1
55522,5,Extend,>>,-64,-0.88,1664,175.72707929300435,169.9691110516335,5.592,0.09759881177152291,-3.1819999999999995,103.0,1
55624,5,Extend,>>,-101,-4.13,1667,176.72384087751485,169.36979675067693,2.3739999999999997,0.041434116442345376,-3.218,102.0,1
55726,5,Extend,>>,-138,-7.38,1670,178.10648050014368,169.03519360068077,-0.86,-0.015009831567151233,-3.2339999999999995,102.0,1
55829,5,Extend,>>,-175,-10.64,1673,178.73095936258258,167.72043733788044,-4.114,-0.07180284542704672,-3.254,103.0,1
55931,5,Extend,>>,-212,-13.71,1676,179.2267735784676,167.41156244966697,-7.348000000000001,-0.12824679343654335,-3.234000000000001,102.0,1
56034,5,Extend,>>,-249,-16.97,1679,178.41815534407016,166.64674542695306,-10.565999999999999,-0.18441148876572083,-3.217999999999998,103.0,1
56137,5,Extend,>>,-286,-20.04,1682,178.24962699729363,165.95304704070043,-13.748000000000001,-0.23994786556418043,-3.182000000000002,103.0,1
56239,5,Extend,>>,-323,-23.21,1685,177.08068024245253,166.6488347702571,-16.913999999999998,-0.29520498968232084,-3.165999999999997,102.0,1
56341,5,Extend,>>,-360,-26.46,1688,176.82038778203645,165.97191555244393,-20.078,-0.3504272072154215,-3.1640000000000015,102.0,1
56443,5,Extend,>>,-397,-29.54,1691,176.8660668156287,166.29044112012795,-23.244,-0.40568433133356196,-3.1660000000000004,102.0,1
56546,5,Extend,>>,-434,-32.88,1694,177.73173387204577,165.76362617997503,-26.426,-0.4612207081320215,-3.1819999999999986,103.0,1
56648,5,Extend,>>,-471,-36.04,1697,177.70571989902592,166.12925623666453,-29.625999999999998,-0.51707124419584,-3.1999999999999993,102.0,1
56751,5,Extend,>>,-508,-39.3,1700,177.50069549214447,167.095462506077,-32.844,-0.5732359395250176,-3.2180000000000035,103.0,1
56853,5,Extend,>>,-545,-42.37,1704,178.64739099608303,167.00029883685605,-36.025999999999996,-0.6287723163234771,-3.181999999999995,102.0,1
56956,5,Extend,>>,-582,-45.54,1707,179.21406452365383,166.8610998036605,-39.226,-0.6846228523872957,-3.200000000000003,103.0,1
57058,5,Extend,>>,-619,-48.88,1710,179.19946980391998,167.07842580457893,-42.426,-0.7404733884511143,-3.200000000000003,102.0,1
57161,5,Extend,>>,-656,-52.13,1713,179.40399157745537,167.71997904145942,-45.644,-0.7966380837802918,-3.2179999999999964,103.0,1
57263,5,Extend,>>,-693,-55.21,1716,179.6100437545547,168.32249739936793,-48.826,-0.8521744605787513,-3.182000000000002,102.0,1
57365,5,Extend,>>,-730,-58.29,1719,179.7550665915502,167.81154976198093,-52.010000000000005,-0.9077457439622509,-3.1840000000000046,102.0,1
57468,5,Extend,>>,-767,-61.45,1722,179.4037819921285,167.9950637892463,-55.19199999999999,-0.9632821207607103,-3.181999999999988,103.0,1
57570,5,Extend,>>,-804,-64.62,1725,178.95176959061698,168.13355802912537,-58.34000000000001,-1.018225085613492,-3.1480000000000175,102.0,1
57672,5,Extend,>>,-841,-67.87,1728,178.91321854700195,168.67986564946054,-61.488000000000014,-1.0731680504662735,-3.1480000000000032,102.0,1
57774,5,Extend,>>,-878,-71.03,1731,177.32976048059837,168.08392503932055,-64.652,-1.128390267999374,-3.1639999999999873,102.0,1
57877,5,Extend,>>,-915,-74.2,1734,176.78533854560268,168.95306004142302,-67.834,-1.1839266447978336,-3.182000000000002,103.0,1
57979,5,Extend,>>,-952,-77.45,1737,176.4809448354925,169.79907562920684,-71.034,-1.2397771808616522,-3.200000000000003,102.0,1
58083,5,Extend,>>,-989,-80.62,1740,176.18966259446282,170.85132765754605,-74.23400000000001,-1.2956277169254709,-3.200000000000003,104.0,1
58185,5,Extend,>>,-1026,-83.69,1743,174.69103422724635,170.3885409838175,-77.398,-1.3508499344585712,-3.1639999999999873,102.0,1
58288,5,Extend,>>,-1063,-86.86,1747,173.38064898014326,171.38213367289467,-80.56400000000001,-1.4061070585767117,-3.166000000000011,103.0,1
58390,5,Extend,>>,-1100,-90.11,1750,172.2662190595638,172.42712451775486,-83.74600000000001,-1.4616434353751715,-3.182000000000002,102.0,1
58492,5,Extend,>>,-1137,-93.36,1753,171.05368539473727,172.92283496271892,-86.928,-1.5171798121736308,-3.181999999999988,102.0,1
58595,5,Extend,>>,-1174,-96.62,1756,170.64483394318182,173.90650181971262,-90.128,-1.5730303482374492,-3.200000000000003,103.0,1
58697,5,Extend,>>,-1211,-99.69,1759,169.77755555331032,174.42643770217444,-93.328,-1.6288808843012679,-3.200000000000003,102.0,1
58800,5,Extend,>>,-1248,-102.86,1762,168.5614842272761,174.3635248563759,-96.52799999999999,-1.6847314203650863,-3.1999999999999886,103.0,1
58903,5,Extend,>>,-1285,-106.02,1765,167.59600835504312,175.1094622497001,-99.71,-1.7402677971635458,-3.182000000000002,103.0,1
59006,5,Extend,>>,-1322,-109.1,1768,166.69833664199874,175.66641103522144,-102.85799999999999,-1.7952107620163273,-3.147999999999996,103.0,1
59108,5,Extend,>>,-1359,-112.44,1771,165.57152400274563,176.10153213200792,-106.022,-1.850432979549428,-3.1640000000000157,102.0,1
59211,5,Extend,>>,-1396,-115.78,1774,163.71499497399572,176.98400078897663,-109.24000000000001,-1.9065976748786058,-3.2180000000000035,103.0,1
59314,5,Extend,>>,-1433,-118.95,1777,162.0787750451371,178.52693139466444,-112.458,-1.962762370207783,-3.2179999999999893,103.0,1
59416,5,Extend,>>,-1470,-122.2,1780,159.93177792008802,178.55673732482288,-115.694,-2.0192412248023195,-3.236000000000004,102.0,1
59519,5,Extend,>>,-1507,-125.36,1784,159.25125361079034,179.99484750186156,-118.946,-2.075999332077175,-3.2519999999999953,103.0,1
59622,5,Extend,>>,-1544,-128.44,1787,157.69963197099668,179.8690355115587,-122.146,-2.1318498681409936,-3.200000000000003,103.0,1
59724,5,Extend,>>,-1581,-131.6,1790,157.3816573090912,179.29258571164723,-125.30999999999999,-2.187072085674094,-3.1639999999999873,102.0,1
59827,5,Extend,>>,-1618,-134.95,1793,156.74383106843823,179.45336018424115,-128.51,-2.242922621737913,-3.200000000000003,103.0,1
59930,5,Extend,>>,-1655,-138.11,1796,156.0599816245473,179.05861083022862,-131.692,-2.298458998536373,-3.1820000000000164,103.0,1
60033,5,Extend,>>,-1692,-141.36,1799,155.093746443912,178.99959330213966,-134.892,-2.354309534600191,-3.1999999999999886,103.0,1
60136,5,Extend,>>,-1729,-144.53,1802,154.78418224166128,179.05142983705267,-138.10999999999999,-2.410474229929368,-3.2179999999999893,103.0,1
60239,5,Extend,>>,-1766,-147.6,1805,154.74683660542613,178.0107201272503,-141.31,-2.4663247659931873,-3.200000000000017,103.0,1
60341,5,Extend,>>,-1803,-150.77,1808,154.32458580290336,178.46709121830392,-144.474,-2.5215469835262874,-3.1639999999999873,102.0,1
60444,5,Extend,>>,-1840,-153.85,1811,154.2958368682684,178.34531751562292,-147.622,-2.5764899483790695,-3.1480000000000246,103.0,1
60546,5,Extend,>>,-1877,-157.19,1814,153.66252685246826,178.51374025475087,-150.788,-2.63174707249721,-3.165999999999997,102.0,1
60649,5,Extend,>>,-1914,-160.53,1817,153.61370265452615,178.3460734529714,-153.988,-2.687597608561028,-3.1999999999999886,103.0,1
60752,5,Extend,>>,-1951,-163.69,1820,153.02828213804216,178.217350907432,-157.206,-2.7437623038902057,-3.2179999999999893,103.0,1
60855,5,Extend,>>,-1988,-166.68,1824,153.34429101960268,177.97984508861927,-160.388,-2.7992986806886653,-3.1820000000000164,103.0,1
60958,5,Extend,>>,-2025,-169.76,1827,153.34429101960268,177.51603581964451,-163.57,-2.854835057487125,-3.181999999999988,103.0,1
61060,5,Extend,<<,-2025,-172.92,1830,152.70926527955154,178.61487082867058,-166.716,-2.9097431157548668,-3.146000000000015,102.0,1
61164,5,Extend,<<,-1988,-173.98,1833,152.70926527955154,178.38675221826446,-169.406,-2.956692472633514,-2.6899999999999977,104.0,1
61267,5,Extend,<<,-1951,-174.07,1836,153.2919510372381,177.58743958303123,-171.482,-2.9929255079049164,-2.0759999999999934,103.0,1
61369,5,Extend,<<,-1914,-171.87,1839,152.95838591731714,177.6871610714852,-172.51999999999998,-3.011042025540617,-1.0379999999999825,102.0,1
83760,5,Extend,>>,47,8.62,2511,173.63197175698366,174.66865777547022,13.959999999999999,0.2436479635784084,-0.844000000000003,22391.0,2
83863,5,Extend,>>,10,5.54,2514,175.49696109734535,174.07541801801753,11.639999999999999,0.20315632493213995,-2.3200000000000003,103.0,2
83965,5,Extend,>>,-27,2.29,2517,177.02459403650948,173.5241765483133,8.669999999999998,0.15132004614790834,-2.9700000000000006,102.0,2
84067,5,Extend,>>,-64,-0.97,2520,178.51972936578616,172.92883007516605,5.47,0.09546951008408983,-3.1999999999999984,102.0,2
84169,5,Extend,>>,-101,-4.22,2523,179.8459334410606,171.52585013155417,2.252,0.0393048147549123,-3.218,102.0,2
84272,5,Extend,>>,-138,-7.38,2526,179.29733497208545,170.68841173700886,-0.9479999999999998,-0.01654572130890624,-3.1999999999999997,103.0,2
84374,5,Extend,>>,-175,-10.73,2529,177.8321578341161,171.01779290770153,-4.202,-0.07333873516880172,-3.254,102.0,2
84476,5,Extend,>>,-212,-13.89,2532,177.45147572165342,170.1018247331257,-7.438,-0.12981758976333824,-3.2359999999999998,102.0,2
84579,5,Extend,>>,-249,-17.05,2535,176.678524236654,169.69515353123398,-10.654,-0.18594737850747586,-3.216,103.0,2
84681,5,Extend,>>,-286,-20.22,2538,176.1726685374768,169.90542490966925,-13.854000000000003,-0.24179791457129446,-3.200000000000003,102.0,2
84783,5,Extend,>>,-323,-23.47,2541,176.25386050106022,169.25546474598298,-17.072,-0.2979626099004719,-3.2179999999999964,102.0,2
84886,5,Extend,>>,-360,-26.73,2545,175.9893609410492,169.5910537094164,-20.272,-0.3538131459642905,-3.1999999999999993,103.0,2
84988,5,Extend,>>,-397,-29.8,2548,176.60009822392024,169.4100336173457,-23.454,-0.40934952276275005,-3.182000000000002,102.0,2
85090,5,Extend,>>,-434,-33.05,2551,177.02762311335363,169.6594279457256,-26.653999999999996,-0.4652000588265685,-3.1999999999999957,102.0,2
85192,5,Extend,>>,-471,-36.31,2554,178.1470871821517,169.20610488971613,-29.872000000000003,-0.5213647541557462,-3.218000000000007,102.0,2
85294,5,Extend,>>,-508,-39.47,2557,178.31520538315894,169.46244916807962,-33.072,-0.5772152902195647,-3.1999999999999993,102.0,2
85397,5,Extend,>>,-545,-42.64,2560,178.2564919996845,170.44158009021464,-36.254000000000005,-0.6327516670180243,-3.182000000000002,103.0,2
85498,5,Extend,>>,-582,-45.8,2563,179.3004388932291,169.84158641994358,-39.45399999999999,-0.6886022030818426,-3.1999999999999886,101.0,2
85601,5,Extend,>>,-619,-49.05,2566,179.3196893503996,170.92620769688924,-42.653999999999996,-0.7444527391456612,-3.200000000000003,103.0,2
85703,5,Extend,>>,-656,-52.31,2569,178.94924874052876,170.56758273993498,-45.854,-0.8003032752094799,-3.200000000000003,102.0,2
85806,5,Extend,>>,-693,-55.47,2572,177.9158388084913,170.9906010861785,-49.054,-0.8561538112732985,-3.200000000000003,103.0,2
85908,5,Extend,>>,-730,-58.55,2575,177.31290582372952,172.19316919950273,-52.236000000000004,-0.9116901880717581,-3.182000000000002,102.0,2
86010,5,Extend,>>,-767,-61.63,2578,175.13199679060196,171.7253940946947,-55.402,-0.9669473121898985,-3.165999999999997,102.0,2
86113,5,Extend,>>,-804,-64.97,2581,173.38222970566753,172.68468034188768,-58.586,-1.022518595573398,-3.1839999999999975,103.0,2
86215,5,Extend,>>,-841,-68.13,2584,171.76784283573062,173.8332560981581,-61.75,-1.0777408131064985,-3.1640000000000015,102.0,2
86317,5,Extend,>>,-878,-71.3,2587,170.49754767805803,174.47774446182387,-64.916,-1.1329979372246388,-3.165999999999997,102.0,2
86420,5,Extend,>>,-915,-74.46,2591,169.7969677171082,175.85978487189655,-68.098,-1.1885343140230986,-3.182000000000002,103.0,2
86522,5,Extend,>>,-952,-77.71,2594,168.67016650957575,176.20043021002647,-71.314,-1.244664102767236,-3.215999999999994,102.0,2
86624,5,Extend,>>,-989,-80.88,2597,166.98922835634818,176.95890031002332,-74.49600000000001,-1.3002004795656958,-3.1820000000000164,102.0,2
86727,5,Extend,>>,-1026,-83.96,2600,165.86602173915185,177.8415423487128,-77.662,-1.3554576036838364,-3.165999999999997,103.0,2
86829,5,Extend,>>,-1063,-87.12,2603,163.25457893333356,177.6448737262925,-80.826,-1.4106798212169367,-3.1639999999999873,102.0,2
86931,5,Extend,>>,-1100,-90.46,2606,161.4363106094703,177.57767810819243,-84.02599999999998,-1.466530357280755,-3.1999999999999886,102.0,2
87033,5,Extend,>>,-1137,-93.8,2609,161.13053297696476,178.7691251920066,-87.244,-1.5226950526099328,-3.2180000000000177,102.0,2
87135,5,Extend,>>,-1174,-96.97,2612,159.8946652463029,179.5608235182893,-90.46199999999999,-1.5788597479391102,-3.2179999999999893,102.0,2
87239,5,Extend,>>,-1211,-100.13,2615,158.93503046300464,179.71483369151673,-93.696,-1.635303695948607,-3.234000000000009,104.0,2
87341,5,Extend,>>,-1248,-103.21,2618,158.24020123222311,179.2270248556861,-96.914,-1.6914683912777846,-3.2180000000000035,102.0,2
87445,5,Extend,>>,-1285,-106.37,2621,157.26475786848007,178.71175233973298,-100.096,-1.7470047680762442,-3.182000000000002,104.0,2
87547,5,Extend,>>,-1322,-109.45,2624,156.5272493112629,178.59147656231298,-103.226,-1.8016335736636666,-3.1299999999999955,102.0,2
87650,5,Extend,>>,-1359,-112.97,2627,156.20198175703126,178.20142333736476,-106.426,-1.8574841097274852,-3.200000000000003,103.0,2
87752,5,Extend,>>,-1396,-116.22,2630,155.4533009840802,178.4282540851819,-109.644,-1.9136488050566627,-3.2180000000000035,102.0,2
87856,5,Extend,>>,-1433,-119.47,2634,154.63613160344116,178.1838249608277,-112.896,-1.9704069123315182,-3.2519999999999953,104.0,2
87958,5,Extend,>>,-1470,-122.64,2637,154.0343195016406,177.9102757327413,-116.15,-2.0271999261914138,-3.254000000000005,102.0,2
88061,5,Extend,>>,-1507,-125.8,2640,154.2464495066339,177.32674268545276,-119.42,-2.0842721927316283,-3.269999999999996,103.0,2
88164,5,Extend,>>,-1544,-128.88,2643,153.6154642291488,177.49112925067593,-122.602,-2.139808569530088,-3.182000000000002,103.0,2
88266,5,Extend,>>,-1581,-132.04,2646,153.63810834152324,177.29664655320758,-125.76599999999999,-2.1950307870631884,-3.1639999999999873,102.0,2
88369,5,Extend,>>,-1618,-135.47,2649,153.54631514148676,177.17594767500017,-128.96599999999998,-2.2508813231270066,-3.1999999999999886,103.0,2
88472,5,Extend,>>,-1655,-138.73,2652,153.3575652001783,176.71229035839306,-132.184,-2.3070460184561847,-3.2180000000000177,103.0,2
88574,5,Extend,>>,-1692,-141.8,2655,153.60955290540323,176.25416106225475,-135.38400000000001,-2.3628965545200034,-3.200000000000017,102.0,2
88678,5,Extend,>>,-1729,-145.05,2658,153.60955290540323,176.01842423267465,-138.618,-2.4193405025295,-3.2339999999999804,104.0,2
88781,5,Extend,>>,-1766,-148.13,2661,152.9762428896031,176.6517342484747,-141.83599999999998,-2.475505197858677,-3.2179999999999893,103.0,2
88883,5,Extend,>>,-1803,-151.38,2664,153.22767253547528,176.88179110521816,-145.018,-2.5310415746571366,-3.1820000000000164,102.0,2
88985,5,Extend,>>,-1840,-154.64,2667,153.29250407266778,176.18592516570973,-148.2,-2.586577951455596,-3.181999999999988,102.0,2
89088,5,Extend,>>,-1877,-157.89,2671,152.59342782104918,176.5882044288376,-151.418,-2.642742646784774,-3.2180000000000177,103.0,2
89191,5,Extend,>>,-1914,-161.14,2674,152.84429160827534,176.5882044288376,-154.636,-2.6989073421139516,-3.2179999999999893,103.0,2
89294,5,Extend,>>,-1951,-164.22,2677,153.18100898474654,176.02139978223377,-157.85399999999998,-2.755072037443129,-3.2179999999999893,103.0,2
89397,5,Extend,>>,-1988,-167.3,2680,153.18100898474654,175.78758656415567,-161.03799999999998,-2.810643320826628,-3.1839999999999975,103.0,2
89499,5,Extend,>>,-2025,-170.46,2683,152.54283098814514,176.88966504896777,-164.202,-2.865865538359729,-3.1640000000000157,102.0,2
89602,5,Extend,<<,-2025,-173.63,2686,153.18100898474654,175.78758656415567,-167.35,-2.9208085032125104,-3.147999999999996,103.0,2
89705,5,Extend,<<,-1988,-174.77,2689,152.84429160827534,176.35436079737084,-170.076,-2.9683861786218757,-2.725999999999999,103.0,2
89808,5,Extend,<<,-1951,-174.68,2692,152.54283098814514,176.65582141750113,-172.168,-3.0048984665735974,-2.092000000000013,103.0,2
89910,5,Extend,<<,-1914,-172.22,2695,152.54283098814514,176.65582141750113,-173.152,-3.0220725064132212,-0.9839999999999804,102.0,2
112054,5,Extend,>>,10,5.54,3360,175.2478603512073,174.02619521328413,11.64,0.20315632493213998,-2.3199999999999985,22144.0,3
112156,5,Extend,>>,-27,2.29,3363,176.6459581283109,173.34819193055262,8.67,0.15132004614790837,-2.9700000000000006,102.0,3
112259,5,Extend,>>,-64,-0.97,3366,177.18842527127197,171.95606443339497,5.486,0.09574876276440891,-3.184,103.0,3
112361,5,Extend,>>,-101,-4.22,3369,179.48009590757712,171.90434297403567,2.2680000000000002,0.0395840674352314,-3.2179999999999995,102.0,3
112463,5,Extend,>>,-138,-7.38,3372,179.74678607013982,170.56312109573872,-0.9479999999999995,-0.016545721308906237,-3.2159999999999997,102.0,3
112565,5,Extend,>>,-175,-10.73,3375,178.46644544000077,170.6415566641774,-4.202,-0.07333873516880172,-3.2540000000000004,102.0,3
112668,5,Extend,>>,-212,-13.98,3378,177.6893351677368,170.07375449334833,-7.456,-0.13013174902869723,-3.2540000000000004,103.0,3
112771,5,Extend,>>,-249,-17.05,3381,176.4231972007612,169.68801453746806,-10.672,-0.18626153777283486,-3.216,103.0,3
112873,5,Extend,>>,-286,-20.22,3384,176.35398552135553,169.50012580847613,-13.872,-0.2421120738366534,-3.1999999999999993,102.0,3
112975,5,Extend,>>,-323,-23.47,3387,175.94946340329034,169.8755042555519,-17.089999999999996,-0.29827676916583085,-3.2179999999999964,102.0,3
113077,5,Extend,>>,-360,-26.73,3390,176.112090439167,169.08149289334747,-20.29,-0.35412730522964947,-3.200000000000003,102.0,3
113180,5,Extend,>>,-397,-29.89,3393,176.30633591331875,169.35359700057916,-23.472,-0.40966368202810904,-3.182000000000002,103.0,3
113282,5,Extend,>>,-434,-33.05,3396,176.48471832948158,169.5927413056962,-26.672000000000004,-0.46551421809192767,-3.200000000000003,102.0,3
113385,5,Extend,>>,-471,-36.31,3399,176.93912842982942,169.50012580847613,-29.889999999999997,-0.5216789134211051,-3.217999999999993,103.0,3
113488,5,Extend,>>,-508,-39.47,3403,177.57251052338583,169.6525177418707,-33.089999999999996,-0.5775294494849236,-3.1999999999999993,103.0,3
113590,5,Extend,>>,-545,-42.55,3406,178.17633142122986,169.81055227751284,-36.254,-0.6327516670180242,-3.1640000000000015,102.0,3
113693,5,Extend,>>,-582,-45.8,3409,179.26910432434855,170.33330004554747,-39.436,-0.6882880438164838,-3.182000000000002,103.0,3
113796,5,Extend,>>,-619,-49.14,3412,179.465140137653,170.41185139003147,-42.653999999999996,-0.7444527391456612,-3.2179999999999964,103.0,3
113899,5,Extend,>>,-656,-52.4,3415,177.96835681384636,171.36440349496146,-45.872,-0.8006174344748388,-3.2180000000000035,103.0,3
114001,5,Extend,>>,-693,-55.47,3418,176.6063806502588,171.71651847159004,-49.071999999999996,-0.8564679705386573,-3.1999999999999957,102.0,3
114104,5,Extend,>>,-730,-58.55,3421,175.50956728640264,172.39173637249394,-52.272000000000006,-0.912318506602476,-3.20000000000001,103.0,3
114206,5,Extend,>>,-767,-61.71,3424,174.53265686700806,173.18083785367406,-55.45399999999999,-0.9678548834009354,-3.181999999999988,102.0,3
114309,5,Extend,>>,-804,-64.88,3427,172.4962873190343,173.23475426578037,-58.602,-1.022797848253717,-3.1480000000000032,103.0,3
114411,5,Extend,>>,-841,-68.13,3430,171.14137689621546,174.90620601142228,-61.748000000000005,-1.0777059065214587,-3.146000000000008,102.0,3
114514,5,Extend,>>,-878,-71.3,3433,168.2779906257042,175.3742106059859,-64.914,-1.132963030639599,-3.165999999999997,103.0,3
114617,5,Extend,>>,-915,-74.46,3436,166.48253175956444,176.1940476660735,-68.09599999999999,-1.1884994074380584,-3.181999999999988,103.0,3
114719,5,Extend,>>,-952,-77.71,3440,163.73697158384795,177.42584136801875,-71.29599999999999,-1.244349943501877,-3.200000000000003,102.0,3
114822,5,Extend,>>,-989,-80.88,3443,162.69249785166934,178.37187615683354,-74.496,-1.3002004795656956,-3.200000000000003,103.0,3
114924,5,Extend,>>,-1026,-83.96,3446,160.92709094320728,178.82677644366706,-77.66199999999999,-1.3554576036838362,-3.165999999999997,102.0,3
115027,5,Extend,>>,-1063,-87.12,3449,160.01853825431644,179.84977810757314,-80.826,-1.4106798212169367,-3.1640000000000015,103.0,3
115130,5,Extend,>>,-1100,-90.46,3452,159.0554088511635,179.14959019805298,-84.026,-1.4665303572807553,-3.200000000000003,103.0,3
115233,5,Extend,>>,-1137,-93.8,3455,157.6186026530609,179.20134474844346,-87.244,-1.5226950526099328,-3.2180000000000035,103.0,3
115335,5,Extend,>>,-1174,-96.88,3458,156.5630625371107,178.6890075242652,-90.444,-1.5785455886737514,-3.200000000000003,102.0,3
115438,5,Extend,>>,-1211,-99.96,3461,155.8579778497937,178.26896220457047,-93.64399999999999,-1.6343961247375698,-3.1999999999999886,103.0,3
115541,5,Extend,>>,-1248,-103.3,3464,154.54832155678704,178.4876933246904,-96.88,-1.6908749793321063,-3.236000000000004,103.0,3
115644,5,Extend,>>,-1285,-106.37,3467,155.07013389721135,177.57718416681396,-100.06199999999998,-1.7464113561305656,-3.181999999999988,103.0,3
115746,5,Extend,>>,-1322,-109.36,3470,153.7967935131657,177.7592016226471,-103.174,-1.8007260024526297,-3.112000000000023,102.0,3
115849,5,Extend,>>,-1359,-112.79,3473,153.47483912479413,177.67170489631263,-106.356,-1.856262379251089,-3.181999999999988,103.0,3
115952,5,Extend,>>,-1396,-116.04,3476,153.34197221264216,177.36635359884102,-109.572,-1.9123921679952267,-3.216000000000008,103.0,3
116054,5,Extend,>>,-1433,-119.12,3480,152.9739336001959,177.35506449361702,-112.73600000000002,-1.9676143855283277,-3.1640000000000157,102.0,3
116158,5,Extend,>>,-1470,-122.29,3483,153.28436893435622,176.41978419158283,-115.92,-2.023185668911827,-3.1839999999999833,104.0,3
116261,5,Extend,>>,-1507,-125.54,3486,152.96255616247993,176.58631085426254,-119.15600000000002,-2.0796645235063638,-3.2360000000000184,103.0,3
116363,5,Extend,>>,-1544,-128.62,3489,152.96255616247993,176.1186239677906,-122.322,-2.1349216476245036,-3.1659999999999826,102.0,3
116466,5,Extend,>>,-1581,-131.87,3492,152.32753042242877,176.28605629227943,-125.48800000000001,-2.1901787717426444,-3.166000000000011,103.0,3
116569,5,Extend,>>,-1618,-135.21,3495,152.64195953800382,175.5773181729015,-128.706,-2.2463434670718216,-3.217999999999975,103.0,3
116672,5,Extend,>>,-1655,-138.46,3498,152.0063075911871,175.0535117440512,-131.94,-2.3027874150813186,-3.234000000000009,103.0,3
116775,5,Extend,>>,-1692,-141.71,3501,151.43749091979515,175.2234383351589,-135.174,-2.359231363090815,-3.234000000000009,103.0,3
116877,5,Extend,>>,-1729,-144.97,3504,151.30585205950146,175.38699082910512,-138.44400000000002,-2.41630362963103,-3.2700000000000102,102.0,3
116981,5,Extend,>>,-1766,-148.31,3507,151.37575049928267,174.45716183203692,-141.73200000000003,-2.4736900554366037,-3.288000000000011,104.0,3
117084,5,Extend,>>,-1803,-151.56,3510,150.6572156234747,174.4497400087283,-145.002,-2.530762321976818,-3.269999999999982,103.0,3
117186,5,Extend,>>,-1840,-154.73,3514,150.97800681938716,173.7774107416262,-148.256,-2.587555335836713,-3.2539999999999907,102.0,3
117289,5,Extend,>>,-1877,-157.89,3517,150.40867829298128,173.6343614575542,-151.492,-2.6440341904312494,-3.23599999999999,103.0,3
117392,5,Extend,>>,-1914,-161.14,3520,150.33068641322822,173.96163767445793,-154.726,-2.7004781384407464,-3.234000000000009,103.0,3
117494,5,Extend,>>,-1951,-164.22,3523,150.40381586811972,173.70095328570574,-157.908,-2.7560145152392055,-3.181999999999988,102.0,3
117597,5,Extend,>>,-1988,-167.3,3526,149.75674326646146,173.88449643371456,-161.05599999999998,-2.810957480091987,-3.147999999999996,103.0,3
117699,5,Extend,>>,-2025,-170.37,3529,149.11008325097546,173.34076610459198,-164.18400000000003,-2.8655513790943705,-3.1280000000000427,102.0,3
117802,5,Extend,<<,-2025,-173.54,3532,149.67196909456536,172.29753195374343,-167.31400000000002,-2.9201801846817927,-3.1299999999999955,103.0,3
117905,5,Extend,<<,-1988,-174.77,3535,149.02191594146515,172.94758510684366,-170.04000000000002,-2.9677578600911585,-2.725999999999999,103.0,3
118008,5,Extend,<<,-1951,-174.68,3538,149.09668203149383,172.75673983464728,-172.132,-3.0042701480428793,-2.0919999999999845,103.0,3
118111,5,Extend,<<,-1914,-172.31,3541,148.75519788400598,172.82760329994952,-173.13400000000001,-3.0217583471478626,-1.0020000000000095,103.0,3
140516,5,Extend,>>,47,8.7,4213,178.37966206024362,173.78113017377086,13.976000000000003,0.24392721625872754,-0.8099999999999987,22405.0,4
140618,5,Extend,>>,10,5.54,4216,179.39701117307084,172.17628926811472,11.656000000000002,0.2034355776124591,-2.3200000000000003,102.0,4
140720,5,Extend,>>,-27,2.29,4220,178.83346998915815,171.57396591609597,8.686,0.15159929882822745,-2.9700000000000024,102.0,4
140823,5,Extend,>>,-64,-0.97,4223,178.244914125945,171.18639540118292,5.486000000000001,0.09574876276440893,-3.1999999999999993,103.0,4
140925,5,Extend,>>,-101,-4.22,4226,177.95897394862922,170.96695181774513,2.2680000000000007,0.03958406743523141,-3.218,102.0,4
141027,5,Extend,>>,-138,-7.38,4229,177.32786451707764,170.45767649696947,-0.9479999999999992,-0.01654572130890623,-3.2159999999999997,102.0,4
141129,5,Extend,>>,-175,-10.73,4232,176.94248194602244,169.9747397013549,-4.202,-0.07333873516880172,-3.254000000000001,102.0,4
141231,5,Extend,>>,-212,-13.89,4235,176.17767953738505,170.2431865708413,-7.438,-0.12981758976333824,-3.2359999999999998,102.0,4
141334,5,Extend,>>,-249,-17.05,4238,176.52707876445143,169.20610488971613,-10.654,-0.18594737850747586,-3.216,103.0,4
141436,5,Extend,>>,-286,-20.22,4241,176.7100222670549,169.11764003281323,-13.854,-0.2417979145712944,-3.1999999999999993,102.0,4
141539,5,Extend,>>,-323,-23.47,4244,176.54234040123345,169.2116658975051,-17.071999999999996,-0.29796260990047185,-3.2179999999999964,103.0,4
141642,5,Extend,>>,-360,-26.81,4247,176.54767228023766,169.2180942358056,-20.287999999999997,-0.3540923986446095,-3.216000000000001,103.0,4
141744,5,Extend,>>,-397,-30.07,4250,176.47836943424954,169.0504703337925,-23.523999999999997,-0.41057125323914606,-3.2360000000000007,102.0,4
141846,5,Extend,>>,-434,-33.23,4253,176.47836943424954,169.72356575755543,-26.759999999999998,-0.46705010783368256,-3.2360000000000007,102.0,4
141949,5,Extend,>>,-471,-36.4,4256,177.09123580462025,169.26758102440056,-29.996,-0.5235289624282191,-3.2360000000000007,103.0,4
142051,5,Extend,>>,-508,-39.56,4259,177.10609674348754,169.60407132269276,-33.214,-0.5796936577573966,-3.218,102.0,4
142153,5,Extend,>>,-545,-42.73,4263,177.70619270771277,169.8157568843978,-36.397999999999996,-0.635264941140896,-3.1839999999999975,102.0,4
142255,5,Extend,>>,-582,-45.89,4266,178.7496953771749,169.5478803436472,-39.562,-0.6904871586739966,-3.1640000000000015,102.0,4
142357,5,Extend,>>,-619,-49.23,4269,178.8628202126123,169.71341950001434,-42.76199999999999,-0.7463376947378151,-3.1999999999999957,102.0,4
142460,5,Extend,>>,-656,-52.48,4272,178.80736844845825,170.27510128198983,-45.977999999999994,-0.8024674834819527,-3.216000000000001,103.0,4
142562,5,Extend,>>,-693,-55.56,4275,179.6929031393862,170.45124610306516,-49.178,-0.8583180195457714,-3.200000000000003,102.0,4
142665,5,Extend,>>,-730,-58.73,4278,178.87432774567267,170.68855842011868,-52.378,-0.91416855560959,-3.200000000000003,103.0,4
142767,5,Extend,>>,-767,-61.98,4281,176.67822055244318,171.23575008726914,-55.59599999999999,-0.9703332509387673,-3.2179999999999893,102.0,4
142869,5,Extend,>>,-804,-65.05,4284,175.6799836294905,172.0184093016184,-58.75999999999999,-1.025555468471868,-3.1640000000000015,102.0,4
142971,5,Extend,>>,-841,-68.31,4287,174.28770563649988,172.54570118725158,-61.926,-1.0808125925900085,-3.166000000000011,102.0,4
143074,5,Extend,>>,-878,-71.47,4290,173.72088779500558,173.77809924386736,-65.10799999999999,-1.1363489693884679,-3.181999999999988,103.0,4
143177,5,Extend,>>,-915,-74.64,4293,172.74680538727463,174.1904789961817,-68.28999999999999,-1.1918853461869274,-3.182000000000002,103.0,4
143279,5,Extend,>>,-952,-77.89,4296,171.49006116921532,174.28124019910612,-71.47200000000001,-1.2474217229853874,-3.1820000000000164,102.0,4
143382,5,Extend,>>,-989,-81.05,4299,170.78892293661136,175.46959320838994,-74.672,-1.3032722590492056,-3.1999999999999886,103.0,4
143484,5,Extend,>>,-1026,-84.04,4302,169.5141960104663,176.39574213420047,-77.818,-1.3581803173169473,-3.146000000000001,102.0,4
143586,5,Extend,>>,-1063,-87.3,4306,166.39026810418778,177.27073130844306,-80.98400000000001,-1.413437441435088,-3.166000000000011,102.0,4
143689,5,Extend,>>,-1100,-90.64,4309,164.72250781449858,177.45663407488416,-84.184,-1.4692879774989063,-3.1999999999999886,103.0,4
143792,5,Extend,>>,-1137,-93.89,4312,164.16085954660122,178.8192418589312,-87.38399999999999,-1.5251385135627247,-3.1999999999999886,103.0,4
143894,5,Extend,>>,-1174,-97.05,4315,162.81429385577525,179.69765040802343,-90.584,-1.5809890496265435,-3.200000000000017,102.0,4
143996,5,Extend,>>,-1211,-100.13,4318,161.82653345613542,179.76608793343183,-93.80199999999999,-1.637153744955721,-3.2179999999999893,102.0,4
144099,5,Extend,>>,-1248,-103.38,4321,161.0181507032795,178.78335564831215,-97.018,-1.6932835336998586,-3.216000000000008,103.0,4
144202,5,Extend,>>,-1285,-106.46,4324,159.634463735911,178.95457260893713,-100.18199999999999,-1.748505751232959,-3.1639999999999873,103.0,4
144305,5,Extend,>>,-1322,-109.54,4327,159.2973743017248,178.00516973791645,-103.31199999999998,-1.8031345568203814,-3.1299999999999955,103.0,4
144408,5,Extend,>>,-1359,-112.97,4330,157.88969164334705,178.04829196279837,-106.49600000000001,-1.8587058402038814,-3.184000000000026,103.0,4
144510,5,Extend,>>,-1396,-116.22,4333,157.00138480705596,177.4031415185638,-109.71399999999998,-1.9148705355330584,-3.217999999999975,102.0,4
144613,5,Extend,>>,-1433,-119.3,4336,155.61864828845563,177.54611907934273,-112.898,-1.970441818916558,-3.1840000000000117,103.0,4
144716,5,Extend,>>,-1470,-122.46,4339,155.1971580089044,177.1506930687306,-116.098,-2.026292354980377,-3.200000000000003,103.0,4
144818,5,Extend,>>,-1507,-125.54,4342,153.88906101375946,177.1190217106331,-119.298,-2.0821428910441955,-3.200000000000003,102.0,4
144921,5,Extend,>>,-1544,-128.62,4346,154.1354856593421,176.32360069035835,-122.428,-2.1367716966316177,-3.1299999999999955,103.0,4
145024,5,Extend,>>,-1581,-131.87,4349,153.76746936213067,176.07132737323403,-125.55799999999999,-2.1914005022190404,-3.1299999999999955,103.0,4
145126,5,Extend,>>,-1618,-135.3,4352,152.79146130833436,176.56204241192967,-128.75799999999998,-2.2472510382828585,-3.1999999999999886,102.0,4
145229,5,Extend,>>,-1655,-138.73,4355,152.22212497785864,176.72233581869872,-132.012,-2.3040440521427543,-3.254000000000019,103.0,4
145332,5,Extend,>>,-1692,-141.98,4358,152.74265113650935,176.2253427925479,-135.3,-2.361430477948328,-3.288000000000011,103.0,4
145434,5,Extend,>>,-1729,-145.14,4361,152.4118855452969,176.07748647602355,-138.60399999999998,-2.4190961564342204,-3.3039999999999736,102.0,4
145537,5,Extend,>>,-1766,-148.31,4364,152.4846518976779,175.59923231041773,-141.892,-2.476482582239794,-3.288000000000011,103.0,4
145639,5,Extend,>>,-1803,-151.65,4367,152.4846518976779,175.34621039504518,-145.162,-2.5335548487800086,-3.2700000000000102,102.0,4
145742,5,Extend,>>,-1840,-154.81,4370,151.76830231794727,175.9897936223948,-148.378,-2.589684637524146,-3.2159999999999798,103.0,4
145845,5,Extend,>>,-1877,-158.07,4373,151.84106867032824,176.01778374206026,-151.596,-2.6458493328533237,-3.2180000000000177,103.0,4
145948,5,Extend,>>,-1914,-161.32,4376,151.84106867032824,176.01778374206026,-154.832,-2.7023281874478604,-3.23599999999999,103.0,4
146050,5,Extend,>>,-1951,-164.31,4379,151.84106867032824,175.5421794515342,-158.03199999999998,-2.7581787235116786,-3.1999999999999886,102.0,4
146153,5,Extend,>>,-1988,-167.38,4383,151.51740777993453,176.0886561390128,-161.178,-2.8130867817794205,-3.146000000000015,103.0,4
146256,5,Extend,>>,-2025,-170.37,4386,151.51740777993453,176.0886561390128,-164.29000000000002,-2.8674014281014846,-3.112000000000023,103.0,4
146358,5,Extend,<<,-2025,-173.54,4389,151.51740777993453,176.0886561390128,-167.384,-2.9214019151581883,-3.0939999999999657,102.0,4
146461,5,Extend,<<,-1988,-174.68,4392,151.84106867032824,175.28767460897924,-170.05599999999998,-2.968037112771477,-2.671999999999997,103.0,4
146564,5,Extend,<<,-1951,-174.68,4395,151.77230965196003,175.86222364078944,-172.13,-3.0042352414578395,-2.0740000000000123,103.0,4
146666,5,Extend,<<,-1914,-172.22,4398,151.59081603932648,176.0886561390128,-173.098,-3.021130028617145,-0.9680000000000177,102.0,4
