Time(ms),MotorID,Phase,Direction,Position,Angle(deg),Frame,∠ABC,∠BCD,angle_smooth,L_cm,delta_motor
12687,2,Flex,>>,1120,105.76,379.0,128.90237140334494,140.53982917310918,107.92666666666668,1.883675684035747,-1.0833333333333286
12790,2,Flex,>>,1060,100.92,382.0,128.13486073727455,139.37152969307215,106.17500000000001,1.8531033333049796,-1.7516666666666652
12892,2,Flex,>>,1000,95.82,385.0,127.20221747845508,138.65108025012103,104.104,1.8169575644961768,-2.071000000000012
12994,2,Flex,>>,940,90.55,388.0,126.14569181167812,137.3832632752552,100.412,1.7525200085125463,-3.691999999999993
13096,2,Flex,>>,880,85.36,391.0,124.75455743817032,136.75228802681934,95.68199999999999,1.669965934893214,-4.730000000000018
13199,2,Flex,>>,820,80.18,394.0,124.59735358240611,136.27509693686522,90.566,1.5806748903611845,-5.1159999999999854
13300,2,Flex,>>,760,74.9,397.0,124.057327542812,135.90369776692555,85.362,1.4898479560873994,-5.204000000000008
13403,2,Flex,>>,700,69.63,400.0,123.00846032516536,135.77836328026618,80.124,1.3984276098679365,-5.2379999999999995
13505,2,Flex,>>,640,64.44,403.0,121.97518132894314,135.03217779034557,74.902,1.3072865163287928,-5.221999999999994
13606,2,Flex,>>,580,59.25,406.0,121.87286866814924,134.8003185705749,69.67999999999999,1.2161454227896487,-5.222000000000008
13708,2,Flex,>>,520,54.07,409.0,120.27372747745574,134.21624889446014,64.458,1.125004329250505,-5.221999999999994
13810,2,Flex,>>,460,48.62,412.0,120.39986571650176,133.4470887466378,59.202,1.033269823765683,-5.256
13913,2,Flex,>>,400,43.52,415.0,119.88362674872006,133.5133081909725,53.98,0.9421287302265391,-5.222000000000001
14015,2,Flex,>>,340,38.33,418.0,118.8727203200696,132.98163962840837,48.757999999999996,0.8509876366873951,-5.222000000000001
14117,2,Flex,>>,280,33.05,421.0,117.67124801723632,132.5828035948487,43.518,0.7595323838828923,-5.239999999999995
14219,2,Flex,>>,220,27.78,425.0,116.66302224154796,132.01384985240855,38.260000000000005,0.6677629718130306,-5.257999999999996
14322,2,Flex,>>,160,22.42,428.0,116.66302224154796,131.76374548016366,33.019999999999996,0.5763077190085275,-5.240000000000009
14424,2,Flex,>>,100,17.23,431.0,116.66302224154796,131.4601411430967,27.762,0.4845383069386658,-5.257999999999996
14526,2,Flex,>>,40,12.04,434.0,117.12447476457903,131.55239732937747,22.504,0.39276889486880395,-5.257999999999999
14629,2,Flex,>>,-20,6.86,437.0,117.72393770607889,131.90131184126756,17.266,0.3013485486493409,-5.238000000000003
14731,2,Flex,>>,-80,1.49,440.0,118.42619694471378,132.5650959346477,12.008,0.20957913657947908,-5.257999999999999
14833,2,Flex,>>,-140,-3.69,443.0,120.21069037970722,133.12325009685225,6.786,0.1184380430403352,-5.2219999999999995
14935,2,Flex,>>,-200,-8.88,446.0,122.15045590850455,133.891981952183,1.5639999999999996,0.027296949501191308,-5.2219999999999995
15038,2,Flex,>>,-260,-14.15,449.0,123.83415461897128,133.81549014265278,-3.6740000000000004,-0.06412339671827168,-5.2379999999999995
15140,2,Flex,>>,-320,-19.34,452.0,123.73899861689247,134.56608633031985,-8.914,-0.15557864952277453,-5.239999999999999
15242,2,Flex,>>,-380,-24.62,455.0,124.48357309717164,134.85175188140568,-14.136000000000001,-0.24671974306191843,-5.222000000000001
15345,2,Flex,>>,-440,-29.89,458.0,124.70557368218137,135.52200176975538,-19.376,-0.3381749958664213,-5.24
15447,2,Flex,>>,-500,-35.25,461.0,125.74792788774064,134.5445369489104,-24.65,-0.4302236606166022,-5.273999999999997
15549,2,Flex,>>,-560,-40.35,464.0,125.78213380545992,135.32964087255615,-29.890000000000004,-0.5216789134211052,-5.2400000000000055
15652,2,Flex,>>,-620,-45.63,467.0,126.4351952595139,135.28925778858792,-35.148,-0.6134483254909671,-5.257999999999999
15754,2,Flex,>>,-680,-50.81,471.0,126.844793087073,136.33633459977898,-40.386,-0.70486867171043,-5.2379999999999995
15857,2,Flex,>>,-740,-56.09,474.0,127.36995390512249,135.9766879895146,-45.626000000000005,-0.7963239245149328,-5.240000000000002
15959,2,Flex,>>,-800,-61.27,477.0,127.55332100832015,136.48889681076355,-50.83,-0.8871508587887177,-5.2039999999999935
16061,2,Flex,>>,-860,-66.37,480.0,127.82421203876652,136.80215750060324,-56.034000000000006,-0.9779777930625028,-5.204000000000008
16164,2,Flex,>>,-920,-71.56,483.0,128.52857832133756,136.52851204771144,-61.220000000000006,-1.0684905680709287,-5.186
16266,2,Flex,>>,-980,-76.75,486.0,128.1928906310115,137.25498746551756,-66.408,-1.1590382496643943,-5.187999999999995
16369,2,Flex,>>,-1040,-82.02,489.0,129.20002001014228,136.5654924866189,-71.59400000000001,-1.2495510246728205,-5.186000000000007
16471,2,Flex,>>,-1100,-87.21,492.0,129.01746115390728,137.68977032315047,-76.782,-1.3400987062662861,-5.187999999999988
16574,2,Flex,>>,-1160,-92.48,495.0,129.84369688056202,137.60704621832247,-82.00399999999999,-1.4312397998054298,-5.221999999999994
16676,2,Flex,>>,-1220,-97.76,498.0,130.59916048552716,138.22725503658123,-87.244,-1.5226950526099328,-5.240000000000009
16778,2,Flex,>>,-1280,-102.95,501.0,130.84002371618433,138.2290428694714,-92.48400000000001,-1.614150305414436,-5.240000000000009
16880,2,Flex,>>,-1340,-108.13,504.0,131.7656025683962,138.06209345423187,-97.706,-1.7052913989535796,-5.221999999999994
16983,2,Flex,>>,-1400,-113.23,507.0,132.2537892815431,138.79903694465028,-102.91000000000001,-1.7961183332273647,-5.204000000000008
17085,2,Flex,>>,-1460,-118.59,510.0,133.33113593689288,139.05817511925375,-108.13200000000002,-1.8872594267665088,-5.222000000000008
17187,2,Flex,>>,-1520,-123.87,514.0,135.03294409624112,140.20941141009885,-113.354,-1.9784005203056523,-5.22199999999998
17289,2,Flex,>>,-1580,-129.05,517.0,135.96142342117034,140.39026594881028,-118.574,-2.069506707259756,-5.219999999999999
17392,2,Flex,>>,-1640,-134.24,520.0,136.5558283728895,141.31076498365547,-123.796,-2.1606478007989005,-5.222000000000008
17494,2,Flex,>>,-1700,-139.43,523.0,137.51312767531965,141.647105574259,-129.036,-2.252103053603403,-5.239999999999995
17596,2,Flex,>>,-1760,-144.62,526.0,138.51451586654733,142.2017523026413,-134.24200000000002,-2.342964894462228,-5.206000000000017
17699,2,Flex,>>,-1820,-149.71,529.0,139.6819279666204,141.99836463132965,-139.41,-2.433163510205295,-5.167999999999978
17801,2,Flex,>>,-1880,-154.9,532.0,141.05297815109708,142.50702723194243,-144.58,-2.523397032533402,-5.170000000000016
17904,2,Flex,>>,-1940,-160.0,535.0,142.12554516630803,143.03079791716632,-149.73200000000003,-2.61331639559615,-5.152000000000015
18006,2,Flex,>>,-2000,-165.01,538.0,142.49682503263355,143.18512014538385,-154.848,-2.7026074401281797,-5.1159999999999854
18108,2,Flex,>>,-2060,-170.2,541.0,142.41720533060607,144.31493110528717,-159.964,-2.7918984846602095,-5.1159999999999854
18210,2,Flex,>>,-2120,-175.21,544.0,143.92598010132104,144.10262248829193,-165.06400000000002,-2.8809102765119206,-5.100000000000023
18313,2,Flex,>>,-2180,-180.31,547.0,144.48641260915045,144.71679698791658,-170.14600000000002,-2.969607909098272,-5.081999999999994
18415,2,Flex,>>,-2240,-185.32,550.0,144.84159706254994,145.48357359089422,-175.21,-3.057991382419265,-5.063999999999993
18517,2,Flex,>>,-2300,-190.42,553.0,145.2976291845921,145.17633497001572,-180.29199999999997,-3.146689015005616,-5.081999999999965
18620,2,Flex,>>,-2360,-195.43,557.0,146.27999538704336,146.12768138344435,-185.33800000000002,-3.234758329061251,-5.046000000000049
18722,2,Flex,<<,-2360,-200.35,560.0,146.38098738364494,146.93651014988473,-190.36599999999999,-3.3225134838515253,-5.027999999999963
18825,2,Flex,<<,-2300,-201.85,563.0,146.30561156607973,147.30906472498364,-194.674,-3.3977022680274414,-4.308000000000021
18927,2,Flex,<<,-2240,-201.85,566.0,146.9257889091387,147.432343198233,-197.98,-3.4554028530983736,-3.305999999999983
19029,2,Flex,<<,-2180,-197.8,569.0,147.35535986508353,147.552966461731,-199.456,-3.48116391285781,-1.475999999999999
41407,2,Flex,>>,998,95.21,1240.0,124.74483650917551,141.30489164950575,103.78999999999999,1.8114772306449145,-1.3000000000000114
41509,2,Flex,>>,938,90.02,1243.0,123.91666402030262,140.78343449962924,100.026,1.745783037599848,-3.763999999999996
41611,2,Flex,>>,878,84.75,1246.0,123.7671400911594,140.2711377409911,95.208,1.6616930742387612,-4.817999999999998
41713,2,Flex,>>,818,79.56,1249.0,123.36522337167158,139.80035345728632,90.00399999999999,1.5708661399649761,-5.204000000000008
41817,2,Flex,>>,758,74.29,1252.0,123.1653796270825,139.49820323263114,84.76599999999999,1.4794457937455132,-5.2379999999999995
41919,2,Flex,>>,698,69.1,1256.0,122.45567759328208,139.77915638829256,79.544,1.3883047002063695,-5.221999999999994
42021,2,Flex,>>,638,63.91,1259.0,121.80849536061145,139.51740941962348,74.322,1.2971636066672256,-5.221999999999994
42124,2,Flex,>>,578,58.73,1262.0,121.6714201646662,139.04448557418112,69.118,1.2063366723934406,-5.204000000000008
42226,2,Flex,>>,518,53.54,1265.0,121.42870164337566,138.85263071886757,63.914,1.1155097381196557,-5.2039999999999935
42328,2,Flex,>>,458,48.09,1268.0,120.2925065745262,138.86540337093265,58.674,1.024054485315153,-5.240000000000002
42431,2,Flex,>>,398,42.99,1271.0,119.6259582194702,137.91185367276017,53.452,0.932913391776009,-5.222000000000001
42533,2,Flex,>>,338,37.71,1274.0,118.90303468109812,138.4675063658765,48.212,0.8414581389715062,-5.239999999999995
42636,2,Flex,>>,278,32.44,1277.0,118.38095376533931,138.28220785674972,42.95399999999999,0.7496887269016442,-5.25800000000001
42739,2,Flex,>>,218,27.16,1280.0,117.94088618074164,137.62636609619878,37.678000000000004,0.6576051555664235,-5.275999999999989
42841,2,Flex,>>,158,21.8,1283.0,117.71863659055838,137.54659012651615,32.42,0.5658357434965616,-5.258000000000003
42943,2,Flex,>>,98,16.53,1286.0,118.08253182422344,137.07813550993382,27.127999999999997,0.47347291948102166,-5.292000000000005
43046,2,Flex,>>,38,11.34,1289.0,117.78614778155308,137.64067394445,21.854,0.38142425473084074,-5.273999999999997
43149,2,Flex,>>,-22,6.15,1292.0,117.99382601118836,138.0162322092542,16.596,0.2896548426609789,-5.257999999999999
43252,2,Flex,>>,-82,0.88,1295.0,119.24882633654698,137.75248540026868,11.34,0.19792033717615698,-5.256
43354,2,Flex,>>,-142,-4.31,1299.0,120.11184182274252,138.03477782339263,6.118,0.10677924363701309,-5.2219999999999995
43457,2,Flex,>>,-202,-9.49,1302.0,120.64957348876855,138.74707247878436,0.914,0.01595230936322817,-5.204000000000001
43559,2,Flex,>>,-262,-14.68,1305.0,121.31148575181535,138.6812114004185,-4.29,-0.07487462491055674,-5.204
43661,2,Flex,>>,-322,-19.87,1308.0,122.25627413609,138.43726722208623,-9.494,-0.16570155918434165,-5.204
43763,2,Flex,>>,-382,-25.23,1311.0,123.40165456103551,138.43467660909758,-14.716,-0.2568426527234855,-5.2219999999999995
43866,2,Flex,>>,-442,-30.42,1314.0,122.93282037587524,139.78650184508265,-19.938,-0.3479837462626294,-5.2219999999999995
43968,2,Flex,>>,-502,-35.78,1317.0,123.40782458970894,139.7908605863095,-25.196,-0.4397531583324913,-5.258000000000003
44070,2,Flex,>>,-562,-40.97,1320.0,124.5692757913482,139.12131894892838,-30.454,-0.5315225704023532,-5.257999999999999
44172,2,Flex,>>,-622,-46.15,1323.0,124.1878955809933,139.9810819353084,-35.71,-0.623257075887175,-5.256
44275,2,Flex,>>,-682,-51.34,1326.0,124.63910155622943,139.15024299436487,-40.932,-0.7143981694263191,-5.222000000000001
44377,2,Flex,>>,-742,-56.62,1329.0,125.31175318315417,139.68568682424288,-46.172000000000004,-0.8058534222308219,-5.240000000000002
44480,2,Flex,>>,-802,-61.8,1332.0,125.2797550679364,139.7170174868351,-51.376,-0.8966803565046068,-5.2039999999999935
44582,2,Flex,>>,-862,-66.99,1335.0,125.35764818123944,139.57830602912114,-56.58,-0.9875072907783916,-5.204000000000001
44684,2,Flex,>>,-922,-72.26,1338.0,126.3417544202259,139.59272693967682,-61.802,-1.0786483843175356,-5.222000000000001
44787,2,Flex,>>,-982,-77.45,1342.0,126.89658408057616,139.8021900900543,-67.024,-1.1697894778566795,-5.222000000000001
44889,2,Flex,>>,-1042,-82.73,1345.0,127.60551116950694,140.40153105282462,-72.24600000000001,-1.2609305713958234,-5.222000000000008
44991,2,Flex,>>,-1102,-87.91,1348.0,127.445715239089,140.87664529475754,-77.468,-1.3520716649349673,-5.221999999999994
45094,2,Flex,>>,-1162,-93.19,1351.0,127.91357663717052,141.3855925125671,-82.708,-1.44352691773947,-5.239999999999995
45196,2,Flex,>>,-1222,-98.37,1354.0,128.66774629988444,140.9359327074946,-87.92999999999999,-1.5346680112786137,-5.221999999999994
45298,2,Flex,>>,-1282,-103.56,1357.0,128.84985810163533,141.29565467634026,-93.152,-1.6258091048177579,-5.222000000000008
45401,2,Flex,>>,-1342,-108.92,1360.0,129.2727641935887,141.59639373036725,-98.39,-1.7172294510372208,-5.2379999999999995
45504,2,Flex,>>,-1402,-114.11,1363.0,129.84716319215892,141.4871901059871,-103.63,-1.8086847038417235,-5.239999999999995
45607,2,Flex,>>,-1462,-119.56,1366.0,130.35972125753878,141.7264516831709,-108.904,-1.9007333685919046,-5.274000000000001
45710,2,Flex,>>,-1522,-124.92,1369.0,130.1011676497446,142.17534119966678,-114.21400000000001,-1.9934103518728037,-5.3100000000000165
45813,2,Flex,>>,-1582,-130.2,1372.0,129.76021867710375,142.63976793660032,-119.542,-2.0864014944190616,-5.327999999999989
45915,2,Flex,>>,-1642,-135.12,1375.0,130.7662988743137,142.0936729277871,-124.78200000000001,-2.1778567472235646,-5.240000000000009
46018,2,Flex,>>,-1702,-140.4,1378.0,130.05836589394477,143.01443135481685,-130.04000000000002,-2.2696261592934266,-5.25800000000001
46120,2,Flex,>>,-1762,-145.41,1382.0,130.24447500839975,143.4677192177431,-135.21,-2.359859681621533,-5.1699999999999875
46223,2,Flex,>>,-1822,-150.51,1385.0,130.79543287090314,142.73677366221958,-140.328,-2.449185632738603,-5.117999999999995
46325,2,Flex,>>,-1882,-155.6,1388.0,130.98308213287825,143.28427791852883,-145.40800000000002,-2.537848358739915,-5.0800000000000125
46428,2,Flex,>>,-1942,-160.79,1391.0,131.3876967645408,143.3226630635102,-150.542,-2.6274535625373034,-5.133999999999986
46531,2,Flex,>>,-2002,-165.8,1394.0,131.26140480447896,143.4088763322104,-155.62199999999999,-2.716116288538615,-5.079999999999984
46633,2,Flex,>>,-2062,-170.99,1397.0,131.85266094898566,142.88926766904578,-160.738,-2.8054073330706455,-5.116000000000014
46736,2,Flex,>>,-2122,-175.82,1400.0,131.7323043430212,143.45208261900777,-165.8,-2.8937558998065986,-5.062000000000012
46838,2,Flex,>>,-2182,-180.84,1403.0,131.45344165137948,144.0266986539296,-170.848,-2.9818601204472723,-5.048000000000002
46941,2,Flex,>>,-2242,-185.85,1406.0,132.24916520411875,143.23097510119032,-175.85999999999999,-3.0693360225572275,-5.011999999999972
47044,2,Flex,>>,-2302,-190.86,1409.0,131.98721249581666,143.6013848587149,-180.872,-3.156811924667184,-5.012000000000029
47147,2,Flex,>>,-2362,-195.78,1412.0,131.98721249581666,143.9726266148964,-185.83,-3.243345348981063,-4.957999999999998
47250,2,Flex,<<,-2362,-200.7,1415.0,132.31934187429837,143.43942426667968,-190.80599999999998,-3.3301929325603004,-4.975999999999971
47353,2,Flex,<<,-2302,-202.11,1419.0,132.2484265050327,143.80913251126287,-195.06,-3.4044392389401392,-4.254000000000019
47455,2,Flex,<<,-2242,-202.11,1422.0,132.57117220786847,144.15778403425654,-198.312,-3.461197346214995,-3.2520000000000095
47557,2,Flex,<<,-2182,-197.98,1425.0,133.84099923995058,144.49405753725466,-199.73600000000002,-3.4860508347633945,-1.4240000000000066
69993,2,Flex,>>,997,95.21,2098.0,126.64571645085864,140.98601809389584,103.75399999999999,1.8108489121141964,-1.4599999999999937
70095,2,Flex,>>,937,89.93,2101.0,125.9049636952264,141.48103114271242,99.972,1.744840559803771,-3.7819999999999965
70198,2,Flex,>>,877,84.66,2104.0,125.16465259417828,141.06149134661032,95.15400000000001,1.6607505964426845,-4.817999999999984
70301,2,Flex,>>,817,79.38,2107.0,125.0844569084978,140.64331828053398,89.932,1.5696095029035404,-5.222000000000008
70403,2,Flex,>>,757,74.2,2110.0,125.2566496155186,140.56297496662376,84.676,1.4778749974187184,-5.256
70506,2,Flex,>>,697,69.01,2113.0,124.71512986731302,140.9433802567543,79.436,1.3864197446142157,-5.239999999999995
70608,2,Flex,>>,637,63.82,2116.0,123.87133420333542,140.49578271915357,74.214,1.2952786510750718,-5.222000000000008
70710,2,Flex,>>,577,58.64,2119.0,123.6613890482394,139.75748428505568,69.01,1.204451716801287,-5.2039999999999935
70813,2,Flex,>>,517,53.36,2122.0,122.4450503226898,140.28044185781155,63.806,1.1136247825275019,-5.204000000000008
70915,2,Flex,>>,457,48.0,2125.0,121.90255792260436,139.85794858964613,58.565999999999995,1.022169529722999,-5.240000000000002
71017,2,Flex,>>,397,42.9,2128.0,121.36008215767504,139.91303522009233,53.34400000000001,0.9310284361838553,-5.221999999999987
71120,2,Flex,>>,337,37.63,2132.0,120.92264292141884,138.85544252287252,48.106,0.8396080899643922,-5.238000000000007
71222,2,Flex,>>,277,32.35,2135.0,120.4568954061063,139.32119003818502,42.848,0.7478386778945303,-5.258000000000003
71325,2,Flex,>>,217,27.08,2138.0,120.4568954061063,139.32119003818502,37.592,0.6561041724097083,-5.256
71427,2,Flex,>>,157,21.71,2141.0,120.6764378950197,139.72286422456324,32.333999999999996,0.5643347603398464,-5.258000000000003
71529,2,Flex,>>,97,16.53,2144.0,121.22037449209796,139.66522005857834,27.060000000000002,0.4722860955896656,-5.273999999999994
71631,2,Flex,>>,37,11.25,2147.0,122.78132349627474,139.44275533119085,21.784000000000002,0.3802025242544448,-5.276
71733,2,Flex,>>,-23,6.07,2150.0,123.46792168579545,139.6352128390734,16.528,0.28846801876962275,-5.256000000000004
71835,2,Flex,>>,-83,0.79,2153.0,123.21807249540248,140.52454593778873,11.27,0.19669860669976094,-5.257999999999999
71938,2,Flex,>>,-143,-4.4,2156.0,124.19340605388882,140.11041756103123,6.048,0.10555751316061705,-5.2219999999999995
72040,2,Flex,>>,-203,-9.58,2159.0,125.59889412806788,139.59810981504015,0.8259999999999998,0.01441641962147316,-5.222
72143,2,Flex,>>,-263,-14.86,2162.0,125.61984392258648,139.74728988141436,-4.396,-0.07672467391767072,-5.2219999999999995
72245,2,Flex,>>,-323,-20.04,2165.0,126.2917217603021,139.71979818638593,-9.618,-0.1678657674568146,-5.222
72348,2,Flex,>>,-383,-25.41,2168.0,127.1850252005114,140.435888172444,-14.857999999999999,-0.2593210202613175,-5.239999999999998
72451,2,Flex,>>,-443,-30.51,2171.0,128.1092553179831,140.0669099910499,-20.08,-0.35046211380046133,-5.2219999999999995
72554,2,Flex,>>,-503,-35.87,2175.0,128.26091253245036,140.40379136024973,-25.338,-0.4422315258703232,-5.258000000000003
72656,2,Flex,>>,-563,-41.05,2178.0,129.17490834495317,140.23496698768778,-30.576,-0.5336518720897863,-5.2379999999999995
72758,2,Flex,>>,-623,-46.24,2181.0,129.342852891715,140.23007625534294,-35.816,-0.6251071248942891,-5.240000000000002
72860,2,Flex,>>,-683,-51.43,2184.0,130.2549474515142,139.8593916208911,-41.02,-0.7159340591680741,-5.204000000000001
72963,2,Flex,>>,-743,-56.79,2187.0,129.97284694713608,140.40575401497827,-46.275999999999996,-0.8076685646528958,-5.255999999999993
73066,2,Flex,>>,-803,-61.98,2190.0,130.1510423849669,140.38441660059766,-51.498000000000005,-0.89880965819204,-5.222000000000008
73168,2,Flex,>>,-863,-67.08,2193.0,130.40233805217585,141.10603003084762,-56.70399999999999,-0.9896714990508645,-5.205999999999989
73270,2,Flex,>>,-923,-72.26,2196.0,129.9716960365942,141.1886159632416,-61.907999999999994,-1.0804984333246495,-5.204000000000001
73373,2,Flex,>>,-983,-77.63,2199.0,130.80013150467602,141.2693377584764,-67.148,-1.1719536861291524,-5.240000000000002
73475,2,Flex,>>,-1043,-82.9,2202.0,131.81467332085393,140.4175284268419,-72.37,-1.2630947796682963,-5.222000000000008
73578,2,Flex,>>,-1103,-88.18,2205.0,131.8838580257859,140.66624936956327,-77.61,-1.3545500324727993,-5.239999999999995
73680,2,Flex,>>,-1163,-93.36,2208.0,132.28311932588645,141.07043912606977,-82.86600000000001,-1.4462845379576215,-5.256000000000014
73783,2,Flex,>>,-1223,-98.64,2211.0,133.16233047242957,140.8743501901517,-88.14200000000001,-1.538368109292842,-5.275999999999996
73886,2,Flex,>>,-1283,-103.91,2215.0,133.03283689861584,141.5433532913964,-93.398,-1.6301026147776638,-5.255999999999986
73988,2,Flex,>>,-1343,-109.19,2218.0,133.5340649183571,141.93494995722864,-98.65599999999999,-1.7218720268475256,-5.257999999999996
74090,2,Flex,>>,-1403,-114.29,2221.0,135.0462311192136,141.6974541677774,-103.878,-1.8130131203866697,-5.222000000000008
74192,2,Flex,>>,-1463,-119.65,2224.0,135.2984775926065,142.5571573399695,-109.136,-1.9047825324565315,-5.257999999999996
74295,2,Flex,>>,-1523,-124.92,2227.0,135.16604751954983,143.7417778288698,-114.39200000000001,-1.9965170379413537,-5.256000000000014
74397,2,Flex,>>,-1583,-130.02,2230.0,136.50085608729344,143.15997502064266,-119.614,-2.0876581314804974,-5.221999999999994
74500,2,Flex,>>,-1643,-135.12,2233.0,136.65590936357714,143.75366727663877,-124.8,-2.178170906488923,-5.185999999999993
74603,2,Flex,>>,-1703,-140.31,2236.0,136.8476102659946,144.30273041113023,-130.004,-2.268997840762708,-5.2039999999999935
74705,2,Flex,>>,-1763,-145.49,2239.0,138.1744917602755,144.4921601996662,-135.17200000000003,-2.3591964565057757,-5.168000000000035
74807,2,Flex,>>,-1823,-150.51,2242.0,138.75030337679897,144.80531552018968,-140.29000000000002,-2.4485224076228453,-5.117999999999995
74910,2,Flex,>>,-1883,-155.78,2245.0,139.56574664189588,145.99842450912195,-145.442,-2.538441770685593,-5.151999999999987
75013,2,Flex,>>,-1943,-160.79,2248.0,140.57410566302795,145.76100560852277,-150.576,-2.6280469744829817,-5.133999999999986
75116,2,Flex,>>,-2003,-165.98,2251.0,140.99369627839124,146.71864138874767,-155.70999999999998,-2.71765217828037,-5.133999999999986
75218,2,Flex,>>,-2063,-171.25,2254.0,142.03141840314663,146.51477099622937,-160.862,-2.807571541343118,-5.152000000000015
75321,2,Flex,>>,-2123,-176.18,2258.0,142.25775795300132,147.443096647936,-165.99599999999998,-2.897176745140507,-5.133999999999986
75423,2,Flex,>>,-2183,-181.19,2261.0,143.26643209355416,147.73278985743306,-171.078,-2.985874377726859,-5.082000000000022
75526,2,Flex,>>,-2243,-186.11,2264.0,143.6538435213324,148.60977587939007,-176.142,-3.074257851047852,-5.063999999999993
75628,2,Flex,>>,-2303,-191.21,2267.0,145.66424466169926,148.51078102168134,-181.18800000000002,-3.1623271651034863,-5.046000000000021
75731,2,Flex,>>,-2363,-195.96,2270.0,145.93607741766755,148.5506668972453,-186.13,-3.2485813367370455,-4.941999999999979
75833,2,Flex,<<,-2363,-200.88,2273.0,145.341830869657,149.22229827592432,-191.07,-3.3348006017855654,-4.939999999999998
75936,2,Flex,<<,-2303,-202.37,2276.0,145.4368830272957,148.9347728064775,-195.30599999999998,-3.408732748900045,-4.23599999999999
76039,2,Flex,<<,-2243,-202.37,2279.0,145.81454202237236,149.01004512521038,-198.558,-3.4654908561749007,-3.2520000000000095
76141,2,Flex,<<,-2183,-198.15,2282.0,144.9928780328348,149.83494773208537,-199.946,-3.489716026192582,-1.3880000000000052
126735,2,Flex,>>,993,94.77,3800.0,129.4209793316222,143.31440990894995,103.35,1.8037977819361395,-1.3359999999999985
126837,2,Flex,>>,933,89.67,3803.0,129.0128653774787,142.85246344434003,99.60400000000001,1.7384177481564322,-3.745999999999981
126940,2,Flex,>>,873,84.31,3806.0,127.93162343487722,142.37535747173212,94.786,1.6543277847953453,-4.818000000000012
127042,2,Flex,>>,813,79.03,3809.0,127.0576468907257,141.24156404092315,89.564,1.5631866912562011,-5.222000000000008
127145,2,Flex,>>,753,73.93,3812.0,125.82017470626366,141.17871650515016,84.342,1.4720455977170575,-5.221999999999994
127247,2,Flex,>>,693,68.66,3815.0,125.54494742904636,140.662262194279,79.12,1.3809045041779135,-5.221999999999994
127350,2,Flex,>>,633,63.38,3818.0,125.0105097170986,140.48594976689668,73.862,1.2891350921080516,-5.25800000000001
127452,2,Flex,>>,573,58.29,3821.0,124.21818114787462,139.9667481875821,68.65799999999999,1.1983081578342665,-5.204000000000008
127554,2,Flex,>>,513,53.01,3825.0,122.49310050607318,139.1715100759318,63.45400000000001,1.107481223560482,-5.203999999999979
127657,2,Flex,>>,453,47.65,3828.0,120.6734921959787,139.48858817362094,58.198,1.0157467180756599,-5.256000000000007
127759,2,Flex,>>,393,42.55,3831.0,120.15657548807818,138.40007921549144,52.976,0.924605624536516,-5.222000000000001
127861,2,Flex,>>,333,37.27,3834.0,118.27257540194444,138.59726763885504,47.754,0.833464530997372,-5.222000000000001
127964,2,Flex,>>,273,32.0,3837.0,117.38275309891338,138.86934117881293,42.495999999999995,0.7416951189275102,-5.258000000000003
128065,2,Flex,>>,213,26.81,3840.0,116.69764108546342,138.1099833406646,37.256,0.6502398661230074,-5.239999999999995
128168,2,Flex,>>,153,21.36,3843.0,116.61776117095962,137.4451438571433,31.998,0.5584704540531455,-5.257999999999999
128270,2,Flex,>>,93,16.18,3846.0,116.1487643257577,137.6319255700711,26.724,0.46642178930296463,-5.274000000000001
128372,2,Flex,>>,33,10.9,3849.0,116.1487643257577,137.6319255700711,21.449999999999996,0.3743731245527836,-5.2740000000000045
128474,2,Flex,>>,-27,5.71,3852.0,116.61776117095962,136.87787744728536,16.192,0.2826037124829218,-5.257999999999996
128577,2,Flex,>>,-87,0.26,3855.0,116.83352243516984,137.26372613160518,10.882000000000001,0.18992672920202297,-5.309999999999999
128679,2,Flex,>>,-147,-4.84,3858.0,117.77252415081864,137.76023706232817,5.6419999999999995,0.09847147639752006,-5.240000000000002
128782,2,Flex,>>,-207,-10.02,3861.0,119.31843403184354,138.06498199497383,0.4020000000000003,0.00701622359301721,-5.239999999999999
128884,2,Flex,>>,-267,-15.3,3864.0,121.72536960791612,137.87180529649427,-4.837999999999999,-0.08443902921148565,-5.239999999999999
128987,2,Flex,>>,-327,-20.48,3868.0,123.31942543800328,137.79498634002098,-10.076,-0.17585937543094865,-5.238000000000001
129090,2,Flex,>>,-387,-25.85,3871.0,123.55339235386482,138.98611304989134,-15.298000000000002,-0.26700046897009255,-5.222000000000001
129192,2,Flex,>>,-447,-31.03,3874.0,125.09555560015885,138.1437243051233,-20.536,-0.35842081518955554,-5.2379999999999995
129294,2,Flex,>>,-507,-36.31,3877.0,125.4256931625311,138.57048479288898,-25.794,-0.4501902272594174,-5.257999999999999
129397,2,Flex,>>,-567,-41.49,3880.0,126.03902813497396,138.26526848278195,-31.032000000000004,-0.5416105734788804,-5.238000000000003
129500,2,Flex,>>,-627,-46.68,3883.0,126.36450976877391,138.7018318896196,-36.272,-0.6330658262833831,-5.239999999999995
129603,2,Flex,>>,-687,-51.96,3886.0,126.71787775221075,138.82241020273605,-41.494,-0.724206919822527,-5.222000000000001
129705,2,Flex,>>,-747,-57.14,3889.0,127.63720596093373,138.80051129556924,-46.715999999999994,-0.8153480133616708,-5.221999999999994
129808,2,Flex,>>,-807,-62.24,3892.0,127.32758840022046,139.44284557269145,-51.902,-0.905860788370097,-5.186000000000007
129910,2,Flex,>>,-867,-67.43,3895.0,127.65713309101912,139.33572898880558,-57.089999999999996,-0.9964084699635627,-5.187999999999995
130014,2,Flex,>>,-927,-72.88,3898.0,128.11200112263512,139.42759208627365,-62.33,-1.0878637227680656,-5.240000000000002
130117,2,Flex,>>,-987,-78.15,3901.0,128.43973952971896,140.0586151092947,-67.568,-1.1792840689875286,-5.2379999999999995
130219,2,Flex,>>,-1047,-83.34,3905.0,129.82555402750162,139.9439480857934,-72.80799999999999,-1.2707393217920313,-5.239999999999995
130322,2,Flex,>>,-1107,-88.62,3908.0,130.40233805217585,139.49197918430082,-78.08399999999999,-1.3628228931272521,-5.275999999999996
130424,2,Flex,>>,-1167,-93.8,3911.0,130.22435416540736,139.93416434056007,-83.358,-1.4548715578774334,-5.274000000000015
130527,2,Flex,>>,-1227,-99.25,3914.0,130.93621642065,139.8486081823419,-88.63199999999999,-1.546920222627614,-5.273999999999987
130629,2,Flex,>>,-1287,-104.35,3917.0,131.70922724434442,140.62174286388458,-93.872,-1.638375475432117,-5.240000000000009
130732,2,Flex,>>,-1347,-109.71,3920.0,132.2215057062842,140.6303653066304,-99.14599999999999,-1.7304241401822977,-5.273999999999987
130834,2,Flex,>>,-1407,-114.99,3923.0,132.68341142665307,140.56977541016315,-104.42,-1.822472804932479,-5.274000000000015
130937,2,Flex,>>,-1467,-120.35,3926.0,132.7271531420501,140.64519520629577,-109.72999999999999,-1.9151497882133777,-5.309999999999988
131040,2,Flex,>>,-1527,-125.54,3929.0,132.94092683130407,141.46041890923178,-114.98800000000001,-2.00691920028324,-5.258000000000024
131143,2,Flex,>>,-1587,-130.73,3932.0,134.28169316567207,141.63688817977604,-120.26399999999998,-2.0990027716184603,-5.275999999999968
131246,2,Flex,>>,-1647,-135.82,3935.0,135.26026456717474,142.31489350070635,-125.48599999999999,-2.190143865157604,-5.222000000000008
131349,2,Flex,>>,-1707,-141.19,3938.0,135.6417352605405,142.96639875249173,-130.726,-2.281599117962107,-5.240000000000009
131451,2,Flex,>>,-1767,-146.2,3941.0,136.6615023177163,142.5608431537579,-135.896,-2.3718326402902137,-5.1699999999999875
131553,2,Flex,>>,-1827,-151.3,3945.0,137.22248481140358,143.16533883253487,-141.048,-2.461752003352962,-5.152000000000015
131656,2,Flex,>>,-1887,-156.48,3948.0,137.1285225312967,143.40822280355135,-146.198,-2.5516364598306702,-5.150000000000006
131758,2,Flex,>>,-1947,-161.49,3951.0,137.69704859629064,143.49916431912504,-151.33200000000002,-2.641241663628059,-5.1340000000000146
131861,2,Flex,>>,-2007,-166.68,3954.0,137.8928936427541,143.69222346684694,-156.43,-2.73021854889473,-5.097999999999985
131963,2,Flex,>>,-2067,-171.78,3957.0,138.4069856813634,142.96803287941773,-161.546,-2.8195095934267593,-5.1159999999999854
132067,2,Flex,>>,-2127,-176.7,3960.0,138.04901806515954,143.8880685133104,-166.626,-2.9081723194280715,-5.0800000000000125
132170,2,Flex,>>,-2187,-181.8,3963.0,137.44264384661847,144.15313254282384,-171.69,-2.9965557927490645,-5.063999999999993
132272,2,Flex,>>,-2247,-186.81,3966.0,138.44984720259677,143.7417778288698,-176.75400000000002,-3.0849392660700574,-5.064000000000021
132375,2,Flex,>>,-2307,-191.65,3969.0,138.69641304291454,143.67077937758475,-181.748,-3.172101008914654,-4.993999999999971
132477,2,Flex,>>,-2367,-196.48,3972.0,138.8000309645862,143.8118215342126,-186.68800000000002,-3.2583202739631743,-4.940000000000026
132580,2,Flex,<<,-2367,-201.32,3975.0,138.25174226039968,143.9398827710669,-191.612,-3.344260286331375,-4.923999999999978
132683,2,Flex,<<,-2307,-202.9,3978.0,138.9538612738153,143.9398827710669,-195.83200000000002,-3.417913180765536,-4.220000000000027
132786,2,Flex,<<,-2247,-202.64,3982.0,138.8000309645862,143.8118215342126,-198.998,-3.4731703048836757,-3.1659999999999684
132888,2,Flex,<<,-2187,-198.51,3985.0,138.8484736927647,143.9398827710669,-200.36999999999998,-3.4971162222210377,-1.3719999999999857
