Time(ms),MotorID,Phase,Direction,Position,Angle(deg),SensorA0,SensorA1,SensorA2,∠ABD_smooth,angle_smooth,dmotor,L_cm,cycle,L_rel_cm
12692,1,Flex,>>,2838,254.33,410,338,546,48.3626468141229,255.6766666666667,-0.6733333333333178,4.46239965385737,0,0.0
12802,1,Flex,>>,2799,251.16,410,339,546,48.84624893361635,254.5475,-1.1291666666666913,4.4426919777202665,0,-0.019707676137103114
12912,1,Flex,>>,2760,247.82,409,339,546,48.956164206868834,253.202,-1.3455000000000155,4.419208572634682,0,-0.043191081222687444
13021,1,Flex,>>,2721,244.66,410,338,544,49.20352313978373,250.86399999999998,-2.3380000000000223,4.378402774723054,0,-0.08399687913431553
13131,1,Flex,>>,2682,241.32,408,337,544,49.35292047844813,247.858,-3.005999999999972,4.325938177408106,0,-0.13646147644926376
13241,1,Flex,>>,2643,237.89,411,333,546,49.60359683628484,244.57,-3.288000000000011,4.268551751602532,0,-0.19384790225483783
13351,1,Flex,>>,2604,234.55,410,332,544,50.19221571922223,241.248,-3.3220000000000027,4.21057191385128,0,-0.25182774000608976
13460,1,Flex,>>,2565,231.21,413,336,545,50.64943516255586,237.92600000000002,-3.3219999999999743,4.152592076100029,0,-0.3098075777573408
13570,1,Flex,>>,2526,227.96,416,338,545,51.19696637121021,234.586,-3.3400000000000034,4.094298079083418,0,-0.36810157477395133
13680,1,Flex,>>,2487,224.7,414,337,544,52.13424721061971,231.262,-3.3240000000000123,4.036283334747126,0,-0.4261163191102435
13791,1,Flex,>>,2448,221.45,413,337,544,53.58908108021003,227.97400000000002,-3.2879999999999825,3.9788969089415533,0,-0.48350274491581624
13901,1,Flex,>>,2409,218.02,415,337,544,54.4157866774611,224.66799999999998,-3.30600000000004,3.92119632387062,0,-0.5412033299867498
14011,1,Flex,>>,2370,214.68,419,339,546,54.91120783240963,221.362,-3.305999999999983,3.8634957387996876,0,-0.598903915057682
14121,1,Flex,>>,2331,211.34,419,337,544,55.77121994106692,218.038,-3.323999999999984,3.8054809944633963,0,-0.6569186593939733
14230,1,Flex,>>,2292,207.82,425,338,544,56.51705058892817,214.66199999999998,-3.376000000000033,3.746558678916067,0,-0.7158409749413024
14340,1,Flex,>>,2253,204.57,425,340,543,57.1301151469801,211.286,-3.3759999999999764,3.687636363368739,0,-0.7747632904886306
14450,1,Flex,>>,2214,201.14,453,335,543,57.56647997730048,207.91,-3.3760000000000048,3.6287140478214104,0,-0.8336856060359592
14560,1,Flex,>>,2175,197.63,459,340,547,58.02254061213688,204.5,-3.4099999999999966,3.569198320328404,0,-0.8932013335289657
14669,1,Flex,>>,2136,194.29,456,339,548,58.21410783077902,201.08999999999997,-3.410000000000025,3.509682592835397,0,-0.9527170610219726
14780,1,Flex,>>,2097,190.86,454,340,551,58.227875210925696,197.698,-3.3919999999999675,3.45048102460775,0,-1.0119186292496196
14890,1,Flex,>>,2058,187.52,452,341,554,57.8039012186524,194.28799999999998,-3.410000000000025,3.3909652971147426,0,-1.071434356742627
15000,1,Flex,>>,2019,184.09,454,344,554,57.47975917650713,190.878,-3.4099999999999966,3.331449569621736,0,-1.1309500842356335
15111,1,Flex,>>,1980,180.75,468,345,556,57.27076010716112,187.502,-3.3759999999999764,3.272527254074408,0,-1.1898723997829617
15221,1,Flex,>>,1941,177.23,497,347,555,56.69252068628796,184.09,-3.412000000000006,3.212976619996361,0,-1.2494230338610084
15330,1,Flex,>>,1902,173.63,501,351,562,56.02815666070028,180.644,-3.445999999999998,3.1528325739726366,0,-1.309567079884733
15440,1,Flex,>>,1863,170.2,501,358,572,55.48861118235208,177.18,-3.4639999999999986,3.0923743686835534,0,-1.3700252851738162
15551,1,Flex,>>,1824,166.95,495,363,579,54.716413813612725,173.752,-3.4279999999999973,3.0325444819251874,0,-1.4298551719321821
15661,1,Flex,>>,1785,163.52,508,372,589,53.54710916697732,170.30599999999998,-3.4460000000000264,2.9724004359014624,0,-1.4899992179559072
15770,1,Flex,>>,1746,159.91,551,376,598,52.52153888259933,166.84199999999998,-3.4639999999999986,2.9119422306123792,0,-1.5504574232449904
15880,1,Flex,>>,1707,156.4,567,383,607,51.79463415325896,163.39600000000002,-3.4459999999999695,2.851798184588655,0,-1.6106014692687145
15990,1,Flex,>>,1668,152.79,576,391,618,50.54323121692914,159.91400000000002,-3.4819999999999993,2.7910258200342124,0,-1.6713738338231572
16100,1,Flex,>>,1629,149.45,580,397,623,49.782400311293145,156.414,-3.5000000000000284,2.7299392962144102,0,-1.7324603576429594
16210,1,Flex,>>,1590,146.11,577,401,624,49.02444748370174,152.932,-3.4819999999999993,2.669166931659968,0,-1.7932327221974016
16320,1,Flex,>>,1551,142.86,579,408,640,48.27824059729808,149.522,-3.4099999999999966,2.609651204166961,0,-1.8527484496904085
16429,1,Flex,>>,1512,139.52,581,413,643,47.36044537979408,146.14600000000002,-3.3759999999999764,2.5507288886196333,0,-1.9116707652377363
16540,1,Flex,>>,1473,136.26,583,429,660,46.26851180842557,142.84,-3.3060000000000116,2.4930283035487,0,-1.9693713503086694
16650,1,Flex,>>,1434,133.19,585,446,677,45.48568337601161,139.58800000000002,-3.251999999999981,2.436270196273845,0,-2.0261294575835245
16760,1,Flex,>>,1395,129.85,583,455,686,44.57474572736525,136.336,-3.2520000000000095,2.379512088998989,0,-2.0828875648583804
16869,1,Flex,>>,1356,126.42,582,457,691,43.546457154706914,133.048,-3.288000000000011,2.3221256631934155,0,-2.140273990663954
16979,1,Flex,>>,1317,123.08,585,466,697,42.13548111234296,129.76000000000002,-3.2879999999999825,2.2647392373878423,0,-2.1976604164695273
17089,1,Flex,>>,1278,119.74,587,473,700,40.37456688527924,126.45599999999999,-3.3040000000000305,2.207073558901949,0,-2.2553260949554206
17199,1,Flex,>>,1239,116.66,584,479,710,39.23380438927042,123.15,-3.305999999999983,2.1493729738310168,0,-2.313026680026353
17309,1,Flex,>>,1200,113.58,583,481,712,38.11467186865001,119.896,-3.254000000000005,2.0925799599711215,0,-2.369819693886248
17419,1,Flex,>>,1161,110.42,585,487,714,37.27956651345298,116.696,-3.200000000000003,2.036729423907303,0,-2.4256702299500668
17529,1,Flex,>>,1122,106.99,590,490,719,36.82282588350839,113.478,-3.2180000000000035,1.9805647285781252,0,-2.4818349252792444
17640,1,Flex,>>,1083,103.56,584,491,720,36.44226195201971,110.242,-3.23599999999999,1.9240858739835889,0,-2.5383137798737807
17750,1,Flex,>>,1044,100.31,589,515,724,36.14806548837917,106.97200000000001,-3.269999999999996,1.8670136074433743,0,-2.5953860464139953
17861,1,Flex,>>,1005,97.05,578,511,723,35.70365596706436,103.66600000000001,-3.3059999999999974,1.8093130223724418,0,-2.6530866314849275
17971,1,Flex,>>,966,93.98,581,512,726,35.165527059224054,100.378,-3.288000000000011,1.7519265965668682,0,-2.7104730572905016
18081,1,Flex,>>,927,90.9,583,519,729,34.7249599117628,97.16,-3.2180000000000035,1.6957619012376905,0,-2.766637752619679
18191,1,Flex,>>,888,87.65,580,517,727,34.53688369938348,93.97800000000001,-3.181999999999988,1.6402255244392312,0,-2.8221741294181384
18301,1,Flex,>>,849,84.31,585,520,732,34.30292497940272,90.778,-3.200000000000003,1.5843749883754126,0,-2.878024665481957
18410,1,Flex,>>,810,80.88,592,521,731,33.95403643712918,87.54400000000001,-3.2339999999999947,1.527931040365916,0,-2.9344686134914535
18522,1,Flex,>>,771,77.54,598,525,736,33.62535492900776,84.256,-3.288000000000011,1.4705446145603422,0,-2.991855039297027
18633,1,Flex,>>,732,74.46,600,529,741,33.42659912461699,80.96799999999999,-3.288000000000011,1.4131581887547686,0,-3.049241465102601
18743,1,Flex,>>,693,71.38,604,531,742,33.29186294482378,77.714,-3.2539999999999907,1.3563651748948733,0,-3.1060344789624965
18854,1,Flex,>>,654,68.31,606,537,740,32.83539736952759,74.514,-3.200000000000003,1.3005146388310547,0,-3.161885015026315
18964,1,Flex,>>,615,65.23,604,532,740,32.714989902188805,71.384,-3.1299999999999955,1.2458858332436322,0,-3.2165138206137374
19074,1,Flex,>>,576,62.24,606,542,746,32.96368163679294,68.324,-3.0600000000000023,1.1924787581326057,0,-3.2699208957247636
19184,1,Flex,<<,576,59.43,611,546,747,32.69996465208752,65.31800000000001,-3.005999999999986,1.1400141608176564,0,-3.322385493039713
19294,1,Flex,<<,615,58.9,613,547,754,32.58688761539758,62.822,-2.4960000000000093,1.0964507426878778,0,-3.365948911169492
19405,1,Flex,<<,654,58.9,627,559,772,32.66049588696017,60.94,-1.882000000000005,1.0636036461653444,0,-3.398796007692025
19515,1,Flex,<<,693,58.99,626,558,771,32.459809390624045,59.69199999999999,-1.2480000000000047,1.0418219371004551,0,-3.4205777167569145
19625,1,Flex,<<,732,61.1,624,558,769,32.54557981748083,59.464,-0.22799999999999443,1.0378425864059082,0,-3.4245570674514614
43282,1,Flex,>>,2760,247.74,393,355,523,50.05730198266964,253.152,-0.7720000000000482,4.418335908008685,1,0.0
43393,1,Flex,>>,2721,244.4,392,356,527,51.46211035277099,250.762,-2.3899999999999864,4.3766225388860205,1,-0.041713369122664545
43503,1,Flex,>>,2682,241.05,395,356,524,52.14767829463136,247.702,-3.0600000000000023,4.323215463774994,1,-0.09512044423369126
43613,1,Flex,>>,2643,237.71,395,357,524,52.97965996296814,244.39600000000002,-3.305999999999983,4.265514878704062,1,-0.15282102930462305
43723,1,Flex,>>,2604,234.46,398,355,524,54.5452027372211,241.07200000000003,-3.323999999999984,4.207500134367771,1,-0.21083577364091433
43832,1,Flex,>>,2565,231.03,399,357,523,55.60873268107285,237.73000000000002,-3.342000000000013,4.14917123076612,1,-0.2691646772425651
43942,1,Flex,>>,2526,227.78,402,355,523,56.24677042011933,234.406,-3.3240000000000123,4.091156486429829,1,-0.3271794215788564
44051,1,Flex,>>,2487,224.53,403,357,523,57.10548093244428,231.102,-3.304000000000002,4.033490807943935,1,-0.3848451000647497
44162,1,Flex,>>,2448,221.19,405,355,524,57.629486878683096,227.798,-3.304000000000002,3.975825129458043,1,-0.44251077855064214
44272,1,Flex,>>,2409,217.85,408,358,522,57.504957719268376,224.47600000000003,-3.3219999999999743,3.917845291706792,1,-0.5004906163018932
44381,1,Flex,>>,2370,214.42,409,354,521,57.36653220212902,221.154,-3.322000000000031,3.8598654539555395,1,-0.5584704540531455
44491,1,Flex,>>,2331,211.16,413,356,523,57.57314390680021,217.83,-3.323999999999984,3.801850709619248,1,-0.6164851983894368
44601,1,Flex,>>,2292,207.65,421,353,522,57.62224376739323,214.454,-3.3760000000000048,3.7429283940719196,1,-0.6754075139367655
44710,1,Flex,>>,2253,204.31,430,354,523,57.9624880082858,211.07800000000003,-3.3759999999999764,3.6840060785245914,1,-0.7343298294840936
44820,1,Flex,>>,2214,200.97,437,352,521,58.03293598491095,207.702,-3.376000000000033,3.6250837629772623,1,-0.7932521450314227
44930,1,Flex,>>,2175,197.63,440,352,521,57.92128250577085,204.344,-3.358000000000004,3.5664756066952927,1,-0.8518603013133923
45040,1,Flex,>>,2136,194.2,456,351,527,57.85841686510622,200.952,-3.391999999999996,3.5072740384676453,1,-0.9110618695410397
45151,1,Flex,>>,2097,190.51,466,349,528,57.89083106804053,197.52399999999997,-3.4280000000000257,3.447444151709279,1,-0.9708917562994062
45261,1,Flex,>>,2058,187.16,467,348,529,57.84316150598487,194.094,-3.4299999999999784,3.387579358365874,1,-1.030756549642811
45371,1,Flex,>>,2019,183.82,467,349,531,57.51890837028583,190.664,-3.430000000000007,3.327714565022468,1,-1.0906213429862168
45481,1,Flex,>>,1980,180.57,470,350,539,56.66369458074709,187.252,-3.4119999999999777,3.268163930944422,1,-1.150171977064263
45591,1,Flex,>>,1941,177.23,471,357,551,55.556864078012,183.858,-3.3940000000000055,3.2089274561317347,1,-1.2094084518769503
45701,1,Flex,>>,1902,173.89,471,358,559,54.89596879537158,180.53399999999996,-3.3240000000000407,3.150912711795442,1,-1.267423196213243
45810,1,Flex,>>,1863,170.55,473,365,573,54.11403505691668,177.212,-3.3219999999999743,3.092932874044191,1,-1.325403033964494
45920,1,Flex,>>,1824,167.3,473,386,616,53.32303014467245,173.908,-3.304000000000002,3.0352671955582986,1,-1.3830687124503864
46030,1,Flex,>>,1785,163.78,480,396,633,52.83251094192775,170.55,-3.3579999999999757,2.976659039276329,1,-1.441676868732356
46140,1,Flex,>>,1746,160.44,485,412,655,52.21008349779842,167.19199999999998,-3.3580000000000325,2.918050882994359,1,-1.500285025014326
46250,1,Flex,>>,1707,157.1,489,413,653,51.41983791626154,163.834,-3.3579999999999757,2.85944272671239,1,-1.5588931812962952
46359,1,Flex,>>,1668,153.76,503,419,660,49.85347995739628,160.476,-3.358000000000004,2.8008345704304203,1,-1.6175013375782648
46469,1,Flex,>>,1629,150.15,509,428,661,48.66330193367863,157.046,-3.430000000000007,2.7409697770870145,1,-1.6773661309216705
46579,1,Flex,>>,1590,146.73,514,441,673,47.55162974840973,153.636,-3.4099999999999966,2.681454049594008,1,-1.736881858414677
46689,1,Flex,>>,1551,143.21,521,444,685,45.67977710262648,150.19,-3.445999999999998,2.6213100035702834,1,-1.7970259044384016
46799,1,Flex,>>,1512,140.04,519,449,682,44.32861593595294,146.778,-3.412000000000006,2.5617593694922367,1,-1.8565765385164483
46909,1,Flex,>>,1473,136.79,522,454,685,43.27102253378276,143.384,-3.3940000000000055,2.502522894679549,1,-1.915813013329136
47018,1,Flex,>>,1434,133.63,529,460,688,41.95949945914609,140.07999999999998,-3.304000000000002,2.4448572161936566,1,-1.9734786918150284
47128,1,Flex,>>,1395,130.37,533,469,691,41.13006103498623,136.808,-3.2719999999999914,2.387750043068402,1,-2.030585864940283
47238,1,Flex,>>,1356,126.95,547,481,699,40.43230865127224,133.55599999999998,-3.2520000000000095,2.3309919357935467,1,-2.0873439722151383
47348,1,Flex,>>,1317,123.52,553,491,704,39.885795005737,130.252,-3.3039999999999736,2.2733262573076543,1,-2.145009650701031
47458,1,Flex,>>,1278,120.18,562,499,709,39.25321469234193,126.93000000000002,-3.3219999999999885,2.2153464195564028,1,-2.2029894884522823
47567,1,Flex,>>,1239,117.01,573,507,710,38.67178568098396,123.60600000000002,-3.323999999999998,2.1573316752201115,1,-2.2610042327885735
47677,1,Flex,>>,1200,113.93,577,511,717,38.244641669184745,120.31800000000001,-3.288000000000011,2.0999452494145374,1,-2.3183906585941476
47787,1,Flex,>>,1161,110.68,575,511,719,37.44973841024847,117.06400000000001,-3.254000000000005,2.043152235554642,1,-2.375183672454043
47897,1,Flex,>>,1122,107.34,582,516,722,37.02792674325726,113.828,-3.236000000000004,1.9866733809601056,1,-2.431662527048579
48007,1,Flex,>>,1083,104.09,584,518,725,37.01317668978289,110.61000000000001,-3.2179999999999893,1.9305086856309281,1,-2.487827222377757
48116,1,Flex,>>,1044,100.84,591,524,730,36.6235601180846,107.376,-3.234000000000009,1.8740647376214314,1,-2.544271170387254
48226,1,Flex,>>,1005,97.67,590,524,729,36.244044372803245,104.124,-3.2520000000000095,1.8173066303465757,1,-2.6010292776621093
48336,1,Flex,>>,966,94.59,594,527,733,35.78605380559476,100.906,-3.2179999999999893,1.7611419350173982,1,-2.657193972991287
48446,1,Flex,>>,927,91.69,599,531,731,35.352461926668504,97.776,-3.1300000000000097,1.7065131294299756,1,-2.7118227785787097
48555,1,Flex,>>,888,88.35,601,536,739,35.25141552419092,94.628,-3.147999999999996,1.651570164577194,1,-2.766765743431491
48665,1,Flex,>>,849,85.27,600,534,737,34.893269549665334,91.514,-3.1140000000000043,1.5972206116700907,1,-2.8211152963385944
48775,1,Flex,>>,810,81.85,601,540,740,34.44720050394983,88.35,-3.1640000000000015,1.5419983941369901,1,-2.876337513871695
48885,1,Flex,>>,771,78.51,606,541,739,34.18316400076111,85.13399999999999,-3.216000000000008,1.4858686053928523,1,-2.9324673026158328
48994,1,Flex,>>,732,75.6,596,539,740,34.101153341754355,81.916,-3.2179999999999893,1.429703910063675,1,-2.98863199794501
49104,1,Flex,>>,693,72.44,596,542,744,33.91270005855443,78.73400000000001,-3.181999999999988,1.3741675332652157,1,-3.044168374743469
49214,1,Flex,>>,654,69.54,598,543,743,33.77545693436987,75.588,-3.146000000000015,1.3192594749974738,1,-3.099076433011211
49323,1,Flex,>>,615,66.37,595,540,743,33.43662764937341,72.492,-3.0959999999999894,1.2652240813557294,1,-3.153111826652956
49433,1,Flex,>>,576,63.12,593,541,741,33.04725124888203,69.41400000000002,-3.0779999999999887,1.2115028469793443,1,-3.2068330610293407
49543,1,Flex,<<,576,60.13,593,544,749,33.13254337949355,66.32000000000001,-3.0940000000000083,1.1575023599226395,1,-3.2608335480860458
49652,1,Flex,<<,615,59.34,598,552,759,32.93917949874397,63.7,-2.6200000000000045,1.111774733520388,1,-3.306561174488297
49762,1,Flex,<<,654,59.34,609,559,771,32.85236972230597,61.660000000000004,-2.039999999999999,1.0761700167797037,1,-3.3421658912289813
49871,1,Flex,<<,693,59.43,609,560,771,32.99838058837282,60.272000000000006,-1.3879999999999981,1.0519448467620225,1,-3.3663910612466625
49981,1,Flex,<<,732,61.27,608,557,765,32.76025994091699,59.902,-0.37000000000000455,1.0454871285296432,1,-3.3728487794790416
73624,1,Flex,>>,2760,247.74,395,336,495,38.212285621454704,253.152,-0.7720000000000482,4.418335908008685,2,0.0
73737,1,Flex,>>,2721,244.4,391,333,494,38.95596812120296,250.762,-2.3899999999999864,4.3766225388860205,2,-0.041713369122664545
73848,1,Flex,>>,2682,241.05,394,336,495,39.91620550546886,247.702,-3.0600000000000023,4.323215463774994,2,-0.09512044423369126
73959,1,Flex,>>,2643,237.71,394,335,494,40.91822840187268,244.39600000000002,-3.305999999999983,4.265514878704062,2,-0.15282102930462305
74070,1,Flex,>>,2604,234.46,395,334,495,41.60661556843984,241.07200000000003,-3.323999999999984,4.207500134367771,2,-0.21083577364091433
74180,1,Flex,>>,2565,231.12,395,335,494,42.24308635012111,237.748,-3.3240000000000407,4.1494853900314785,2,-0.2688505179772065
74292,1,Flex,>>,2526,227.87,395,335,493,43.690664196507406,234.442,-3.305999999999983,4.091784804960546,2,-0.32655110304813917
74403,1,Flex,>>,2487,224.62,400,333,494,44.92376376727425,231.15600000000003,-3.285999999999973,4.034433285740013,2,-0.3839026222686721
74515,1,Flex,>>,2448,221.36,402,335,495,46.12632197011131,227.88600000000002,-3.2700000000000102,3.9773610191997983,2,-0.4409748888088867
74625,1,Flex,>>,2409,218.02,408,335,493,47.594160193887326,224.598,-3.288000000000011,3.9199745933942247,2,-0.4983613146144603
74736,1,Flex,>>,2370,214.51,409,332,492,48.32042590770336,221.276,-3.3220000000000027,3.861994755642973,2,-0.5563411523657122
74848,1,Flex,>>,2331,211.16,416,333,493,49.462371727316985,217.93400000000003,-3.3419999999999845,3.8036658520413225,2,-0.6146700559673626
74959,1,Flex,>>,2292,207.65,425,334,491,51.46066149394399,214.54000000000002,-3.3940000000000055,3.744429377228635,2,-0.6739065307800503
75070,1,Flex,>>,2253,204.4,432,335,492,52.36964330640271,211.148,-3.3920000000000243,3.685227809000987,2,-0.7331080990076981
75181,1,Flex,>>,2214,201.05,431,331,490,52.65124919223244,207.754,-3.3940000000000055,3.625991334188299,2,-0.7923445738203858
75293,1,Flex,>>,2175,197.8,437,330,494,53.136010043294746,204.412,-3.3419999999999845,3.567662430586649,2,-0.8506734774220361
75404,1,Flex,>>,2136,194.37,442,336,494,53.49742626870067,201.05400000000003,-3.3579999999999757,3.5090542743046798,2,-0.9092816337040053
75514,1,Flex,>>,2097,190.86,445,335,499,53.374286285465686,197.696,-3.3580000000000325,3.4504461180227097,2,-0.9678897899859753
75625,1,Flex,>>,2058,187.43,449,335,500,53.39196416689501,194.302,-3.3940000000000055,3.391209643210022,2,-1.027126264798663
75737,1,Flex,>>,2019,184.09,451,334,499,53.252354450286674,190.91000000000003,-3.3919999999999675,3.332008074982375,2,-1.08632783302631
75849,1,Flex,>>,1980,180.75,455,339,506,52.678557317312425,187.5,-3.410000000000025,3.2724923474893677,2,-1.1458435605193174
75961,1,Flex,>>,1941,177.49,459,338,505,52.37069091795345,184.124,-3.3760000000000048,3.213570031942039,2,-1.204765876066646
76073,1,Flex,>>,1902,174.07,464,338,509,52.26912083176347,180.76600000000002,-3.3579999999999757,3.15496187566007,2,-1.2633740323486151
76185,1,Flex,>>,1863,170.64,464,343,515,51.163643539902736,177.40800000000002,-3.358000000000004,3.0963537193781003,2,-1.3219821886305847
76297,1,Flex,>>,1824,167.3,466,354,525,50.19432683682852,174.05,-3.358000000000004,3.0377455630961308,2,-1.3805903449125543
76409,1,Flex,>>,1785,163.87,469,358,543,49.85943905611806,170.674,-3.3760000000000048,2.978823247548802,2,-1.439512660459883
76520,1,Flex,>>,1746,160.53,469,362,557,49.26086367061632,167.282,-3.391999999999996,2.9196216793211547,2,-1.4987142286875303
76632,1,Flex,>>,1707,157.27,471,369,571,48.34979108342019,163.922,-3.3600000000000136,2.860978616454145,2,-1.5573572915545402
76743,1,Flex,>>,1668,154.02,470,374,581,47.51623657441487,160.598,-3.323999999999984,2.8029638721178536,2,-1.6153720358908314
76855,1,Flex,>>,1629,150.51,478,382,593,46.59264395570916,157.24,-3.358000000000004,2.744355715835884,2,-1.673980192172801
76967,1,Flex,>>,1590,147.08,477,389,613,45.706424218606784,153.882,-3.358000000000004,2.6857475595539144,2,-1.7325883484547706
77078,1,Flex,>>,1551,143.65,478,405,632,44.79415300218412,150.50600000000003,-3.3759999999999764,2.6268252440065862,2,-1.7915106640020988
77189,1,Flex,>>,1512,140.48,486,421,646,43.68048926843736,147.148,-3.3580000000000325,2.5682170877246158,2,-1.8501188202840693
77300,1,Flex,>>,1473,137.32,490,424,650,42.94719083026621,143.808,-3.3400000000000034,2.5099230907080052,2,-1.9084128173006798
77412,1,Flex,>>,1434,134.24,488,428,654,42.17002534183875,140.554,-3.2539999999999907,2.45313007684811,2,-1.9652058311605751
77523,1,Flex,>>,1395,130.99,487,429,659,40.79156692542184,137.33599999999998,-3.2180000000000177,2.3969653815189322,2,-2.021370526489753
77636,1,Flex,>>,1356,127.65,495,435,663,39.76204061737394,134.13600000000002,-3.19999999999996,2.3411148454551145,2,-2.0772210625535705
77747,1,Flex,>>,1317,124.4,495,441,665,38.97509942979267,130.92000000000002,-3.216000000000008,2.2849850567109766,2,-2.1333508512977084
77858,1,Flex,>>,1278,121.23,500,449,673,38.10978434721712,127.70200000000003,-3.2179999999999893,2.2288203613817994,2,-2.1895155466268856
77969,1,Flex,>>,1239,118.24,504,457,683,37.454761227271824,124.502,-3.2000000000000313,2.17296982531798,2,-2.245366082690705
78080,1,Flex,>>,1200,114.99,507,465,686,36.93994068851594,121.30199999999999,-3.200000000000003,2.1171192892541617,2,-2.3012166187545233
78190,1,Flex,>>,1161,112.18,509,472,691,36.55465771768485,118.208,-3.093999999999994,2.063118802197457,2,-2.355217105811228
78302,1,Flex,>>,1122,108.92,510,479,697,36.096165181847226,115.11200000000001,-3.0959999999999894,2.0090834085557128,2,-2.4092524994529723
78413,1,Flex,>>,1083,105.58,516,483,702,35.596091550491266,111.982,-3.1300000000000097,1.95445460296829,2,-2.463881305040395
78524,1,Flex,>>,1044,102.15,531,494,713,35.10322921284892,108.76400000000001,-3.2179999999999893,1.8982899076391129,2,-2.520046000369572
78636,1,Flex,>>,1005,98.64,536,495,715,34.68897827581237,105.494,-3.2700000000000102,1.841217641098898,2,-2.577118266909787
78746,1,Flex,>>,966,95.38,539,500,719,34.31345685554597,102.13399999999999,-3.3600000000000136,1.7825745782318883,2,-2.6357613297767966
78857,1,Flex,>>,927,92.22,536,506,725,33.95887281356929,98.79400000000001,-3.339999999999975,1.7242805812152782,2,-2.694055326793407
78969,1,Flex,>>,888,89.05,548,512,728,33.603886901082184,95.488,-3.3060000000000116,1.6665799961443455,2,-2.7517559118643398
79079,1,Flex,>>,849,85.63,555,525,741,33.28067215112765,92.184,-3.304000000000002,1.6089143176584526,2,-2.809421590350232
79191,1,Flex,>>,810,82.02,566,522,746,32.87108366563022,88.85999999999999,-3.3240000000000123,1.5508995733221609,2,-2.8674363346865244
79302,1,Flex,>>,771,78.59,573,526,746,32.8062062082653,85.502,-3.35799999999999,1.4922914170401915,2,-2.9260444909684935
79414,1,Flex,>>,732,75.43,573,528,748,32.575720718211414,82.144,-3.35799999999999,1.4336832607582222,2,-2.9846526472504626
79525,1,Flex,>>,693,72.35,581,532,751,31.90412259524304,78.804,-3.3400000000000034,1.3753892637416114,2,-3.0429466442670736
79635,1,Flex,>>,654,69.27,586,536,754,31.88140591527899,75.532,-3.2720000000000056,1.318282090616357,2,-3.100053817392328
79748,1,Flex,>>,615,65.85,597,544,761,31.852513560680407,72.298,-3.2339999999999947,1.2618381426068603,2,-3.1564977654018245
79859,1,Flex,>>,576,62.42,589,540,757,31.70371682132155,69.064,-3.234000000000009,1.2053941945973636,2,-3.2129417134113214
79971,1,Flex,<<,576,59.52,594,547,767,31.54667031190429,65.882,-3.181999999999988,1.1498578177989043,2,-3.268478090209781
80082,1,Flex,<<,615,58.99,593,549,769,31.63944545839405,63.21,-2.672000000000004,1.1032226201856157,2,-3.3151132878230696
80194,1,Flex,<<,654,58.99,612,563,784,31.515787596681196,61.15400000000001,-2.0559999999999903,1.0673386507646125,2,-3.3509972572440727
80305,1,Flex,<<,693,58.99,606,560,784,31.3062204629191,59.782,-1.372000000000014,1.04339273342725,2,-3.374943174581435
80416,1,Flex,<<,732,61.19,605,556,778,31.292330942977173,59.536,-0.2459999999999951,1.039099223467344,2,-3.379236684541341
104314,1,Flex,>>,2760,247.74,395,362,544,47.00935253800508,253.15200000000004,-0.7719999999999914,4.418335908008686,3,0.0
104425,1,Flex,>>,2721,244.4,395,363,543,47.73133881830394,250.762,-2.390000000000043,4.3766225388860205,3,-0.041713369122665434
104537,1,Flex,>>,2682,240.97,395,361,545,48.80927305793273,247.686,-3.0759999999999934,4.322936211094675,3,-0.09539969691401051
104649,1,Flex,>>,2643,237.63,399,364,546,49.92047776568327,244.36400000000003,-3.3219999999999743,4.264956373343424,3,-0.15337953466526155
104760,1,Flex,>>,2604,234.37,399,363,548,51.237763838063486,241.02200000000002,-3.342000000000013,4.206627469741774,3,-0.21170843826691232
104872,1,Flex,>>,2565,230.95,400,362,545,52.68904941486193,237.664,-3.3580000000000325,4.148019313459804,3,-0.27031659454888235
104983,1,Flex,>>,2526,227.78,402,361,542,53.83737034025592,234.33999999999997,-3.3240000000000123,4.090004569123511,3,-0.3283313388851745
105094,1,Flex,>>,2487,224.53,405,362,543,55.25751078462892,231.052,-3.2879999999999825,4.032618143317938,3,-0.3857177646907477
105206,1,Flex,>>,2448,221.19,407,362,543,57.09933437898151,227.76399999999998,-3.288000000000011,3.9752317175123646,3,-0.4431041904963213
105317,1,Flex,>>,2409,217.76,411,361,542,58.68585087310804,224.442,-3.3219999999999743,3.917251879761113,3,-0.5010840282475728
105428,1,Flex,>>,2370,214.42,418,361,542,60.13062529135709,221.13599999999997,-3.30600000000004,3.85955129469018,3,-0.5587846133185059
105538,1,Flex,>>,2331,211.08,419,360,541,61.13166988842322,217.796,-3.339999999999975,3.80125729767357,3,-0.617078610335116
105649,1,Flex,>>,2292,207.65,424,363,537,61.906137420077286,214.42,-3.3760000000000048,3.7423349821262413,3,-0.6760009258824446
105760,1,Flex,>>,2253,204.31,432,360,541,62.44828695721388,211.044,-3.3759999999999764,3.683412666578913,3,-0.7349232414297728
105872,1,Flex,>>,2214,200.97,435,360,543,62.93718486023076,207.686,-3.358000000000004,3.6248045102969435,3,-0.7935313977117424
105983,1,Flex,>>,2175,197.63,442,358,540,63.44108453928341,204.328,-3.358000000000004,3.566196354014974,3,-0.852139553993712
106094,1,Flex,>>,2136,194.2,457,362,542,63.779583964064166,200.952,-3.3760000000000048,3.5072740384676453,3,-0.9110618695410406
106205,1,Flex,>>,2097,190.59,455,360,539,63.89368003017975,197.54000000000002,-3.4119999999999777,3.447723404389599,3,-0.9706125036190869
106317,1,Flex,>>,2058,187.25,461,359,542,63.83501885230537,194.12800000000001,-3.412000000000006,3.3881727703115523,3,-1.0301631376971336
106428,1,Flex,>>,2019,184.0,460,359,543,63.21222777895969,190.734,-3.3940000000000055,3.3289362954988646,3,-1.0893996125098213
106539,1,Flex,>>,1980,180.66,469,360,546,62.55583027108867,187.34,-3.3940000000000055,3.269699820686177,3,-1.148636087322509
106650,1,Flex,>>,1941,177.23,486,362,552,61.60156157955158,183.946,-3.3940000000000055,3.2104633458734892,3,-1.2078725621351967
106762,1,Flex,>>,1902,173.63,495,361,557,60.02873167472467,180.554,-3.391999999999996,3.151261777645842,3,-1.267074130362844
106873,1,Flex,>>,1863,170.2,496,364,562,59.054879856587895,177.144,-3.4099999999999966,3.0917460501528353,3,-1.3265898578558506
106984,1,Flex,>>,1824,166.86,523,369,573,58.02950441863421,173.716,-3.4279999999999973,3.03191616339447,3,-1.3864197446142161
107096,1,Flex,>>,1785,163.16,527,375,585,57.02900511584707,170.21599999999998,-3.5000000000000284,2.9708296395746676,3,-1.4475062684340183
107207,1,Flex,>>,1746,159.74,527,383,593,55.77497720654694,166.718,-3.4979999999999905,2.909778022339906,3,-1.5085578856687798
107317,1,Flex,>>,1707,156.66,524,391,608,54.60723348506136,163.324,-3.393999999999977,2.850541547527219,3,-1.567794360481467
107429,1,Flex,>>,1668,153.23,525,399,618,53.34911690542605,159.93,-3.3940000000000055,2.791305072714531,3,-1.6270308352941547
107539,1,Flex,>>,1629,149.89,536,405,629,52.93604465011258,156.536,-3.3940000000000055,2.7320685979018435,3,-1.6862673101068424
107651,1,Flex,>>,1590,146.37,545,418,641,52.16240748682564,153.178,-3.358000000000004,2.673460441619874,3,-1.744875466388812
107760,1,Flex,>>,1551,142.95,547,422,649,51.44954872657532,149.82,-3.358000000000004,2.6148522853379044,3,-1.8034836226707815
107872,1,Flex,>>,1512,139.6,547,425,657,51.04706718235417,146.408,-3.412000000000006,2.5553016512598576,3,-1.8630342567488283
107983,1,Flex,>>,1473,136.35,558,429,661,50.409658166818645,143.03199999999998,-3.3760000000000048,2.496379335712529,3,-1.921956572296157
108095,1,Flex,>>,1434,133.01,555,436,666,49.3757841896055,139.656,-3.3759999999999764,2.437457020165201,3,-1.980878887843485
108207,1,Flex,>>,1395,129.67,557,439,673,48.73447126997603,136.31599999999997,-3.340000000000032,2.37916302314859,3,-2.039172884860096
108318,1,Flex,>>,1356,126.33,558,447,678,47.54693365004894,132.992,-3.323999999999984,2.3211482788122986,3,-2.0971876291963873
108430,1,Flex,>>,1317,122.99,562,451,684,46.66094045351032,129.67,-3.3220000000000027,2.263168441061047,3,-2.155167466947639
108542,1,Flex,>>,1278,119.65,563,452,688,45.79024229717653,126.33,-3.339999999999989,2.2048744440444366,3,-2.2134614639642494
108654,1,Flex,>>,1239,116.57,571,460,690,44.679644123548464,123.042,-3.2879999999999967,2.147488018238863,3,-2.270847889769823
108766,1,Flex,>>,1200,113.41,579,466,697,44.21147084681549,119.79,-3.2519999999999953,2.0907299109640074,3,-2.3276059970446785
108877,1,Flex,>>,1161,110.07,583,470,703,43.54260302703288,116.53800000000001,-3.2519999999999953,2.033971803689152,3,-2.384364104319534
108989,1,Flex,>>,1122,106.64,585,475,708,42.66745821870068,113.268,-3.2700000000000102,1.9768995371489373,3,-2.4414363708597486
109100,1,Flex,>>,1083,103.38,587,484,717,42.49686979511695,110.01400000000001,-3.2539999999999907,1.920106523289042,3,-2.498229384719644
109211,1,Flex,>>,1044,100.13,585,488,720,42.16531454803396,106.726,-3.288000000000011,1.8627200974834681,3,-2.555615810525218
109323,1,Flex,>>,1005,96.88,588,493,717,41.57624899044564,103.42,-3.3059999999999974,1.8050195124125357,3,-2.6133163955961503
109434,1,Flex,>>,966,93.71,593,499,726,41.26107485189838,100.148,-3.2720000000000056,1.747912339287281,3,-2.6704235687214046
109546,1,Flex,>>,927,90.73,601,508,733,40.97884632940186,96.966,-3.182000000000002,1.6923759624888215,3,-2.7259599455198646
109656,1,Flex,>>,888,87.38,609,513,738,40.90602430385484,93.76599999999999,-3.200000000000003,1.6365254264250029,3,-2.7818104815836833
109767,1,Flex,>>,849,84.04,615,518,742,40.70885183722368,90.548,-3.2179999999999893,1.5803607310958256,3,-2.8379751769128605
109878,1,Flex,>>,810,80.62,620,523,744,40.29024324017404,87.296,-3.2519999999999953,1.5236026238209701,3,-2.8947332841877156
109989,1,Flex,>>,771,77.45,619,527,749,39.79798201722758,84.044,-3.2520000000000095,1.4668445165461144,3,-2.9514913914625716
110100,1,Flex,>>,732,74.37,621,534,756,39.5406236612457,80.772,-3.2719999999999914,1.40973734342086,3,-3.008598564587826
110211,1,Flex,>>,693,71.38,620,539,762,39.25300759708003,77.572,-3.200000000000003,1.3538868073570414,3,-3.0644491006516446
110322,1,Flex,>>,654,68.57,621,541,753,38.67925867495982,74.478,-3.0940000000000083,1.2998863203003366,3,-3.1184495877083496
110434,1,Flex,>>,615,65.67,617,538,760,38.50823295034767,71.488,-2.989999999999995,1.2477009756657063,3,-3.1706349323429794
110546,1,Flex,>>,576,62.51,614,537,756,38.291780521668215,68.5,-2.9879999999999995,1.1955505376161157,3,-3.22278537039257
110657,1,Flex,<<,576,59.78,614,541,758,37.96180155691111,65.58200000000001,-2.917999999999992,1.1446218300429214,3,-3.2737140779657645
110767,1,Flex,<<,615,59.08,621,550,765,37.87738297345995,63.122,-2.460000000000008,1.1016867304438607,3,-3.316649177564825
110877,1,Flex,<<,654,59.08,634,558,781,37.92161424725397,61.224000000000004,-1.8979999999999961,1.0685603812410085,3,-3.3497755267676776
110987,1,Flex,<<,693,59.08,633,556,781,37.65500776882224,59.90599999999999,-1.318000000000012,1.045556941699723,3,-3.372778966308963
111098,1,Flex,<<,732,61.19,630,556,777,37.64319542302045,59.641999999999996,-0.2639999999999958,1.040949272474458,3,-3.377386635534228
135200,1,Flex,>>,2760,247.74,388,349,533,48.69895701631928,253.152,-0.7720000000000482,4.418335908008685,4,0.0
135314,1,Flex,>>,2721,244.48,388,349,531,49.40074062953079,250.77800000000002,-2.373999999999967,4.37690179156634,4,-0.04143411644234529
135428,1,Flex,>>,2682,241.14,389,347,531,51.0063413868365,247.73600000000002,-3.0420000000000016,4.3238088757206725,4,-0.09452703228801251
135539,1,Flex,>>,2643,237.8,392,350,532,52.379291638048535,244.448,-3.288000000000011,4.2664224499150984,4,-0.15191345809358658
135652,1,Flex,>>,2604,234.46,396,348,533,53.61855882780895,241.12399999999997,-3.3240000000000407,4.208407705578806,4,-0.20992820242987875
135764,1,Flex,>>,2565,231.03,401,349,532,54.28590893207904,237.78199999999998,-3.3419999999999845,4.150078801977156,4,-0.26825710603152864
135875,1,Flex,>>,2526,227.78,411,348,530,54.99102725147594,234.442,-3.339999999999975,4.091784804960546,4,-0.32655110304813917
135989,1,Flex,>>,2487,224.44,417,348,529,55.71521551893942,231.102,-3.3400000000000034,4.033490807943935,4,-0.3848451000647497
136102,1,Flex,>>,2448,221.1,422,348,530,56.32791904848075,227.762,-3.3400000000000034,3.975196810927325,4,-0.44313909708136023
136216,1,Flex,>>,2409,217.67,427,346,531,56.940786810177855,224.404,-3.358000000000004,3.916588654645355,4,-0.5017472533633298
136330,1,Flex,>>,2370,214.24,436,349,531,57.64494314978749,221.046,-3.358000000000004,3.8579804983633856,4,-0.5603554096452994
136444,1,Flex,>>,2331,210.81,441,347,530,58.11069450619193,217.652,-3.3940000000000055,3.798744023550698,4,-0.6195918844579871
136558,1,Flex,>>,2292,207.47,441,348,531,58.75162352884043,214.25799999999998,-3.3940000000000055,3.7395075487380103,4,-0.6788283592706748
136672,1,Flex,>>,2253,204.13,453,349,534,59.20588909997316,210.86400000000003,-3.3939999999999486,3.6802710739253235,4,-0.7380648340833615
136785,1,Flex,>>,2214,200.79,457,348,534,59.35634553017958,207.488,-3.376000000000033,3.6213487583779944,4,-0.7969871496306906
136897,1,Flex,>>,2175,197.36,484,349,533,59.58063990277335,204.112,-3.3760000000000048,3.562426442830666,4,-0.8559094651780192
137009,1,Flex,>>,2136,193.76,488,348,536,59.86734916008694,200.702,-3.4099999999999966,3.5029107153376593,4,-0.9154251926710257
137120,1,Flex,>>,2097,190.24,495,351,538,59.882452789786505,197.256,-3.445999999999998,3.4427666693139347,4,-0.9755692386947503
137233,1,Flex,>>,2058,186.81,498,353,540,59.803491018818505,193.792,-3.4639999999999986,3.382308464024851,4,-1.036027443983834
137347,1,Flex,>>,2019,183.47,506,360,546,59.79567333756319,190.32800000000003,-3.46399999999997,3.321850258735768,4,-1.0964856492729171
137460,1,Flex,>>,1980,180.13,516,363,550,59.01679146663119,186.882,-3.4460000000000264,3.261706212712043,4,-1.1566296952966422
137574,1,Flex,>>,1941,176.79,522,370,554,58.60154924493576,183.488,-3.3940000000000055,3.202469737899355,4,-1.2158661701093298
137686,1,Flex,>>,1902,173.36,533,368,558,58.296716239868594,180.11200000000002,-3.3759999999999764,3.1435474223520274,4,-1.2747884856566576
137798,1,Flex,>>,1863,169.85,536,374,565,57.6098546822948,176.71999999999997,-3.3920000000000528,3.0843458541243787,4,-1.3339900538843064
137911,1,Flex,>>,1824,166.59,549,380,575,56.6440941255365,173.344,-3.3759999999999764,3.0254235385770505,4,-1.3929123694316345
138024,1,Flex,>>,1785,162.99,554,390,585,55.76447682432601,169.916,-3.4279999999999973,2.965593651818685,4,-1.45274225619
138138,1,Flex,>>,1746,159.56,553,392,590,55.51194730709983,166.47,-3.445999999999998,2.9054496057949604,4,-1.5128863022137247
138249,1,Flex,>>,1707,156.4,552,400,603,54.54034644023008,163.078,-3.391999999999996,2.846248037567313,4,-1.572087870441372
138361,1,Flex,>>,1668,152.97,554,403,614,52.87761344637083,159.702,-3.3760000000000048,2.7873257220199843,4,-1.6310101859887007
138475,1,Flex,>>,1629,149.54,563,406,618,52.22104246492471,156.292,-3.4099999999999966,2.7278099945269774,4,-1.6905259134817077
138589,1,Flex,>>,1590,146.02,577,413,630,51.03792674101376,152.898,-3.3940000000000055,2.66857351971429,4,-1.749762388294395
138702,1,Flex,>>,1551,142.68,572,417,644,49.84615995057433,149.522,-3.3760000000000048,2.609651204166961,4,-1.808684703841724
138815,1,Flex,>>,1512,139.43,573,425,656,48.60110773352223,146.128,-3.3940000000000055,2.550414729354274,4,-1.8679211786544112
138925,1,Flex,>>,1473,136.09,570,432,664,47.55845468732146,142.752,-3.3759999999999764,2.4914924138069456,4,-1.9268434942017394
139039,1,Flex,>>,1434,132.92,570,442,675,46.83627172365532,139.428,-3.3240000000000123,2.433477669470654,4,-1.9848582385380311
139153,1,Flex,>>,1395,129.49,570,453,683,45.85283543594308,136.122,-3.305999999999983,2.3757770843997217,4,-2.0425588236089633
139267,1,Flex,>>,1356,126.15,569,453,687,44.96352336002766,132.81599999999997,-3.30600000000004,2.318076499328788,4,-2.100259408679897
139379,1,Flex,>>,1317,122.9,572,442,687,43.93540726748576,129.51000000000002,-3.3059999999999548,2.2603759142578563,4,-2.1579599937508287
139492,1,Flex,>>,1278,119.47,579,436,684,42.74139450902508,126.186,-3.3240000000000123,2.2023611699215646,4,-2.2159747380871204
139604,1,Flex,>>,1239,116.31,580,433,682,42.27897749103192,122.864,-3.3220000000000027,2.144381332170313,4,-2.273954575838372
139717,1,Flex,>>,1200,113.14,586,446,686,41.713518190860846,119.59400000000001,-3.269999999999996,2.0873090656300985,4,-2.3310268423785865
139832,1,Flex,>>,1161,109.8,583,463,702,40.57714639361176,116.324,-3.2700000000000102,2.030236799089884,4,-2.388099108918801
139944,1,Flex,>>,1122,106.46,582,473,713,39.89775610877258,113.03600000000002,-3.2879999999999825,1.9728503732843106,4,-2.4454855347243747
140056,1,Flex,>>,1083,103.3,587,490,723,39.41041783333591,109.80199999999999,-3.234000000000023,1.9164064252748136,4,-2.501929482733871
140170,1,Flex,>>,1044,99.96,591,492,731,38.89087659799024,106.532,-3.269999999999996,1.859334158734599,4,-2.5590017492740857
140283,1,Flex,>>,1005,96.7,599,499,737,38.17691065919357,103.244,-3.2879999999999967,1.8019477329290257,4,-2.6163881750796594
140394,1,Flex,>>,966,93.54,608,508,746,37.72124955429151,99.99199999999999,-3.2520000000000095,1.74518962565417,4,-2.673146282354515
140505,1,Flex,>>,927,90.46,608,510,745,37.43163521571905,96.792,-3.1999999999999886,1.6893390895903515,4,-2.7289968184183335
140618,1,Flex,>>,888,87.12,609,511,741,36.84395664724795,93.556,-3.236000000000004,1.632860234995815,4,-2.7854756730128702
140732,1,Flex,>>,849,83.78,612,514,740,36.89797358250527,90.32000000000001,-3.23599999999999,1.5763813804012785,4,-2.8419545276074065
140845,1,Flex,>>,810,80.44,617,519,740,36.73348305741333,87.068,-3.2520000000000095,1.5196232731264228,4,-2.898712634882262
140957,1,Flex,>>,771,77.19,614,520,742,36.49167256590189,83.798,-3.269999999999996,1.4625510065862084,4,-2.9557849014224766
141070,1,Flex,>>,732,74.2,615,522,741,36.43283722370786,80.54599999999999,-3.2520000000000095,1.4057928993113527,4,-3.0125430086973326
141184,1,Flex,>>,693,71.21,611,525,745,36.118129012129685,77.364,-3.181999999999988,1.350256522512893,4,-3.0680793854957917
141297,1,Flex,>>,654,68.22,609,523,738,35.97692801298581,74.252,-3.112000000000009,1.2959418761908295,4,-3.122394031817856
141411,1,Flex,>>,615,65.14,605,525,741,35.958602518126604,71.192,-3.0600000000000023,1.242534801079803,4,-3.175801106928882
141524,1,Flex,>>,576,62.15,603,524,737,35.69160572904297,68.184,-3.0079999999999956,1.1900352971798136,4,-3.2283006108288714
141638,1,Flex,<<,576,59.34,603,523,739,35.47102034892214,65.212,-2.971999999999994,1.1381641118105423,4,-3.2801717961981427
141753,1,Flex,<<,615,58.9,607,529,748,35.252768187513595,62.75,-2.4620000000000033,1.0951941056264418,4,-3.323141802382243
141867,1,Flex,<<,654,58.9,621,542,763,35.37839540797283,60.886,-1.8639999999999972,1.0626611683692675,4,-3.3556747396394178
141980,1,Flex,<<,693,58.9,626,543,762,35.349666686588165,59.638,-1.2480000000000047,1.0408794593043782,4,-3.377456448704307
142093,1,Flex,<<,732,61.1,620,539,758,35.13805207879417,59.428,-0.21000000000000085,1.03721426787519,4,-3.381121640133495
166095,1,Flex,>>,2760,247.74,409,356,520,44.624476143467405,253.15200000000004,-0.7719999999999914,4.418335908008686,5,0.0
166206,1,Flex,>>,2721,244.4,411,356,519,45.4448973945451,250.762,-2.390000000000043,4.3766225388860205,5,-0.041713369122665434
166317,1,Flex,>>,2682,241.05,410,358,520,46.146329825370856,247.70200000000006,-3.0599999999999454,4.3232154637749955,5,-0.09512044423369037
166428,1,Flex,>>,2643,237.63,410,355,517,46.94878366845957,244.38000000000002,-3.322000000000031,4.265235626023743,5,-0.1531002819849432
166539,1,Flex,>>,2604,234.37,413,356,517,47.587404423811705,241.038,-3.342000000000013,4.206906722422092,5,-0.21142918558659396
166650,1,Flex,>>,2565,230.95,415,358,518,48.585734725472285,237.68,-3.358000000000004,4.148298566140123,5,-0.2700373418685631
166761,1,Flex,>>,2526,227.78,418,355,518,50.76981752920574,234.356,-3.3240000000000123,4.090283821803831,5,-0.32805208620485526
166872,1,Flex,>>,2487,224.44,418,356,518,52.31759673256538,231.03400000000002,-3.3219999999999743,4.03230398405258,5,-0.3860319239561063
166983,1,Flex,>>,2448,221.1,421,356,517,53.67618515790343,227.72799999999998,-3.30600000000004,3.9746033989816465,5,-0.4437325090270394
167094,1,Flex,>>,2409,217.76,422,354,518,55.28556327029321,224.406,-3.3219999999999743,3.9166235612303955,5,-0.5017123467782905
167205,1,Flex,>>,2370,214.33,425,357,517,56.02221051525552,221.08199999999997,-3.3240000000000407,3.858608816894103,5,-0.5597270911145831
167317,1,Flex,>>,2331,210.99,425,355,518,56.37866567805398,217.724,-3.3579999999999757,3.8000006606121337,5,-0.6183352473965522
167427,1,Flex,>>,2292,207.56,426,353,516,57.170113112062175,214.348,-3.3759999999999764,3.7410783450648055,5,-0.6772575629438804
167538,1,Flex,>>,2253,204.31,429,355,517,57.683422672736114,210.99,-3.358000000000004,3.682470188782836,5,-0.73586571922585
167649,1,Flex,>>,2214,200.97,434,356,516,58.07607216806831,207.632,-3.358000000000004,3.6238620325008664,5,-0.7944738755078196
167759,1,Flex,>>,2175,197.71,438,355,516,58.22154458937854,204.308,-3.3240000000000123,3.5658472881645746,5,-0.8524886198441113
167869,1,Flex,>>,2136,194.29,439,353,514,58.14755699991375,200.968,-3.3400000000000034,3.507553291147964,5,-0.9107826168607218
167979,1,Flex,>>,2097,190.77,441,353,516,58.03111896540388,197.61,-3.3579999999999757,3.448945134865995,5,-0.969390773142691
168090,1,Flex,>>,2058,187.43,452,353,515,57.66296765980829,194.23399999999998,-3.376000000000033,3.390022819318666,5,-1.02831308869002
168202,1,Flex,>>,2019,183.91,456,354,517,57.38696180739894,190.82200000000003,-3.4119999999999493,3.33047218524062,5,-1.0878637227680659
168312,1,Flex,>>,1980,180.66,458,355,520,57.023787740739934,187.412,-3.410000000000025,3.270956457747613,5,-1.1473794502610728
168422,1,Flex,>>,1941,177.23,481,354,521,56.58297266414196,184.0,-3.412000000000006,3.2114058236695664,5,-1.2069300843391195
168533,1,Flex,>>,1902,173.63,480,356,524,56.11841170726056,180.57199999999997,-3.4280000000000257,3.1515759369112004,5,-1.2667599710974855
168644,1,Flex,>>,1863,170.29,482,359,530,55.62920674194755,177.144,-3.427999999999969,3.0917460501528353,5,-1.3265898578558506
168755,1,Flex,>>,1824,166.95,487,364,534,54.82412681106986,173.75199999999998,-3.3920000000000243,3.032544481925187,5,-1.385791426083499
168867,1,Flex,>>,1785,163.25,521,365,542,54.12469779244032,170.26999999999998,-3.4819999999999993,2.9717721173707448,5,-1.4465637906379412
168978,1,Flex,>>,1746,159.65,529,373,546,53.12965612687327,166.754,-3.515999999999991,2.910406340870624,5,-1.5079295671380617
169089,1,Flex,>>,1707,156.4,533,380,556,51.73409751387868,163.30800000000002,-3.4459999999999695,2.8502622948469,5,-1.5680736131617858
169200,1,Flex,>>,1668,152.97,543,387,574,51.17088771549871,159.844,-3.464000000000027,2.789804089557816,5,-1.62853181845087
169312,1,Flex,>>,1629,149.54,551,394,589,50.724049424707545,156.36200000000002,-3.481999999999971,2.7290317250033738,5,-1.6893041830053122
169424,1,Flex,>>,1590,146.11,557,401,602,49.354722503254415,152.93400000000003,-3.4279999999999973,2.6692018382450082,5,-1.7491340697636777
169535,1,Flex,>>,1551,142.77,557,408,610,48.532375872950894,149.558,-3.376000000000033,2.610279522697679,5,-1.8080563853110068
169645,1,Flex,>>,1512,139.52,560,418,622,48.06099624029906,146.182,-3.3760000000000048,2.5513572071503505,5,-1.8669787008583354
169757,1,Flex,>>,1473,136.26,563,425,632,47.535945069056496,142.84,-3.3419999999999845,2.4930283035487,5,-1.9253076044599857
169867,1,Flex,>>,1434,132.92,566,435,645,47.09091332837482,139.516,-3.3240000000000123,2.4350135592124085,5,-1.9833223487962774
169978,1,Flex,>>,1395,129.49,567,447,666,46.091261947078365,136.192,-3.323999999999984,2.3769988148761176,5,-2.0413370931325683
170090,1,Flex,>>,1356,126.15,569,456,676,44.44215183912426,132.868,-3.3240000000000123,2.318984070539826,5,-2.09935183746886
170201,1,Flex,>>,1317,122.81,564,454,679,43.63040265961831,129.526,-3.3419999999999845,2.2606551669381756,5,-2.1576807410705103
170312,1,Flex,>>,1278,119.56,558,461,684,42.61135653032152,126.186,-3.3400000000000034,2.2023611699215646,5,-2.2159747380871213
170424,1,Flex,>>,1239,116.4,560,468,686,41.11382245199968,122.88200000000002,-3.303999999999988,2.144695491435672,5,-2.2736404165730137
170535,1,Flex,>>,1200,113.23,558,473,692,39.85462740904094,119.63,-3.2520000000000238,2.087937384160816,5,-2.3303985238478697
170646,1,Flex,>>,1161,110.07,563,479,700,39.03848084290222,116.41400000000002,-3.2159999999999798,2.031807595416679,5,-2.3865283125920067
170758,1,Flex,>>,1122,106.73,563,482,703,38.02913788090795,113.19800000000001,-3.216000000000008,1.9756778066725413,5,-2.4426581013361446
170869,1,Flex,>>,1083,103.47,564,485,708,37.49912372572325,109.98000000000002,-3.2179999999999893,1.9195131113433639,5,-2.498822796665322
170979,1,Flex,>>,1044,100.13,569,487,712,37.32601632137193,106.726,-3.254000000000019,1.8627200974834681,5,-2.555615810525218
171091,1,Flex,>>,1005,96.88,574,487,713,36.55817577985755,103.45599999999999,-3.2700000000000102,1.8056478309432533,5,-2.6126880770654326
171201,1,Flex,>>,966,93.63,573,484,715,36.2014653891054,100.16799999999999,-3.2879999999999967,1.74826140513768,5,-2.670074502871006
171313,1,Flex,>>,927,90.64,576,490,720,36.17857941914569,96.95,-3.2179999999999893,1.6920967098085025,5,-2.7262391982001835
171425,1,Flex,>>,888,87.3,582,495,726,35.98245140376513,93.716,-3.234000000000009,1.6356527617990058,5,-2.7826831462096804
171536,1,Flex,>>,849,84.04,589,498,733,36.03351895478556,90.498,-3.2179999999999893,1.5794880664698285,5,-2.8388478415388576
171647,1,Flex,>>,810,80.53,602,505,738,36.01305552539503,87.228,-3.2700000000000102,1.5224157999296137,5,-2.895920108079072
171758,1,Flex,>>,771,77.1,612,511,741,35.72525745321523,83.922,-3.3059999999999974,1.4647152148586813,5,-2.953620693150005
171870,1,Flex,>>,732,73.93,624,520,748,35.64454242911163,80.58000000000001,-3.3419999999999845,1.406386311257031,5,-3.0119495967516547
171980,1,Flex,>>,693,70.86,620,516,746,35.83259393978521,77.292,-3.288000000000011,1.3489998854514573,5,-3.069336022557229
172091,1,Flex,>>,654,67.78,623,523,752,35.65665469221859,74.03999999999999,-3.2520000000000095,1.2922417781766014,5,-3.126094129832085
172202,1,Flex,>>,615,64.62,619,523,748,35.41074977456739,70.858,-3.181999999999988,1.236705401378142,5,-3.181630506630544
172314,1,Flex,>>,576,61.71,621,528,748,35.498908878419144,67.78,-3.078000000000003,1.1829841670017567,5,-3.2353517410069292
172425,1,Flex,<<,576,59.08,626,535,756,35.49374881322915,64.81,-2.969999999999999,1.131147888217525,5,-3.287188019791161
172537,1,Flex,<<,615,58.55,628,538,757,35.507554973439525,62.348,-2.4620000000000033,1.0881778820334245,5,-3.3301580259752614
172648,1,Flex,<<,654,58.55,641,545,774,35.446055817689185,60.501999999999995,-1.8460000000000036,1.0559591040416092,5,-3.3623768039670767
172759,1,Flex,<<,693,58.55,640,542,772,35.098643865834056,59.288,-1.2139999999999986,1.034770806922398,5,-3.3835651010862877
172870,1,Flex,<<,732,61.01,636,543,769,35.16406367533243,59.148,-0.13999999999999346,1.032327345969606,5,-3.3860085620390796
196599,1,Flex,>>,2760,247.74,400,353,518,49.83843578562903,253.16800000000003,-0.7719999999999629,4.418615160689005,6,0.0
196709,1,Flex,>>,2721,244.48,403,356,519,51.34291207880737,250.794,-2.3740000000000236,4.377181044246659,6,-0.04143411644234618
196818,1,Flex,>>,2682,241.14,404,355,514,52.9827272924521,247.752,-3.0420000000000016,4.324088128400992,6,-0.0945270322880134
196928,1,Flex,>>,2643,237.71,407,355,519,52.67926592641446,244.446,-3.3060000000000116,4.266387543330059,6,-0.15222761735894608
197038,1,Flex,>>,2604,234.46,413,354,518,52.52454419518767,241.106,-3.3400000000000034,4.208093546313448,6,-0.2105216143755575
197148,1,Flex,>>,2565,231.03,413,355,518,53.07561126637593,237.76399999999998,-3.342000000000013,4.149764642711798,6,-0.2688505179772074
197257,1,Flex,>>,2526,227.78,419,355,517,53.84122141038489,234.42399999999998,-3.3400000000000034,4.091470645695186,6,-0.3271445149938188
197368,1,Flex,>>,2487,224.53,423,354,517,54.35606523588403,231.102,-3.3219999999999743,4.033490807943935,6,-0.38512435274506984
197477,1,Flex,>>,2448,221.1,429,354,517,54.66795046323973,227.78000000000003,-3.3219999999999743,3.9755109701926843,6,-0.4431041904963209
197587,1,Flex,>>,2409,217.76,441,353,518,55.42060564845055,224.43999999999997,-3.3400000000000603,3.917216973176073,6,-0.5013981875129323
197698,1,Flex,>>,2370,214.15,443,353,516,56.59257486623903,221.064,-3.3759999999999764,3.8582946576287447,6,-0.5603205030602605
197808,1,Flex,>>,2331,210.9,447,352,516,57.53858389956271,217.68800000000002,-3.3759999999999764,3.7993723420814165,6,-0.6192428186075887
197918,1,Flex,>>,2292,207.47,453,354,518,57.6802571337736,214.276,-3.412000000000006,3.7398217080033698,6,-0.6787934526856354
198029,1,Flex,>>,2253,204.22,455,353,517,57.79098729634726,210.9,-3.3760000000000048,3.680899392456041,6,-0.737715768232964
198138,1,Flex,>>,2214,200.79,464,355,520,57.99023431979511,207.506,-3.3940000000000055,3.6216629176433535,6,-0.7969522430456517
198248,1,Flex,>>,2175,197.45,467,343,516,58.38515590120545,204.166,-3.3400000000000034,3.563368920626743,6,-0.8552462400622622
198358,1,Flex,>>,2136,194.02,467,339,515,58.46503369196574,200.79000000000002,-3.3759999999999764,3.5044466050794147,6,-0.9141685556095904
198468,1,Flex,>>,2097,190.59,468,341,518,58.51929760298248,197.41400000000002,-3.3760000000000048,3.445524289532086,6,-0.9730908711569191
198578,1,Flex,>>,2058,187.16,471,338,518,58.50475855639571,194.002,-3.412000000000006,3.3859736554540394,6,-1.0326415052349658
198687,1,Flex,>>,2019,183.82,472,338,520,58.05595568577827,190.608,-3.3940000000000055,3.3267371806413517,6,-1.0918779800476535
198797,1,Flex,>>,1980,180.48,473,329,501,57.46407110158774,187.214,-3.3940000000000055,3.267500705828664,6,-1.1511144548603411
198908,1,Flex,>>,1941,177.14,481,328,498,56.86968787650848,183.838,-3.3760000000000048,3.2085783902813354,6,-1.2100367704076698
199018,1,Flex,>>,1902,173.71,491,332,499,55.88353708343969,180.462,-3.3760000000000048,3.1496560747340068,6,-1.2689590859549984
199127,1,Flex,>>,1863,170.2,492,335,502,55.34641783235956,177.07,-3.391999999999996,3.0904545065063593,6,-1.3281606541826458
199237,1,Flex,>>,1824,166.95,490,332,502,54.60405037438136,173.696,-3.3739999999999952,3.0315670975440705,6,-1.3870480631449347
199347,1,Flex,>>,1785,163.52,490,340,523,52.7931396732732,170.304,-3.391999999999996,2.972365529316423,6,-1.4462496313725821
199456,1,Flex,>>,1746,160.18,494,344,539,50.703173379418985,166.912,-3.391999999999996,2.9131639610887756,6,-1.5054511996002296
199566,1,Flex,>>,1707,156.84,502,352,552,50.04861189133439,163.538,-3.3739999999999952,2.854276552126487,6,-1.5643386085625184
199676,1,Flex,>>,1668,153.49,499,358,563,49.41309615154907,160.196,-3.342000000000013,2.795947648524836,6,-1.6226675121641692
199785,1,Flex,>>,1629,150.15,498,365,576,48.297052626830606,156.836,-3.359999999999985,2.737304585657827,6,-1.681310575031178
199895,1,Flex,>>,1590,146.73,501,373,593,47.29197801167905,153.478,-3.358000000000004,2.678696429375857,6,-1.7399187313131481
200005,1,Flex,>>,1551,143.38,505,387,614,46.16947073483557,150.118,-3.3600000000000136,2.6200533665088477,6,-1.7985617941801575
200116,1,Flex,>>,1512,140.22,499,393,619,45.34050408654694,146.794,-3.323999999999984,2.5620386221725564,6,-1.8565765385164488
200225,1,Flex,>>,1473,136.97,498,396,630,44.31724468393328,143.49,-3.304000000000002,2.5043729436866635,6,-1.9142422170023417
200335,1,Flex,>>,1434,133.89,500,401,636,43.23304070737672,140.238,-3.2520000000000095,2.447614836411808,6,-1.9710003242771972
200445,1,Flex,>>,1395,130.55,511,413,654,42.28777063568668,137.002,-3.23599999999999,2.3911359818172717,6,-2.0274791788717335
200555,1,Flex,>>,1356,126.95,530,417,661,41.08717651758684,133.71599999999998,-3.28600000000003,2.3337844625967374,6,-2.0848306980922677
200665,1,Flex,>>,1317,123.6,534,426,665,40.56934302741335,130.392,-3.323999999999984,2.275769718260446,6,-2.142845442428559
200775,1,Flex,>>,1278,120.35,541,431,667,40.25267571351572,127.06800000000001,-3.323999999999984,2.217754973924155,6,-2.2008601867648503
200885,1,Flex,>>,1239,117.1,546,435,667,39.84571812108307,123.71,-3.3580000000000183,2.159146817642185,6,-2.2594683430468203
200995,1,Flex,>>,1200,114.02,558,449,680,38.9891743838509,120.404,-3.3059999999999974,2.1014462325712526,6,-2.3171689281177525
201104,1,Flex,>>,1161,110.68,573,458,690,37.981640637137424,117.15,-3.2539999999999907,2.0446532187113573,6,-2.373961941977648
201215,1,Flex,>>,1122,107.34,571,463,692,37.34705044243664,113.898,-3.2520000000000095,1.9878951114365013,6,-2.430720049252504
201324,1,Flex,>>,1083,104.18,574,472,699,36.984176328256005,110.66400000000002,-3.2339999999999804,1.931451163427005,6,-2.487163997262
201434,1,Flex,>>,1044,100.92,584,482,704,36.6561280027247,107.428,-3.2360000000000184,1.8749723088324683,6,-2.5436428518565366
201545,1,Flex,>>,1005,97.67,585,488,712,36.20165178312445,104.15799999999999,-3.2700000000000102,1.8179000422922535,6,-2.6007151183967516
201655,1,Flex,>>,966,94.59,587,504,719,35.54606484044348,100.94000000000001,-3.217999999999975,1.7617353469630765,6,-2.6568798137259284
201765,1,Flex,>>,927,91.78,567,515,734,34.94497011337841,97.828,-3.112000000000009,1.7074207006410127,6,-2.7111944600479925
201875,1,Flex,>>,888,88.7,564,511,730,34.23626367466415,94.732,-3.0960000000000036,1.6533853069992683,6,-2.765229853689737
201985,1,Flex,>>,849,85.71,568,515,726,33.6791248063214,91.69000000000001,-3.0419999999999874,1.600292391153601,6,-2.8183227695354045
202095,1,Flex,>>,810,82.29,578,522,737,33.41543103510367,88.614,-3.0760000000000076,1.5466060633622554,6,-2.8720090973267496
202205,1,Flex,>>,771,78.95,573,519,737,33.17582760839814,85.48600000000002,-3.127999999999986,1.492012164359873,6,-2.926602996329132
202314,1,Flex,>>,732,75.96,570,520,734,32.99744739570475,82.322,-3.1640000000000157,1.436789946826772,6,-2.9818252138622334
202424,1,Flex,>>,693,72.79,574,525,739,32.43153840018108,79.14000000000001,-3.181999999999988,1.3812535700283126,6,-3.0373615906606926
202534,1,Flex,>>,654,69.71,586,529,742,32.271439278356475,75.94,-3.200000000000017,1.3254030339644938,6,-3.093212126724511
202644,1,Flex,>>,615,66.64,587,530,744,32.21892682925102,72.81,-3.1299999999999955,1.2707742283770713,6,-3.147840932311934
202753,1,Flex,>>,576,63.56,586,527,739,32.04389009632021,69.732,-3.078000000000003,1.2170529940006858,6,-3.201562166688319
202863,1,Flex,<<,576,60.4,585,529,747,31.87595988985463,66.61999999999999,-3.112000000000009,1.1627383476786222,6,-3.2558768130103832
202972,1,Flex,<<,615,59.78,589,536,749,31.726571953620944,64.018,-2.6019999999999897,1.11732488054173,6,-3.301290280147275
203082,1,Flex,<<,654,59.78,605,548,767,31.55705845950202,62.032,-1.9860000000000042,1.0826626415971223,6,-3.335952519091883
203192,1,Flex,<<,693,59.78,605,551,768,31.29092219511451,60.660000000000004,-1.3719999999999928,1.0587167242597604,6,-3.359898436429245
203303,1,Flex,<<,732,61.36,601,547,765,31.208376543315897,60.220000000000006,-0.4399999999999977,1.0510372755509854,6,-3.3675778851380196
