Time(ms),MotorID,Phase,Direction,Position,Angle(deg),Frame,∠ABC,∠BCD
12484,2,Flex,>>,1240,109.01,372.0,131.05333419193443,141.67777098517237
12586,2,Flex,>>,1180,109.01,376.0,129.32926292745455,141.39925769368202
12687,2,Flex,>>,1120,105.76,379.0,128.90237140334494,140.53982917310918
12790,2,Flex,>>,1060,100.92,382.0,128.13486073727455,139.37152969307215
12892,2,Flex,>>,1000,95.82,385.0,127.20221747845508,138.65108025012105
12994,2,Flex,>>,940,90.55,388.0,126.14569181167813,137.3832632752552
13096,2,Flex,>>,880,85.36,391.0,124.75455743817032,136.75228802681934
13199,2,Flex,>>,820,80.18,394.0,124.59735358240613,136.27509693686522
13300,2,Flex,>>,760,74.9,397.0,124.05732754281199,135.90369776692555
13403,2,Flex,>>,700,69.63,400.0,123.00846032516536,135.77836328026618
13505,2,Flex,>>,640,64.44,403.0,121.97518132894314,135.03217779034557
13606,2,Flex,>>,580,59.25,406.0,121.87286866814924,134.8003185705749
13708,2,Flex,>>,520,54.07,409.0,120.27372747745574,134.21624889446014
13810,2,Flex,>>,460,48.62,412.0,120.39986571650176,133.4470887466378
13913,2,Flex,>>,400,43.52,415.0,119.88362674872006,133.5133081909725
14015,2,Flex,>>,340,38.33,418.0,118.8727203200696,132.98163962840837
14117,2,Flex,>>,280,33.05,421.0,117.67124801723632,132.5828035948487
14219,2,Flex,>>,220,27.78,425.0,116.66302224154795,132.01384985240855
14322,2,Flex,>>,160,22.42,428.0,116.66302224154795,131.76374548016366
14424,2,Flex,>>,100,17.23,431.0,116.66302224154795,131.46014114309673
14526,2,Flex,>>,40,12.04,434.0,117.12447476457903,131.55239732937747
14629,2,Flex,>>,-20,6.86,437.0,117.72393770607889,131.90131184126756
14731,2,Flex,>>,-80,1.49,440.0,118.42619694471378,132.5650959346477
14833,2,Flex,>>,-140,-3.69,443.0,120.21069037970722,133.12325009685225
14935,2,Flex,>>,-200,-8.88,446.0,122.15045590850455,133.891981952183
15038,2,Flex,>>,-260,-14.15,449.0,123.83415461897128,133.81549014265278
15140,2,Flex,>>,-320,-19.34,452.0,123.73899861689247,134.56608633031985
15242,2,Flex,>>,-380,-24.62,455.0,124.48357309717164,134.85175188140568
15345,2,Flex,>>,-440,-29.89,458.0,124.70557368218135,135.52200176975538
15447,2,Flex,>>,-500,-35.25,461.0,125.74792788774063,134.5445369489104
15549,2,Flex,>>,-560,-40.35,464.0,125.78213380545992,135.32964087255615
15652,2,Flex,>>,-620,-45.63,467.0,126.4351952595139,135.28925778858792
15754,2,Flex,>>,-680,-50.81,471.0,126.84479308707301,136.33633459977898
15857,2,Flex,>>,-740,-56.09,474.0,127.36995390512249,135.9766879895146
15959,2,Flex,>>,-800,-61.27,477.0,127.55332100832015,136.48889681076355
16061,2,Flex,>>,-860,-66.37,480.0,127.82421203876653,136.80215750060324
16164,2,Flex,>>,-920,-71.56,483.0,128.52857832133756,136.52851204771144
16266,2,Flex,>>,-980,-76.75,486.0,128.19289063101147,137.25498746551756
16369,2,Flex,>>,-1040,-82.02,489.0,129.20002001014228,136.56549248661887
16471,2,Flex,>>,-1100,-87.21,492.0,129.01746115390728,137.68977032315047
16574,2,Flex,>>,-1160,-92.48,495.0,129.84369688056202,137.60704621832247
16676,2,Flex,>>,-1220,-97.76,498.0,130.59916048552716,138.22725503658123
16778,2,Flex,>>,-1280,-102.95,501.0,130.84002371618433,138.22904286947139
16880,2,Flex,>>,-1340,-108.13,504.0,131.7656025683962,138.06209345423187
16983,2,Flex,>>,-1400,-113.23,507.0,132.2537892815431,138.79903694465028
17085,2,Flex,>>,-1460,-118.59,510.0,133.33113593689288,139.05817511925375
17187,2,Flex,>>,-1520,-123.87,514.0,135.03294409624112,140.20941141009885
17289,2,Flex,>>,-1580,-129.05,517.0,135.96142342117034,140.39026594881028
17392,2,Flex,>>,-1640,-134.24,520.0,136.5558283728895,141.31076498365547
17494,2,Flex,>>,-1700,-139.43,523.0,137.51312767531965,141.647105574259
17596,2,Flex,>>,-1760,-144.62,526.0,138.51451586654733,142.2017523026413
17699,2,Flex,>>,-1820,-149.71,529.0,139.6819279666204,141.99836463132965
17801,2,Flex,>>,-1880,-154.9,532.0,141.05297815109708,142.50702723194243
17904,2,Flex,>>,-1940,-160.0,535.0,142.12554516630803,143.03079791716632
18006,2,Flex,>>,-2000,-165.01,538.0,142.49682503263355,143.18512014538385
18108,2,Flex,>>,-2060,-170.2,541.0,142.41720533060607,144.31493110528717
18210,2,Flex,>>,-2120,-175.21,544.0,143.92598010132104,144.10262248829193
18313,2,Flex,>>,-2180,-180.31,547.0,144.48641260915045,144.71679698791658
18415,2,Flex,>>,-2240,-185.32,550.0,144.84159706254994,145.48357359089422
18517,2,Flex,>>,-2300,-190.42,553.0,145.2976291845921,145.17633497001572
18620,2,Flex,>>,-2360,-195.43,557.0,146.27999538704336,146.12768138344435
18722,2,Flex,<<,-2360,-200.35,560.0,146.38098738364494,146.93651014988473
18825,2,Flex,<<,-2300,-201.85,563.0,146.30561156607973,147.30906472498364
18927,2,Flex,<<,-2240,-201.85,566.0,146.9257889091387,147.43234319823299
19029,2,Flex,<<,-2180,-197.8,569.0,147.35535986508353,147.552966461731
19131,2,Flex,<<,-2120,-192.88,572.0,147.41283320325766,148.4203625288613
19234,2,Flex,<<,-2060,-187.87,575.0,147.5426261298611,148.5405736241469
19337,2,Flex,<<,-2000,-182.59,578.0,147.2297275319935,148.90783364097913
19439,2,Flex,<<,-1940,-177.49,581.0,147.8473308809409,148.6566193479692
19541,2,Flex,<<,-1880,-172.31,584.0,147.29270372182214,149.46190425306835
19644,2,Flex,<<,-1820,-166.86,587.0,147.35869847996437,149.3866779541271
19747,2,Flex,<<,-1760,-161.67,590.0,147.83195715286564,149.8969714493999
19849,2,Flex,<<,-1700,-156.48,593.0,148.15459539167816,149.57433321058738
19952,2,Flex,<<,-1640,-151.12,596.0,147.52288198991386,149.53212806488412
20054,2,Flex,<<,-1580,-146.02,600.0,147.76556578105863,149.53212806488412
20156,2,Flex,<<,-1520,-140.57,603.0,147.7120766846923,149.46190425306835
20259,2,Flex,<<,-1460,-135.3,606.0,147.77941721649304,149.3866779541271
20361,2,Flex,<<,-1400,-130.2,609.0,147.77941721649304,149.3866779541271
20464,2,Flex,<<,-1340,-124.92,612.0,148.02191766657364,149.3866779541271
20566,2,Flex,<<,-1280,-119.56,615.0,147.95830768428456,149.712702245082
20668,2,Flex,<<,-1220,-114.2,618.0,147.75164133079295,149.96176789684682
20771,2,Flex,<<,-1160,-109.1,621.0,147.82422606388997,149.96176789684682
20873,2,Flex,<<,-1100,-103.74,624.0,148.3928723902322,149.19644985636864
20976,2,Flex,<<,-1040,-98.46,627.0,148.22561987452858,149.26490940501222
21078,2,Flex,<<,-980,-93.27,630.0,148.02089238375044,149.93481891878787
21180,2,Flex,<<,-920,-88.09,633.0,147.73318042510962,149.9246013701348
21282,2,Flex,<<,-860,-82.73,636.0,147.2083451248248,149.7732672799878
21385,2,Flex,<<,-800,-77.45,639.0,147.73318042510962,149.48888180465906
21487,2,Flex,<<,-740,-72.18,643.0,147.877396215014,149.82370369258788
21589,2,Flex,<<,-680,-66.81,646.0,147.76365231719004,149.4051634774339
21692,2,Flex,<<,-620,-61.63,649.0,148.28814731860885,148.6911041243792
21795,2,Flex,<<,-560,-56.26,652.0,147.42937501598234,149.73944077864155
21898,2,Flex,<<,-500,-51.08,655.0,147.3318984208516,150.07702689986243
22001,2,Flex,<<,-440,-45.89,658.0,147.66948454207244,149.73944077864155
22103,2,Flex,<<,-380,-40.62,661.0,147.74605197826662,149.67639313745002
22206,2,Flex,<<,-320,-35.34,664.0,147.3318984208516,149.6473530221365
22308,2,Flex,<<,-260,-30.07,667.0,147.57136974651016,149.708106890355
22410,2,Flex,<<,-200,-24.7,670.0,148.64927349030276,149.73072766787925
22513,2,Flex,<<,-140,-19.43,673.0,148.9686729879283,149.36410143134486
22615,2,Flex,<<,-80,-14.24,676.0,148.9686729879283,149.73072766787925
22717,2,Flex,<<,-20,-8.97,679.0,148.3660218995111,149.708106890355
22820,2,Flex,<<,40,-3.69,683.0,148.8289593632837,149.02592601230805
22922,2,Flex,<<,100,1.58,686.0,148.46520809481171,149.73944077864155
23024,2,Flex,<<,160,6.95,689.0,148.50998592213642,149.45559989003394
23126,2,Flex,<<,220,12.22,692.0,147.908955867731,150.17371444984198
23228,2,Flex,<<,280,17.41,695.0,148.19279675633865,149.82370369258788
23330,2,Flex,<<,340,22.68,698.0,147.74605197826662,150.17371444984198
23432,2,Flex,<<,400,27.96,701.0,148.36471475480306,149.48888180465906
23534,2,Flex,<<,460,33.14,704.0,147.98642442451643,150.17371444984198
23636,2,Flex,<<,520,38.42,707.0,147.74605197826662,150.91192613711965
23738,2,Flex,<<,580,43.69,710.0,148.44192821534358,150.29326336058327
23840,2,Flex,<<,640,48.88,713.0,148.1236963046818,151.0278157825279
23942,2,Flex,<<,700,54.33,716.0,149.1394765793192,150.40813483011445
24045,2,Flex,<<,760,59.6,719.0,148.19999488497064,151.75849647897465
24148,2,Flex,<<,820,64.79,722.0,147.88203780689602,152.656314457665
24250,2,Flex,<<,880,70.07,725.0,149.12227510497914,152.51086196028183
24352,2,Flex,<<,940,75.34,728.0,149.8239086087995,152.38904790945503
24454,2,Flex,<<,1000,80.62,732.0,150.27238397911532,152.64276199951746
24556,2,Flex,<<,1060,85.89,735.0,150.8795023570681,153.6260280900721
24658,2,Flex,<<,1120,91.16,738.0,150.94220120301404,154.1927446067034
24760,2,Flex,<<,1180,96.53,741.0,151.37584230471842,153.6232369666813
24862,2,Flex,<<,1240,101.71,744.0,151.73267959809806,153.54389770521144
26231,5,Extend,>>,195,17.14,785.0,170.5932307279151,168.09938848680554
26333,5,Extend,>>,158,17.14,788.0,172.19252697907473,169.23452280630408
26435,5,Extend,>>,121,15.03,791.0,173.7347481364087,170.22494683334855
26538,5,Extend,>>,84,12.04,794.0,175.0462043926872,170.90219854438635
26640,5,Extend,>>,47,8.88,797.0,175.69150294145473,172.00028443526153
26742,5,Extend,>>,10,5.71,800.0,176.8872357368757,172.6501457474352
26844,5,Extend,>>,-27,2.46,803.0,178.29049819840895,173.30379100811092
26947,5,Extend,>>,-64,-0.79,806.0,179.60438430880643,173.19527048976624
27049,5,Extend,>>,-101,-4.04,809.0,179.92694974695812,174.61687012594174
27151,5,Extend,>>,-138,-7.3,812.0,179.066937752304,174.81644261840844
27254,5,Extend,>>,-175,-10.55,816.0,177.11055688897525,175.39259124010556
27356,5,Extend,>>,-212,-13.71,819.0,176.16489164159472,176.01269738847174
27459,5,Extend,>>,-249,-16.88,822.0,175.54084776459126,176.6238295247495
27561,5,Extend,>>,-286,-19.96,825.0,174.97386740879838,177.2960325385225
27663,5,Extend,>>,-323,-23.21,828.0,174.27434554815497,177.19754848013312
27766,5,Extend,>>,-360,-26.46,831.0,173.46304843635534,177.86752259716226
27868,5,Extend,>>,-397,-29.63,834.0,173.3986964832387,178.1705356651529
27971,5,Extend,>>,-434,-32.88,837.0,173.38999758802527,178.37712178473686
28073,5,Extend,>>,-471,-36.04,840.0,172.7286348669042,177.95387038542566
28175,5,Extend,>>,-508,-39.3,843.0,172.59193259683067,178.30469058174614
28277,5,Extend,>>,-545,-42.37,846.0,172.87816292305536,178.3794777512136
28380,5,Extend,>>,-582,-45.54,849.0,172.14073425963053,178.0145414154832
28482,5,Extend,>>,-619,-48.88,852.0,173.67076910681072,178.44185331701306
28584,5,Extend,>>,-656,-52.04,855.0,173.83041794917278,178.1074367667002
28686,5,Extend,>>,-693,-55.21,859.0,173.67365513617756,177.83432072717753
28788,5,Extend,>>,-730,-58.29,862.0,174.45723549186212,177.86752259716226
28890,5,Extend,>>,-767,-61.36,865.0,174.77121264853076,178.29223907198622
28992,5,Extend,>>,-804,-64.53,868.0,174.85780672035287,177.26294583391834
29094,5,Extend,>>,-841,-67.78,871.0,176.94472835526008,177.76634429761992
29197,5,Extend,>>,-878,-71.03,874.0,176.77917855167493,177.46498980937122
29299,5,Extend,>>,-915,-74.2,877.0,177.49946442302866,177.20355599127535
29401,5,Extend,>>,-952,-77.45,880.0,178.33389243668142,176.92718465952896
29504,5,Extend,>>,-989,-80.53,883.0,178.74702303803994,176.36145940467085
29608,5,Extend,>>,-1026,-83.6,886.0,179.87242259327118,176.52608189223318
29710,5,Extend,>>,-1063,-86.77,889.0,179.59745227419867,175.92075538530594
29813,5,Extend,>>,-1100,-89.93,892.0,178.23869217474225,176.02114812520833
29916,5,Extend,>>,-1137,-93.27,895.0,177.4617214464271,175.54462967546462
30019,5,Extend,>>,-1174,-96.53,899.0,176.33661113082246,175.32216296198337
30121,5,Extend,>>,-1211,-99.6,902.0,175.97409118039678,174.60205097474716
30223,5,Extend,>>,-1248,-102.77,905.0,174.5164229342477,174.80696637230363
30325,5,Extend,>>,-1285,-105.85,908.0,173.87653342284148,174.18352521732754
30428,5,Extend,>>,-1322,-109.01,911.0,172.8315201437795,174.32293990334546
30530,5,Extend,>>,-1359,-112.35,914.0,173.29936107363304,172.89751443228576
30633,5,Extend,>>,-1396,-115.6,917.0,171.75305166560258,173.62075183238676
30735,5,Extend,>>,-1433,-118.77,920.0,171.21931027123958,172.96253096102302
30838,5,Extend,>>,-1470,-122.02,923.0,170.66690630989865,172.60853651274965
30941,5,Extend,>>,-1507,-125.27,926.0,169.0757351430385,171.7642128906313
31043,5,Extend,>>,-1544,-128.35,929.0,166.5750316648641,170.62679458636762
31145,5,Extend,>>,-1581,-131.52,932.0,164.64105577165816,169.99808497678092
31249,5,Extend,>>,-1618,-134.77,935.0,162.3888114896028,169.2811698242119
31351,5,Extend,>>,-1655,-137.93,938.0,161.40838342042932,169.01649446971712
31453,5,Extend,>>,-1692,-141.19,942.0,160.29350652958718,168.129070167132
31556,5,Extend,>>,-1729,-144.44,945.0,160.00305384381352,168.21013385719112
31658,5,Extend,>>,-1766,-147.6,948.0,159.64309521814656,167.51048980149923
31761,5,Extend,>>,-1803,-150.86,951.0,158.81473692545865,167.0852346775465
31864,5,Extend,>>,-1840,-154.11,954.0,158.88323527067936,166.29476118164231
31966,5,Extend,>>,-1877,-157.27,957.0,158.61646646880243,165.83534787157726
32069,5,Extend,>>,-1914,-160.53,960.0,157.68836329326118,166.694389764035
32171,5,Extend,>>,-1951,-163.6,963.0,158.02206832718875,165.8519382128471
32274,5,Extend,>>,-1988,-166.68,966.0,157.72475613756185,166.3843173023934
32376,5,Extend,>>,-2025,-169.76,969.0,157.99249147626406,165.09066637425246
32479,5,Extend,<<,-2025,-172.84,972.0,157.1578394693867,165.39476997263733
32582,5,Extend,<<,-1988,-173.89,975.0,157.227470455359,165.17932049702137
32684,5,Extend,<<,-1951,-173.98,978.0,157.4634196826047,164.8823326667438
32787,5,Extend,<<,-1914,-171.78,982.0,156.62662119539766,165.1839715212371
32890,5,Extend,<<,-1877,-168.88,985.0,156.1529990498763,165.09568474112095
32992,5,Extend,<<,-1840,-165.98,988.0,156.49352110913074,164.82357296779458
33095,5,Extend,<<,-1803,-162.73,991.0,156.1529990498763,165.39792041298375
33197,5,Extend,<<,-1766,-159.47,994.0,156.1529990498763,165.09568474112095
33300,5,Extend,<<,-1729,-156.31,997.0,155.9153381887897,164.8825300008588
33402,5,Extend,<<,-1692,-152.97,1000.0,156.1529990498763,164.8825300008588
33505,5,Extend,<<,-1655,-149.71,1003.0,156.390095412781,165.09568474112095
33608,5,Extend,<<,-1618,-146.46,1006.0,156.390095412781,164.79117992212
33711,5,Extend,<<,-1581,-143.12,1009.0,156.1529990498763,164.57884919207675
33814,5,Extend,<<,-1544,-139.96,1012.0,156.390095412781,164.79117992212
33916,5,Extend,<<,-1507,-136.79,1015.0,155.87775610864622,164.85409213330684
34019,5,Extend,<<,-1470,-133.45,1019.0,155.64009524755963,164.85409213330684
34121,5,Extend,<<,-1433,-130.29,1022.0,156.2214093358043,164.57884919207675
34224,5,Extend,<<,-1396,-127.03,1025.0,155.80991033868338,165.06642286335006
34327,5,Extend,<<,-1359,-123.69,1028.0,156.1529990498763,164.57884919207675
34430,5,Extend,<<,-1322,-120.44,1031.0,156.1529990498763,164.57884919207675
34532,5,Extend,<<,-1285,-117.27,1034.0,156.1529990498763,164.27292130277223
34634,5,Extend,<<,-1248,-114.11,1037.0,155.87775610864622,164.85409213330684
34737,5,Extend,<<,-1211,-110.86,1040.0,155.87775610864622,164.64400854990785
34839,5,Extend,<<,-1174,-107.52,1043.0,156.2214093358043,164.27292130277223
34942,5,Extend,<<,-1137,-104.35,1046.0,155.89520285052026,164.59912778805636
35044,5,Extend,<<,-1100,-101.1,1049.0,156.11485247155093,164.64400854990785
35146,5,Extend,<<,-1063,-97.76,1052.0,156.69682875462726,164.06369944918504
35249,5,Extend,<<,-1026,-94.51,1055.0,155.98165916582312,165.24967686549806
35352,5,Extend,<<,-989,-91.34,1058.0,156.49595235566213,165.06489396965694
35455,5,Extend,<<,-952,-88.0,1062.0,156.49595235566213,165.1573810233273
35558,5,Extend,<<,-915,-84.84,1065.0,155.16154337312577,165.50156827744232
35660,5,Extend,<<,-878,-81.76,1068.0,154.43800420992648,166.088895521339
35763,5,Extend,<<,-841,-78.24,1071.0,154.22609457289752,166.10618182699514
35865,5,Extend,<<,-804,-74.99,1074.0,153.92127434040341,166.10618182699514
35967,5,Extend,<<,-767,-71.82,1077.0,153.67836725068986,166.39454374908215
36070,5,Extend,<<,-730,-68.57,1080.0,154.027132175051,165.80236039695313
36172,5,Extend,<<,-693,-65.23,1083.0,154.027132175051,166.08861671373188
36274,5,Extend,<<,-656,-62.07,1086.0,154.027132175051,165.80236039695313
36377,5,Extend,<<,-619,-58.81,1089.0,154.027132175051,165.80236039695313
36479,5,Extend,<<,-582,-55.56,1092.0,153.46117152084966,166.33541125525153
36581,5,Extend,<<,-545,-52.31,1095.0,154.08665680048068,166.08861671373188
36683,5,Extend,<<,-508,-48.97,1098.0,154.027132175051,165.80236039695313
36785,5,Extend,<<,-471,-45.63,1101.0,154.027132175051,165.80236039695313
36887,5,Extend,<<,-434,-42.37,1105.0,154.08665680048068,165.80236039695313
36989,5,Extend,<<,-397,-39.3,1108.0,153.76461871382554,166.12439848360825
37092,5,Extend,<<,-360,-36.04,1111.0,154.06144733107283,166.3582200469525
37194,5,Extend,<<,-323,-32.7,1114.0,154.00901257763823,166.12439848360825
37296,5,Extend,<<,-286,-29.45,1117.0,153.49447344835167,166.47123021506667
37398,5,Extend,<<,-249,-26.2,1120.0,154.00901257763823,165.9154913666162
37501,5,Extend,<<,-212,-22.86,1123.0,153.67836725068986,165.9788092805265
37602,5,Extend,<<,-175,-19.69,1126.0,153.67836725068986,165.69183274371568
37705,5,Extend,<<,-138,-16.53,1129.0,153.67836725068986,164.99816064276087
37807,5,Extend,<<,-101,-13.19,1132.0,153.40517748108002,165.27135041237068
37910,5,Extend,<<,-64,-10.02,1135.0,153.64808457079354,165.27135041237068
38013,5,Extend,<<,-27,-6.68,1138.0,153.40517748108002,164.98176195892006
38116,5,Extend,<<,10,-3.34,1141.0,153.73886731216436,164.41695990729508
38218,5,Extend,<<,47,-0.18,1144.0,153.70955363899031,164.39650754293532
38321,5,Extend,<<,84,3.08,1148.0,153.77154765708715,163.90478572250484
38423,5,Extend,<<,121,6.24,1151.0,153.41912402086558,163.413626899785
38526,5,Extend,<<,158,9.58,1154.0,152.53820396995175,163.31590536362083
38628,5,Extend,<<,195,12.84,1157.0,152.841670535395,162.22432422274724
40998,2,Flex,>>,1238,108.84,1228.0,128.76623324705844,144.30834523631086
41100,2,Flex,>>,1178,108.84,1231.0,128.01769621718282,142.44912093742815
41202,2,Flex,>>,1118,105.58,1234.0,127.01580624920658,142.40653907428546
41304,2,Flex,>>,1058,100.48,1237.0,126.14444939780233,141.71567914275383
41407,2,Flex,>>,998,95.21,1240.0,124.74483650917553,141.30489164950575
41509,2,Flex,>>,938,90.02,1243.0,123.91666402030262,140.78343449962924
41611,2,Flex,>>,878,84.75,1246.0,123.7671400911594,140.27113774099107
41713,2,Flex,>>,818,79.56,1249.0,123.36522337167158,139.80035345728632
41817,2,Flex,>>,758,74.29,1252.0,123.1653796270825,139.49820323263114
41919,2,Flex,>>,698,69.1,1256.0,122.45567759328209,139.77915638829256
42021,2,Flex,>>,638,63.91,1259.0,121.80849536061143,139.51740941962348
42124,2,Flex,>>,578,58.73,1262.0,121.6714201646662,139.04448557418112
42226,2,Flex,>>,518,53.54,1265.0,121.42870164337566,138.85263071886757
42328,2,Flex,>>,458,48.09,1268.0,120.2925065745262,138.86540337093265
42431,2,Flex,>>,398,42.99,1271.0,119.62595821947019,137.91185367276017
42533,2,Flex,>>,338,37.71,1274.0,118.90303468109812,138.4675063658765
42636,2,Flex,>>,278,32.44,1277.0,118.38095376533931,138.28220785674972
42739,2,Flex,>>,218,27.16,1280.0,117.94088618074164,137.62636609619878
42841,2,Flex,>>,158,21.8,1283.0,117.71863659055838,137.54659012651615
42943,2,Flex,>>,98,16.53,1286.0,118.08253182422344,137.07813550993382
43046,2,Flex,>>,38,11.34,1289.0,117.78614778155308,137.64067394445001
43149,2,Flex,>>,-22,6.15,1292.0,117.99382601118836,138.0162322092542
43252,2,Flex,>>,-82,0.88,1295.0,119.24882633654698,137.75248540026868
43354,2,Flex,>>,-142,-4.31,1299.0,120.11184182274252,138.03477782339263
43457,2,Flex,>>,-202,-9.49,1302.0,120.64957348876855,138.74707247878436
43559,2,Flex,>>,-262,-14.68,1305.0,121.31148575181537,138.6812114004185
43661,2,Flex,>>,-322,-19.87,1308.0,122.25627413609001,138.43726722208623
43763,2,Flex,>>,-382,-25.23,1311.0,123.40165456103553,138.43467660909758
43866,2,Flex,>>,-442,-30.42,1314.0,122.93282037587525,139.78650184508263
43968,2,Flex,>>,-502,-35.78,1317.0,123.40782458970894,139.7908605863095
44070,2,Flex,>>,-562,-40.97,1320.0,124.5692757913482,139.12131894892838
44172,2,Flex,>>,-622,-46.15,1323.0,124.1878955809933,139.9810819353084
44275,2,Flex,>>,-682,-51.34,1326.0,124.63910155622943,139.15024299436487
44377,2,Flex,>>,-742,-56.62,1329.0,125.31175318315415,139.68568682424288
44480,2,Flex,>>,-802,-61.8,1332.0,125.2797550679364,139.7170174868351
44582,2,Flex,>>,-862,-66.99,1335.0,125.35764818123943,139.57830602912114
44684,2,Flex,>>,-922,-72.26,1338.0,126.3417544202259,139.59272693967682
44787,2,Flex,>>,-982,-77.45,1342.0,126.89658408057615,139.8021900900543
44889,2,Flex,>>,-1042,-82.73,1345.0,127.60551116950694,140.40153105282462
44991,2,Flex,>>,-1102,-87.91,1348.0,127.445715239089,140.87664529475754
45094,2,Flex,>>,-1162,-93.19,1351.0,127.91357663717052,141.3855925125671
45196,2,Flex,>>,-1222,-98.37,1354.0,128.66774629988444,140.9359327074946
45298,2,Flex,>>,-1282,-103.56,1357.0,128.84985810163533,141.29565467634026
45401,2,Flex,>>,-1342,-108.92,1360.0,129.2727641935887,141.59639373036725
45504,2,Flex,>>,-1402,-114.11,1363.0,129.84716319215892,141.4871901059871
45607,2,Flex,>>,-1462,-119.56,1366.0,130.35972125753878,141.7264516831709
45710,2,Flex,>>,-1522,-124.92,1369.0,130.1011676497446,142.17534119966678
45813,2,Flex,>>,-1582,-130.2,1372.0,129.76021867710375,142.63976793660032
45915,2,Flex,>>,-1642,-135.12,1375.0,130.7662988743137,142.0936729277871
46018,2,Flex,>>,-1702,-140.4,1378.0,130.05836589394477,143.01443135481685
46120,2,Flex,>>,-1762,-145.41,1382.0,130.24447500839975,143.4677192177431
46223,2,Flex,>>,-1822,-150.51,1385.0,130.79543287090314,142.73677366221958
46325,2,Flex,>>,-1882,-155.6,1388.0,130.98308213287825,143.28427791852883
46428,2,Flex,>>,-1942,-160.79,1391.0,131.3876967645408,143.3226630635102
46531,2,Flex,>>,-2002,-165.8,1394.0,131.26140480447896,143.4088763322104
46633,2,Flex,>>,-2062,-170.99,1397.0,131.85266094898566,142.88926766904578
46736,2,Flex,>>,-2122,-175.82,1400.0,131.7323043430212,143.45208261900777
46838,2,Flex,>>,-2182,-180.84,1403.0,131.45344165137948,144.0266986539296
46941,2,Flex,>>,-2242,-185.85,1406.0,132.24916520411875,143.23097510119032
47044,2,Flex,>>,-2302,-190.86,1409.0,131.98721249581666,143.6013848587149
47147,2,Flex,>>,-2362,-195.78,1412.0,131.98721249581666,143.9726266148964
47250,2,Flex,<<,-2362,-200.7,1415.0,132.31934187429837,143.43942426667968
47353,2,Flex,<<,-2302,-202.11,1419.0,132.2484265050327,143.80913251126287
47455,2,Flex,<<,-2242,-202.11,1422.0,132.57117220786847,144.15778403425654
47557,2,Flex,<<,-2182,-197.98,1425.0,133.84099923995058,144.49405753725466
47660,2,Flex,<<,-2122,-193.14,1428.0,134.15899436454498,144.81085960560506
47763,2,Flex,<<,-2062,-188.13,1431.0,134.08936081418136,144.81085960560506
47865,2,Flex,<<,-2002,-182.77,1434.0,134.02163726428273,144.80099054883294
47968,2,Flex,<<,-1942,-177.67,1437.0,134.6555286439301,145.14485718126352
48071,2,Flex,<<,-1882,-172.48,1440.0,134.9025432245513,145.1253230423537
48173,2,Flex,<<,-1822,-167.12,1443.0,134.5121824151665,145.50047743317418
48275,2,Flex,<<,-1762,-161.85,1446.0,135.56429844933965,145.26360953813264
48378,2,Flex,<<,-1702,-156.66,1449.0,136.4219230440859,146.16065781162865
48482,2,Flex,<<,-1642,-151.3,1452.0,136.79253326703022,146.16689020685155
48584,2,Flex,<<,-1582,-146.29,1455.0,136.53351364078117,146.5437980603252
48687,2,Flex,<<,-1522,-140.75,1459.0,136.88473860098284,146.68687295361735
48789,2,Flex,<<,-1462,-135.56,1462.0,137.43751157061823,146.81981344985357
48891,2,Flex,<<,-1402,-130.37,1465.0,138.31189976620877,146.57818572655984
48994,2,Flex,<<,-1342,-125.1,1468.0,138.222613387672,146.84380265261981
49096,2,Flex,<<,-1282,-119.82,1471.0,138.4152301035707,146.59053716811437
49199,2,Flex,<<,-1222,-114.46,1474.0,138.773831504483,146.6206927130546
49301,2,Flex,<<,-1162,-109.27,1477.0,138.45581139174536,146.6059333678084
49404,2,Flex,<<,-1102,-103.91,1480.0,138.51481075769914,146.9969492280538
49507,2,Flex,<<,-1042,-98.64,1483.0,138.19736541436555,146.97973959730803
49610,2,Flex,<<,-982,-93.45,1486.0,138.19736541436555,146.9969492280538
49712,2,Flex,<<,-922,-88.26,1489.0,138.19736541436555,146.9969492280538
49815,2,Flex,<<,-862,-82.9,1492.0,138.35058073980622,147.01756662946065
49917,2,Flex,<<,-802,-77.63,1495.0,138.25273737679163,147.49117947901541
50020,2,Flex,<<,-742,-72.44,1499.0,138.55242758152465,147.13471925327872
50122,2,Flex,<<,-682,-67.08,1502.0,138.55242758152465,147.13471925327872
50224,2,Flex,<<,-622,-61.8,1505.0,138.19596735578796,147.49117947901541
50327,2,Flex,<<,-562,-56.44,1508.0,138.29294985346706,146.75894976673857
50430,2,Flex,<<,-502,-51.25,1511.0,138.29294985346706,147.13471925327872
50532,2,Flex,<<,-442,-46.07,1514.0,138.29294985346706,147.11262292598502
50634,2,Flex,<<,-382,-40.79,1517.0,137.77435306541653,147.01756662946065
50737,2,Flex,<<,-322,-35.6,1520.0,138.29294985346706,147.11262292598502
50839,2,Flex,<<,-262,-30.15,1523.0,137.77435306541653,147.39333611600082
50941,2,Flex,<<,-202,-24.97,1526.0,138.29294985346706,147.13471925327872
51044,2,Flex,<<,-142,-19.6,1529.0,138.1972975558306,147.58131792312275
51147,2,Flex,<<,-82,-14.42,1532.0,137.8813468837128,148.2418117440181
51249,2,Flex,<<,-22,-9.05,1535.0,138.08748304360546,147.88535151828142
51351,2,Flex,<<,38,-3.96,1538.0,138.3485948144569,147.51019712746094
51454,2,Flex,<<,98,1.32,1542.0,138.08748304360546,147.88535151828142
51556,2,Flex,<<,158,6.77,1545.0,138.29481005572342,147.99831059297165
51659,2,Flex,<<,218,11.96,1548.0,138.38855699072354,148.01850330228075
51761,2,Flex,<<,278,17.23,1551.0,138.79778837096748,147.77453950264785
51863,2,Flex,<<,338,22.33,1554.0,138.21713538997307,148.07618529551115
51966,2,Flex,<<,398,27.78,1557.0,138.74555886901425,147.77453950264785
52068,2,Flex,<<,458,32.97,1560.0,138.34192271190304,148.53704693542485
52171,2,Flex,<<,518,38.24,1563.0,138.4841284778347,148.5211500605473
52274,2,Flex,<<,578,43.52,1566.0,138.83272511505507,148.212054126833
52376,2,Flex,<<,638,48.7,1569.0,138.84195467100633,147.94092978348579
52478,2,Flex,<<,698,54.15,1572.0,138.87742642677196,148.34417328358037
52580,2,Flex,<<,758,59.34,1575.0,139.1695557461218,148.5374564866358
52682,2,Flex,<<,818,64.62,1578.0,138.86192705241498,148.96213784220032
52785,2,Flex,<<,878,69.8,1581.0,139.20620712655867,148.99213895776836
52887,2,Flex,<<,938,75.08,1585.0,139.00353769217557,149.17433203655443
52989,2,Flex,<<,998,80.35,1588.0,139.36757480684287,150.04157609969909
53091,2,Flex,<<,1058,85.71,1591.0,141.49675790078444,149.69002164937993
53193,2,Flex,<<,1118,90.9,1594.0,142.1212854956444,151.88657916045707
53296,2,Flex,<<,1178,96.35,1597.0,145.1501852570904,152.66903595495023
53436,2,Flex,<<,1238,102.51,1601.0,147.63621798948253,153.9177303464956
54805,5,Extend,>>,195,17.14,1642.0,167.17901848730088,167.38933206949417
54908,5,Extend,>>,158,17.14,1645.0,168.93418246100032,168.09090764492436
55010,5,Extend,>>,121,15.03,1648.0,170.18976597693083,169.05788777177548
55112,5,Extend,>>,84,11.96,1651.0,173.0067137929919,169.8984964068696
55215,5,Extend,>>,47,8.79,1654.0,174.1466243569843,172.03344367030692
55317,5,Extend,>>,10,5.63,1657.0,175.88101581641206,172.3099749719249
55419,5,Extend,>>,-27,2.46,1661.0,177.8578978868402,173.55306066464735
55522,5,Extend,>>,-64,-0.88,1664.0,179.78691073157242,173.76028589608973
55624,5,Extend,>>,-101,-4.13,1667.0,179.43413415675357,175.13617676390328
55726,5,Extend,>>,-138,-7.38,1670.0,178.69151368704166,176.15969840332033
55829,5,Extend,>>,-175,-10.64,1673.0,178.0312327934763,176.78301308929238
55931,5,Extend,>>,-212,-13.71,1676.0,176.39507291262387,176.64521374312926
56034,5,Extend,>>,-249,-16.97,1679.0,175.91821322007596,177.30979957302245
56137,5,Extend,>>,-286,-20.04,1682.0,175.50908984963002,177.26498540909049
56239,5,Extend,>>,-323,-23.21,1685.0,175.5891456470824,177.61450117555938
56341,5,Extend,>>,-360,-26.46,1688.0,174.7199582637952,177.86020302805446
56443,5,Extend,>>,-397,-29.54,1691.0,174.2566177053193,178.1441769462247
56546,5,Extend,>>,-434,-32.88,1694.0,174.75686172372045,178.89597551080766
56648,5,Extend,>>,-471,-36.04,1697.0,174.75686172372045,178.89597551080766
56751,5,Extend,>>,-508,-39.3,1700.0,174.35035074984788,178.48946453693557
56853,5,Extend,>>,-545,-42.37,1704.0,174.91368534216627,178.90751522600368
56956,5,Extend,>>,-582,-45.54,1707.0,175.35142932318863,178.60827913083486
57058,5,Extend,>>,-619,-48.88,1710.0,175.48414781004797,177.47843385964012
57161,5,Extend,>>,-656,-52.13,1713.0,176.32337698687707,177.56335175318972
57263,5,Extend,>>,-693,-55.21,1716.0,176.8871561136475,177.62117530940466
57365,5,Extend,>>,-730,-58.29,1719.0,177.94691283290732,177.30979957302245
57468,5,Extend,>>,-767,-61.45,1722.0,178.76536829459593,177.38045120460546
57570,5,Extend,>>,-804,-64.62,1725.0,178.93124443245222,176.64231136840328
57672,5,Extend,>>,-841,-67.87,1728.0,179.5927574448599,176.3741816420215
57774,5,Extend,>>,-878,-71.03,1731.0,178.12535517352794,175.3665475863818
57877,5,Extend,>>,-915,-74.2,1734.0,176.37900780038143,175.08383730179656
57979,5,Extend,>>,-952,-77.45,1737.0,175.2772223093161,174.83193687502518
58083,5,Extend,>>,-989,-80.62,1740.0,174.45416654239415,174.55585223568738
58185,5,Extend,>>,-1026,-83.69,1743.0,174.29046899692696,173.4322053367905
58288,5,Extend,>>,-1063,-86.86,1747.0,173.4690033523727,172.98655036764671
58390,5,Extend,>>,-1100,-90.11,1750.0,172.65253385614054,173.07664636251093
58492,5,Extend,>>,-1137,-93.36,1753.0,171.59336133215598,172.70714589019192
58595,5,Extend,>>,-1174,-96.62,1756.0,170.7265412328135,172.63176470172212
58697,5,Extend,>>,-1211,-99.69,1759.0,170.160510692932,171.9184353835955
58800,5,Extend,>>,-1248,-102.86,1762.0,169.26188495113612,170.9451800211576
58903,5,Extend,>>,-1285,-106.02,1765.0,168.19824187530546,170.60541321089715
59006,5,Extend,>>,-1322,-109.1,1768.0,167.38922936551748,169.90981239865206
59108,5,Extend,>>,-1359,-112.44,1771.0,166.32309456995566,169.57126137233007
59211,5,Extend,>>,-1396,-115.78,1774.0,165.12591817094395,169.4466455779485
59314,5,Extend,>>,-1433,-118.95,1777.0,164.57914241230955,169.0034031608894
59416,5,Extend,>>,-1470,-122.2,1780.0,163.89147793050788,167.72822827298197
59519,5,Extend,>>,-1507,-125.36,1784.0,162.37962822683772,168.28040090500588
59622,5,Extend,>>,-1544,-128.44,1787.0,161.4168981158481,167.57143474207837
59724,5,Extend,>>,-1581,-131.6,1790.0,160.1046973870361,167.25600058079712
59827,5,Extend,>>,-1618,-134.95,1793.0,159.019929828158,167.00039341662787
59930,5,Extend,>>,-1655,-138.11,1796.0,157.8975193581223,166.8376680501448
60033,5,Extend,>>,-1692,-141.36,1799.0,156.78452834638642,166.40324227376115
60136,5,Extend,>>,-1729,-144.53,1802.0,156.03843342214773,166.12222652209607
60239,5,Extend,>>,-1766,-147.6,1805.0,155.56748150276752,165.86610723673746
60341,5,Extend,>>,-1803,-150.77,1808.0,155.1824468878598,165.218992139201
60444,5,Extend,>>,-1840,-153.85,1811.0,154.25116676164657,165.10644426328741
60546,5,Extend,>>,-1877,-157.19,1814.0,153.86548940943115,164.9884905024925
60649,5,Extend,>>,-1914,-160.53,1817.0,153.85694883228402,164.223055706525
60752,5,Extend,>>,-1951,-163.69,1820.0,153.17636227651795,164.85767737042713
60855,5,Extend,>>,-1988,-166.68,1824.0,153.2095978531328,164.60986578536145
60958,5,Extend,>>,-2025,-169.76,1827.0,152.87909691346061,164.64559257889147
61060,5,Extend,<<,-2025,-172.92,1830.0,153.17594079524937,164.43235684352106
61164,5,Extend,<<,-1988,-173.98,1833.0,152.77564789497808,164.94204848772972
61267,5,Extend,<<,-1951,-174.07,1836.0,152.45058211986728,164.5466705730695
61369,5,Extend,<<,-1914,-171.87,1839.0,152.42530898796082,164.51644476792902
61472,5,Extend,<<,-1877,-168.97,1842.0,152.1526381720327,164.28142706105905
61575,5,Extend,<<,-1840,-165.98,1845.0,151.53128737754892,163.68884665482656
61678,5,Extend,<<,-1803,-162.73,1848.0,150.63586195050277,163.76633799754947
61780,5,Extend,<<,-1766,-159.56,1851.0,150.34908606379773,162.9245087649777
61883,5,Extend,<<,-1729,-156.31,1854.0,149.9917044810329,163.52679918909683
61985,5,Extend,<<,-1692,-153.05,1857.0,150.65154966179847,162.7405182352109
62088,5,Extend,<<,-1655,-149.71,1861.0,150.04925923767925,162.7087789634596
62190,5,Extend,<<,-1618,-146.55,1864.0,149.45435381714466,162.61373815711286
62293,5,Extend,<<,-1581,-143.21,1867.0,148.9016615248748,162.10445940574178
62395,5,Extend,<<,-1544,-139.96,1870.0,149.51390931383122,161.79817015092314
62498,5,Extend,<<,-1507,-136.79,1873.0,149.2076200590126,161.78041544438605
62600,5,Extend,<<,-1470,-133.45,1876.0,148.9076783083462,161.58836987835534
62703,5,Extend,<<,-1433,-130.29,1879.0,148.85141901380499,162.21611155730744
62806,5,Extend,<<,-1396,-127.03,1882.0,148.30137942091793,162.68665608248077
62908,5,Extend,<<,-1359,-123.78,1885.0,149.15456845751913,161.58836987835534
63011,5,Extend,<<,-1322,-120.53,1888.0,148.60452886463207,162.05755291084134
63114,5,Extend,<<,-1285,-117.36,1891.0,148.24182392423143,162.68665608248077
63216,5,Extend,<<,-1248,-114.11,1894.0,149.15456845751913,161.58836987835534
63319,5,Extend,<<,-1211,-110.95,1898.0,148.24182392423143,162.5192610010216
63422,5,Extend,<<,-1174,-107.6,1901.0,148.18777570298045,162.49461051645
63524,5,Extend,<<,-1137,-104.44,1904.0,148.73309402421233,162.1946687657836
63627,5,Extend,<<,-1100,-101.19,1907.0,148.79086689736098,161.89151932206946
63729,5,Extend,<<,-1063,-97.85,1910.0,148.85141901380499,161.72969376848548
63831,5,Extend,<<,-1026,-94.59,1913.0,149.0977856349283,161.72969376848548
63935,5,Extend,<<,-989,-91.34,1916.0,148.5482695700909,162.36070235455546
64038,5,Extend,<<,-952,-88.09,1919.0,148.85141901380499,161.8962369654934
64140,5,Extend,<<,-915,-84.84,1922.0,148.91249467652,161.72969376848548
64243,5,Extend,<<,-878,-81.76,1925.0,148.60934523280588,162.36070235455546
64346,5,Extend,<<,-841,-78.33,1928.0,148.91249467652,161.72969376848548
64448,5,Extend,<<,-804,-74.99,1931.0,148.79463619121415,162.0328432121996
64552,5,Extend,<<,-767,-71.82,1934.0,148.79463619121415,162.0328432121996
64654,5,Extend,<<,-730,-68.57,1938.0,148.79463619121415,162.0328432121996
64756,5,Extend,<<,-693,-65.23,1941.0,148.5482695700909,162.0328432121996
64859,5,Extend,<<,-656,-61.98,1944.0,148.48827905825306,162.66705948751652
64961,5,Extend,<<,-619,-58.81,1947.0,148.48827905825306,162.33920034516066
65063,5,Extend,<<,-582,-55.56,1950.0,148.48827905825306,162.66705948751652
65166,5,Extend,<<,-545,-52.31,1953.0,148.48827905825306,162.50574354216855
65269,5,Extend,<<,-508,-48.97,1956.0,148.85670932219142,162.0328432121996
65371,5,Extend,<<,-471,-45.63,1959.0,148.85670932219142,161.86820062079212
65474,5,Extend,<<,-434,-42.37,1962.0,148.7971785797617,162.33920034516066
65577,5,Extend,<<,-397,-39.3,1965.0,148.85670932219142,161.70308355768105
65680,5,Extend,<<,-360,-36.04,1968.0,149.40668515643688,161.72969376848548
65782,5,Extend,<<,-323,-32.7,1971.0,149.10353571272276,162.1993864092075
65885,5,Extend,<<,-286,-29.45,1974.0,148.55676757152503,162.99845785771655
65988,5,Extend,<<,-249,-26.2,1978.0,149.10353571272276,161.705428957799
66090,5,Extend,<<,-212,-22.95,1981.0,149.10353571272276,161.21898444615985
66192,5,Extend,<<,-175,-19.69,1984.0,148.7971785797617,161.3676282986508
66295,5,Extend,<<,-138,-16.53,1987.0,148.7971785797617,160.88722881222816
66397,5,Extend,<<,-101,-13.19,1990.0,149.34657484592847,160.4313494375525
66499,5,Extend,<<,-64,-10.02,1993.0,149.41441712434403,159.92671422987772
66601,5,Extend,<<,-27,-6.68,1996.0,149.10805999138293,160.2330713628388
66703,5,Extend,<<,10,-3.43,1999.0,148.43409123306787,160.66283001554783
66805,5,Extend,<<,47,-0.18,2002.0,149.045174896993,160.2129923862993
66907,5,Extend,<<,84,3.08,2005.0,149.045174896993,159.88159375829244
67009,5,Extend,<<,121,6.24,2008.0,148.81155528830197,159.84825296578808
67112,5,Extend,<<,158,9.49,2011.0,148.49882273142225,159.82617104590543
67214,5,Extend,<<,195,12.84,2014.0,148.7459534400647,159.48966328083242
69584,2,Flex,>>,1237,108.84,2085.0,130.5433787017803,143.608363615789
69686,2,Flex,>>,1177,108.75,2089.0,128.94164711940817,143.3325935314476
69788,2,Flex,>>,1117,105.49,2092.0,127.8588275672907,141.79376668407966
69890,2,Flex,>>,1057,100.48,2095.0,126.8254802136969,140.87385140971034
69993,2,Flex,>>,997,95.21,2098.0,126.64571645085863,140.98601809389584
70095,2,Flex,>>,937,89.93,2101.0,125.90496369522641,141.48103114271242
70198,2,Flex,>>,877,84.66,2104.0,125.16465259417828,141.06149134661032
70301,2,Flex,>>,817,79.38,2107.0,125.0844569084978,140.64331828053398
70403,2,Flex,>>,757,74.2,2110.0,125.2566496155186,140.56297496662376
70506,2,Flex,>>,697,69.01,2113.0,124.71512986731302,140.9433802567543
70608,2,Flex,>>,637,63.82,2116.0,123.87133420333542,140.49578271915357
70710,2,Flex,>>,577,58.64,2119.0,123.66138904823941,139.75748428505568
70813,2,Flex,>>,517,53.36,2122.0,122.4450503226898,140.28044185781155
70915,2,Flex,>>,457,48.0,2125.0,121.90255792260437,139.85794858964613
71017,2,Flex,>>,397,42.9,2128.0,121.36008215767505,139.91303522009233
71120,2,Flex,>>,337,37.63,2132.0,120.92264292141883,138.85544252287252
71222,2,Flex,>>,277,32.35,2135.0,120.4568954061063,139.32119003818502
71325,2,Flex,>>,217,27.08,2138.0,120.4568954061063,139.32119003818502
71427,2,Flex,>>,157,21.71,2141.0,120.6764378950197,139.72286422456324
71529,2,Flex,>>,97,16.53,2144.0,121.22037449209796,139.66522005857834
71631,2,Flex,>>,37,11.25,2147.0,122.78132349627474,139.44275533119085
71733,2,Flex,>>,-23,6.07,2150.0,123.46792168579543,139.6352128390734
71835,2,Flex,>>,-83,0.79,2153.0,123.21807249540247,140.52454593778873
71938,2,Flex,>>,-143,-4.4,2156.0,124.19340605388882,140.11041756103123
72040,2,Flex,>>,-203,-9.58,2159.0,125.59889412806788,139.59810981504015
72143,2,Flex,>>,-263,-14.86,2162.0,125.61984392258648,139.74728988141436
72245,2,Flex,>>,-323,-20.04,2165.0,126.2917217603021,139.71979818638593
72348,2,Flex,>>,-383,-25.41,2168.0,127.1850252005114,140.435888172444
72451,2,Flex,>>,-443,-30.51,2171.0,128.1092553179831,140.0669099910499
72554,2,Flex,>>,-503,-35.87,2175.0,128.26091253245036,140.40379136024973
72656,2,Flex,>>,-563,-41.05,2178.0,129.17490834495317,140.23496698768778
72758,2,Flex,>>,-623,-46.24,2181.0,129.342852891715,140.23007625534294
72860,2,Flex,>>,-683,-51.43,2184.0,130.2549474515142,139.8593916208911
72963,2,Flex,>>,-743,-56.79,2187.0,129.97284694713608,140.40575401497827
73066,2,Flex,>>,-803,-61.98,2190.0,130.1510423849669,140.38441660059766
73168,2,Flex,>>,-863,-67.08,2193.0,130.40233805217585,141.10603003084762
73270,2,Flex,>>,-923,-72.26,2196.0,129.9716960365942,141.1886159632416
73373,2,Flex,>>,-983,-77.63,2199.0,130.80013150467602,141.2693377584764
73475,2,Flex,>>,-1043,-82.9,2202.0,131.81467332085393,140.4175284268419
73578,2,Flex,>>,-1103,-88.18,2205.0,131.8838580257859,140.66624936956327
73680,2,Flex,>>,-1163,-93.36,2208.0,132.28311932588645,141.07043912606977
73783,2,Flex,>>,-1223,-98.64,2211.0,133.16233047242957,140.8743501901517
73886,2,Flex,>>,-1283,-103.91,2215.0,133.03283689861584,141.54335329139641
73988,2,Flex,>>,-1343,-109.19,2218.0,133.5340649183571,141.93494995722864
74090,2,Flex,>>,-1403,-114.29,2221.0,135.0462311192136,141.6974541677774
74192,2,Flex,>>,-1463,-119.65,2224.0,135.2984775926065,142.5571573399695
74295,2,Flex,>>,-1523,-124.92,2227.0,135.16604751954983,143.7417778288698
74397,2,Flex,>>,-1583,-130.02,2230.0,136.50085608729344,143.15997502064266
74500,2,Flex,>>,-1643,-135.12,2233.0,136.65590936357714,143.75366727663877
74603,2,Flex,>>,-1703,-140.31,2236.0,136.8476102659946,144.30273041113023
74705,2,Flex,>>,-1763,-145.49,2239.0,138.1744917602755,144.4921601996662
74807,2,Flex,>>,-1823,-150.51,2242.0,138.75030337679897,144.80531552018968
74910,2,Flex,>>,-1883,-155.78,2245.0,139.56574664189588,145.99842450912197
75013,2,Flex,>>,-1943,-160.79,2248.0,140.57410566302795,145.76100560852277
75116,2,Flex,>>,-2003,-165.98,2251.0,140.99369627839124,146.71864138874767
75218,2,Flex,>>,-2063,-171.25,2254.0,142.03141840314663,146.51477099622937
75321,2,Flex,>>,-2123,-176.18,2258.0,142.25775795300132,147.443096647936
75423,2,Flex,>>,-2183,-181.19,2261.0,143.26643209355416,147.73278985743306
75526,2,Flex,>>,-2243,-186.11,2264.0,143.6538435213324,148.60977587939007
75628,2,Flex,>>,-2303,-191.21,2267.0,145.66424466169926,148.51078102168134
75731,2,Flex,>>,-2363,-195.96,2270.0,145.93607741766755,148.5506668972453
75833,2,Flex,<<,-2363,-200.88,2273.0,145.341830869657,149.22229827592432
75936,2,Flex,<<,-2303,-202.37,2276.0,145.4368830272957,148.9347728064775
76039,2,Flex,<<,-2243,-202.37,2279.0,145.81454202237236,149.01004512521038
76141,2,Flex,<<,-2183,-198.15,2282.0,144.9928780328348,149.83494773208537
76243,2,Flex,<<,-2123,-193.23,2285.0,145.43572181631984,150.34255618427792
76347,2,Flex,<<,-2063,-188.22,2288.0,145.45368028937196,150.46165278481905
76449,2,Flex,<<,-2003,-182.95,2291.0,145.68438153551458,150.92288971653008
76552,2,Flex,<<,-1943,-177.76,2294.0,145.81102558999604,151.04308010803456
76654,2,Flex,<<,-1883,-172.57,2298.0,145.57501740740733,150.71333884915802
76757,2,Flex,<<,-1823,-167.21,2301.0,146.18980743558458,150.4112183195377
76859,2,Flex,<<,-1763,-161.93,2304.0,145.79964660992724,151.11523876497455
76962,2,Flex,<<,-1703,-156.75,2307.0,146.1296958624211,150.4112183195377
77065,2,Flex,<<,-1643,-151.38,2310.0,146.1296958624211,150.4112183195377
77167,2,Flex,<<,-1583,-146.29,2313.0,146.18980743558458,150.32396332547353
77270,2,Flex,<<,-1523,-140.92,2316.0,145.24527614853076,151.04308010803456
77372,2,Flex,<<,-1463,-135.65,2319.0,145.24527614853076,151.04308010803456
77474,2,Flex,<<,-1403,-130.46,2322.0,145.49783407392422,151.04308010803456
77577,2,Flex,<<,-1343,-125.19,2325.0,145.19949352504233,151.3414206569165
77679,2,Flex,<<,-1283,-119.91,2328.0,145.49783407392422,150.9558251139704
77781,2,Flex,<<,-1223,-114.55,2331.0,145.49783407392422,150.58301712061393
77883,2,Flex,<<,-1163,-109.36,2334.0,145.81102558999604,150.9558251139704
77986,2,Flex,<<,-1103,-104.09,2338.0,145.7498649502815,150.58301712061393
78088,2,Flex,<<,-1043,-98.81,2341.0,145.5126850411141,150.88135766949588
78191,2,Flex,<<,-983,-93.54,2344.0,145.1186953462995,150.46529846325868
78294,2,Flex,<<,-923,-88.44,2347.0,145.4323938302897,150.46529846325868
78396,2,Flex,<<,-863,-83.08,2350.0,144.88535889643234,150.38377003326832
78498,2,Flex,<<,-803,-77.8,2353.0,145.09610551579746,150.80158677775086
78601,2,Flex,<<,-743,-72.53,2356.0,144.80206817295195,150.71959860102436
78703,2,Flex,<<,-683,-67.16,2359.0,145.09610551579746,150.34869548793506
78805,2,Flex,<<,-623,-61.98,2362.0,144.54953032867627,150.64273283078057
78908,2,Flex,<<,-563,-56.62,2365.0,144.9470616546418,149.9322274744126
79010,2,Flex,<<,-503,-51.34,2368.0,144.9470616546418,149.9322274744126
79113,2,Flex,<<,-443,-46.24,2371.0,144.54953032867627,150.34255618427792
79215,2,Flex,<<,-383,-40.88,2374.0,145.09610551579746,149.9740186993231
79318,2,Flex,<<,-323,-35.69,2377.0,144.80206817295195,150.71959860102436
79420,2,Flex,<<,-263,-30.24,2381.0,144.80206817295195,150.71959860102436
79523,2,Flex,<<,-203,-25.05,2384.0,144.54953032867627,150.34255618427792
79625,2,Flex,<<,-143,-19.69,2387.0,145.09610551579746,149.9740186993231
79728,2,Flex,<<,-83,-14.59,2390.0,144.61123308688576,150.64273283078057
79830,2,Flex,<<,-23,-9.14,2393.0,144.80206817295195,150.71959860102436
79933,2,Flex,<<,37,-4.04,2396.0,144.54953032867627,150.71959860102436
80035,2,Flex,<<,97,1.23,2399.0,144.54953032867627,150.71959860102436
80138,2,Flex,<<,157,6.68,2402.0,144.54953032867627,150.71959860102436
80240,2,Flex,<<,217,11.87,2405.0,145.09610551579746,150.04851884143244
80343,2,Flex,<<,277,17.14,2408.0,145.09610551579746,150.42556125817885
80445,2,Flex,<<,337,22.24,2411.0,144.9470616546418,150.38377003326832
80548,2,Flex,<<,397,27.69,2414.0,144.9470616546418,150.38377003326832
80650,2,Flex,<<,457,32.88,2417.0,144.96752240136325,150.7223748956079
80752,2,Flex,<<,517,38.15,2420.0,145.0093136262738,150.38377003326832
80856,2,Flex,<<,577,43.43,2424.0,145.30381071585546,150.08927294368667
80958,2,Flex,<<,637,48.62,2427.0,145.30381071585546,150.46529846325868
81060,2,Flex,<<,697,54.07,2430.0,145.30381071585546,150.46529846325868
81163,2,Flex,<<,757,59.25,2433.0,145.30381071585546,150.92288971653008
81265,2,Flex,<<,817,64.53,2436.0,145.04860807425686,151.2991303131971
81368,2,Flex,<<,877,69.8,2439.0,145.34656447419079,150.9162303246621
81470,2,Flex,<<,937,74.99,2442.0,145.09081375653946,151.3762933120827
81573,2,Flex,<<,997,80.26,2445.0,145.7258394965906,151.95491385966886
81675,2,Flex,<<,1057,85.63,2448.0,145.65997727625583,151.73642197293123
81777,2,Flex,<<,1117,90.81,2451.0,146.11723056697878,152.31435870772592
81879,2,Flex,<<,1177,96.18,2454.0,147.00575242482995,152.79676629290293
81981,2,Flex,<<,1237,101.45,2457.0,146.81373559948298,153.33002639707746
83350,5,Extend,>>,195,17.14,2498.0,165.70425590427587,164.16745178135946
83453,5,Extend,>>,158,17.14,2502.0,168.812233182027,165.60702204384833
83555,5,Extend,>>,121,15.03,2505.0,170.77285330734227,167.71194193173335
83657,5,Extend,>>,84,11.87,2508.0,172.91997267213227,168.40796145042208
83760,5,Extend,>>,47,8.62,2511.0,174.940353948583,170.27909581316644
83863,5,Extend,>>,10,5.54,2514.0,176.6426575444683,171.393569373765
83965,5,Extend,>>,-27,2.29,2517.0,177.7091089503724,172.57274797923534
84067,5,Extend,>>,-64,-0.97,2520.0,179.97198250614392,172.85651731090272
84169,5,Extend,>>,-101,-4.22,2523.0,178.97034454390695,173.88252272977505
84272,5,Extend,>>,-138,-7.38,2526.0,177.46359256553703,173.82128349484987
84374,5,Extend,>>,-175,-10.73,2529.0,177.53538884597086,174.8786834892213
84476,5,Extend,>>,-212,-13.89,2532.0,176.6355791307775,174.73991133099813
84579,5,Extend,>>,-249,-17.05,2535.0,176.32158791725035,175.0502024681478
84681,5,Extend,>>,-286,-20.22,2538.0,175.59701408883436,175.72089144459818
84783,5,Extend,>>,-323,-23.47,2541.0,174.89197104523328,175.9989513293976
84886,5,Extend,>>,-360,-26.73,2545.0,175.13345344980783,177.11748741900917
84988,5,Extend,>>,-397,-29.8,2548.0,174.8263814981337,176.68645109242968
85090,5,Extend,>>,-434,-33.05,2551.0,174.67136842909636,176.65744757053776
85192,5,Extend,>>,-471,-36.31,2554.0,174.79509253859467,176.6551621328907
85294,5,Extend,>>,-508,-39.47,2557.0,174.7032873723924,177.05927253011225
85397,5,Extend,>>,-545,-42.64,2560.0,174.88556068729264,176.74547350332398
85498,5,Extend,>>,-582,-45.8,2563.0,175.04724974298145,176.77547739348
85601,5,Extend,>>,-619,-49.05,2566.0,175.84253691951693,176.44734136178255
85703,5,Extend,>>,-656,-52.31,2569.0,177.06147818058037,176.187143628579
85806,5,Extend,>>,-693,-55.47,2572.0,177.9488080851321,175.95074339998274
85908,5,Extend,>>,-730,-58.55,2575.0,178.67672563559177,175.28478461161484
86010,5,Extend,>>,-767,-61.63,2578.0,179.62870602652842,175.32629766008193
86113,5,Extend,>>,-804,-64.97,2581.0,179.62674852786327,175.50766104087617
86215,5,Extend,>>,-841,-68.13,2584.0,178.6438746844847,175.49799707751293
86317,5,Extend,>>,-878,-71.3,2587.0,178.44462066808515,174.47364887815485
86420,5,Extend,>>,-915,-74.46,2591.0,177.5587959079478,174.19238435377324
86522,5,Extend,>>,-952,-77.71,2594.0,176.35447981267583,174.68643527834527
86624,5,Extend,>>,-989,-80.88,2597.0,175.64364771985953,174.0063037216088
86727,5,Extend,>>,-1026,-83.96,2600.0,173.26951606538432,172.78573796079328
86829,5,Extend,>>,-1063,-87.12,2603.0,171.08126743893664,172.3254268534025
86931,5,Extend,>>,-1100,-90.46,2606.0,169.20866923439826,171.3694357645143
87033,5,Extend,>>,-1137,-93.8,2609.0,167.9651954194932,170.81528853018304
87135,5,Extend,>>,-1174,-96.97,2612.0,165.85758514521416,170.69071458154215
87239,5,Extend,>>,-1211,-100.13,2615.0,163.8497890155044,170.01849218364546
87341,5,Extend,>>,-1248,-103.21,2618.0,161.91266135662295,169.60372417344598
87445,5,Extend,>>,-1285,-106.37,2621.0,160.55846126664505,168.88089417474674
87547,5,Extend,>>,-1322,-109.45,2624.0,159.22142822718823,168.8980717999746
87650,5,Extend,>>,-1359,-112.97,2627.0,158.62775037950092,167.36561456026794
87752,5,Extend,>>,-1396,-116.22,2630.0,157.98338017311744,166.9792495446627
87856,5,Extend,>>,-1433,-119.47,2634.0,156.7908155650269,166.07582604537555
87958,5,Extend,>>,-1470,-122.64,2637.0,155.61616192017513,166.4290995795253
88061,5,Extend,>>,-1507,-125.8,2640.0,155.2570691792112,165.97790363783864
88164,5,Extend,>>,-1544,-128.88,2643.0,155.46417409928793,165.19949450459433
88266,5,Extend,>>,-1581,-132.04,2646.0,155.16310489234993,164.75964064218843
88369,5,Extend,>>,-1618,-135.47,2649.0,154.51409261440622,164.6099146785452
88472,5,Extend,>>,-1655,-138.73,2652.0,154.5387292014262,164.34010592846548
88574,5,Extend,>>,-1692,-141.8,2655.0,154.49530489799335,164.10544602081922
88678,5,Extend,>>,-1729,-145.05,2658.0,153.71586989620346,164.71289035693158
88781,5,Extend,>>,-1766,-148.13,2661.0,154.3107045014402,164.11152640327109
88883,5,Extend,>>,-1803,-151.38,2664.0,153.9559270213335,163.88130269755567
88985,5,Extend,>>,-1840,-154.64,2667.0,153.9559270213335,163.88130269755567
89088,5,Extend,>>,-1877,-157.89,2671.0,154.19541208047423,163.88130269755567
89191,5,Extend,>>,-1914,-161.14,2674.0,154.19541208047423,163.36709236592202
89294,5,Extend,>>,-1951,-164.22,2677.0,153.90605833678302,163.65644610961323
89397,5,Extend,>>,-1988,-167.3,2680.0,153.34779682394966,163.65557394333518
89499,5,Extend,>>,-2025,-170.46,2683.0,153.58728188309038,163.85007994623737
89602,5,Extend,<<,-2025,-173.63,2686.0,153.58728188309038,163.65557394333518
89705,5,Extend,<<,-1988,-174.77,2689.0,153.58728188309038,163.65557394333518
89808,5,Extend,<<,-1951,-174.68,2692.0,153.6568419424129,163.46323341817686
89910,5,Extend,<<,-1914,-172.22,2695.0,153.89666305885015,163.3337599319765
90013,5,Extend,<<,-1877,-169.14,2698.0,153.0405953918669,163.14257862567888
90116,5,Extend,<<,-1840,-166.07,2701.0,153.6568419424129,163.14257862567888
90218,5,Extend,<<,-1803,-162.81,2704.0,153.0481619399078,164.26425394584032
90321,5,Extend,<<,-1766,-159.56,2708.0,153.89666305885015,163.00977896247736
90424,5,Extend,<<,-1729,-156.31,2711.0,152.97860188058527,163.94243993448157
90526,5,Extend,<<,-1692,-153.05,2714.0,152.97860188058527,163.94243993448157
90629,5,Extend,<<,-1655,-149.8,2717.0,153.60377567726346,163.43546600726557
90731,5,Extend,<<,-1618,-146.55,2720.0,152.73911682144453,163.75125862818402
90834,5,Extend,<<,-1581,-143.3,2723.0,153.60377567726346,163.43546600726557
90936,5,Extend,<<,-1544,-140.04,2726.0,153.29439450150366,163.11267629830584
91039,5,Extend,<<,-1507,-136.79,2729.0,153.6568419424129,162.81978891671918
91142,5,Extend,<<,-1470,-133.45,2732.0,152.97860188058527,163.75125862818402
91245,5,Extend,<<,-1433,-130.37,2735.0,152.97860188058527,163.61845896498247
91348,5,Extend,<<,-1396,-127.12,2738.0,152.97860188058527,163.42846891922431
91450,5,Extend,<<,-1359,-123.78,2741.0,153.53330119925818,163.11267629830584
91553,5,Extend,<<,-1322,-120.62,2745.0,153.53330119925818,163.11267629830584
91656,5,Extend,<<,-1285,-117.36,2748.0,153.53330119925818,163.11267629830584
91759,5,Extend,<<,-1248,-114.11,2751.0,153.21750857833982,163.61845896498247
91862,5,Extend,<<,-1211,-110.86,2754.0,152.97860188058527,163.42846891922431
91964,5,Extend,<<,-1174,-107.6,2757.0,153.21750857833982,163.42846891922431
92067,5,Extend,<<,-1137,-104.35,2760.0,152.97860188058527,163.42846891922431
92169,5,Extend,<<,-1100,-101.19,2763.0,152.97860188058527,163.42846891922431
92272,5,Extend,<<,-1063,-97.85,2766.0,153.53330119925818,163.11267629830584
92374,5,Extend,<<,-1026,-94.59,2769.0,152.6231910757937,163.4088268975347
92477,5,Extend,<<,-989,-91.43,2772.0,152.06896943133964,163.72482937151827
92579,5,Extend,<<,-952,-88.09,2775.0,152.68224142829126,163.72482937151827
92682,5,Extend,<<,-915,-84.84,2778.0,152.68224142829126,163.72482937151827
92785,5,Extend,<<,-878,-81.76,2781.0,152.06896943133964,163.72482937151827
92887,5,Extend,<<,-841,-78.33,2785.0,152.31893843151477,163.4088268975347
92990,5,Extend,<<,-804,-75.08,2788.0,152.00293595753115,163.58867045598578
93092,5,Extend,<<,-767,-71.82,2791.0,152.36532988363368,163.10354359620277
93195,5,Extend,<<,-730,-68.57,2794.0,153.23715060002942,163.4088268975347
93297,5,Extend,<<,-693,-65.23,2797.0,153.23715060002942,163.4088268975347
93399,5,Extend,<<,-656,-62.07,2800.0,152.9211481260458,163.91481941727645
93501,5,Extend,<<,-619,-58.81,2803.0,152.06896943133964,163.91481941727645
93604,5,Extend,<<,-582,-55.65,2806.0,152.06896943133964,163.72482937151827
111543,5,Extend,>>,195,17.14,3344.0,177.3995540459012,170.70811138443176
111645,5,Extend,>>,158,17.14,3347.0,178.46723624025012,171.0961411458551
111748,5,Extend,>>,121,14.95,3350.0,179.307173625854,172.50264924697302
111850,5,Extend,>>,84,11.87,3353.0,179.16566263866957,172.72997368242778
111952,5,Extend,>>,47,8.7,3356.0,178.3657442506298,173.087606174679
112054,5,Extend,>>,10,5.54,3360.0,178.0355065454486,174.1229114598398
112156,5,Extend,>>,-27,2.29,3363.0,177.72068931568433,174.46913633087243
112259,5,Extend,>>,-64,-0.97,3366.0,177.24620901802683,174.71967043771605
112361,5,Extend,>>,-101,-4.22,3369.0,176.48245821188846,174.98580463811217
112463,5,Extend,>>,-138,-7.38,3372.0,175.8755329215157,175.26207750356463
112565,5,Extend,>>,-175,-10.73,3375.0,174.78765798028132,175.16194907378656
112668,5,Extend,>>,-212,-13.98,3378.0,174.44162571296457,175.82820860199627
112771,5,Extend,>>,-249,-17.05,3381.0,174.0926978069439,176.07262081209973
112873,5,Extend,>>,-286,-20.22,3384.0,173.72195565127333,176.4482666451795
112975,5,Extend,>>,-323,-23.47,3387.0,173.9684150064459,177.2238537183017
113077,5,Extend,>>,-360,-26.73,3390.0,173.44644770102778,176.81290836445757
113180,5,Extend,>>,-397,-29.89,3393.0,173.70773167633223,177.9685742582775
113282,5,Extend,>>,-434,-33.05,3396.0,172.73268902027934,177.41676745307842
113385,5,Extend,>>,-471,-36.31,3399.0,172.47164999497411,178.10187993967114
113488,5,Extend,>>,-508,-39.47,3403.0,172.33484117191443,178.50815317388
113590,5,Extend,>>,-545,-42.55,3406.0,172.58466628076297,178.87229605845246
113693,5,Extend,>>,-582,-45.8,3409.0,172.2341323977375,178.7901398493249
113796,5,Extend,>>,-619,-49.14,3412.0,171.98522508895348,178.42599696475273
113899,5,Extend,>>,-656,-52.4,3415.0,172.5327504596264,178.30574703483856
114001,5,Extend,>>,-693,-55.47,3418.0,173.7286021078891,177.83872604835003
114104,5,Extend,>>,-730,-58.55,3421.0,174.50939744798865,177.8811081682537
114206,5,Extend,>>,-767,-61.71,3424.0,175.25054121276364,177.63539827003805
114309,5,Extend,>>,-804,-64.88,3427.0,176.67158222654848,177.28536650624488
114411,5,Extend,>>,-841,-68.13,3430.0,177.75582981492198,177.01493539034195
114514,5,Extend,>>,-878,-71.3,3433.0,178.87383878049724,176.74547350332398
114617,5,Extend,>>,-915,-74.46,3436.0,179.82135628256077,177.20601389662093
114719,5,Extend,>>,-952,-77.71,3440.0,179.55612864033722,176.5735217495029
114822,5,Extend,>>,-989,-80.88,3443.0,176.44584380542605,176.60932101109958
114924,5,Extend,>>,-1026,-83.96,3446.0,174.89191382799132,175.85130056917825
115027,5,Extend,>>,-1063,-87.12,3449.0,173.69015580359485,175.76742909644014
115130,5,Extend,>>,-1100,-90.46,3452.0,172.17450232097875,175.97136426415352
115233,5,Extend,>>,-1137,-93.8,3455.0,170.9580504925932,176.37071650333357
115335,5,Extend,>>,-1174,-96.88,3458.0,169.9997289796105,176.1005286973694
115438,5,Extend,>>,-1211,-99.96,3461.0,168.44493683307687,176.64059749522306
115541,5,Extend,>>,-1248,-103.3,3464.0,168.26016183222902,175.64577893693047
115644,5,Extend,>>,-1285,-106.37,3467.0,166.0638148416602,175.42703906893968
115746,5,Extend,>>,-1322,-109.36,3470.0,165.0666730102913,175.09047674474556
115849,5,Extend,>>,-1359,-112.79,3473.0,164.37849952794411,174.38934157101457
115952,5,Extend,>>,-1396,-116.04,3476.0,163.24030215356922,173.90169657648028
116054,5,Extend,>>,-1433,-119.12,3480.0,162.23960001933878,173.08194626602935
116158,5,Extend,>>,-1470,-122.29,3483.0,160.7289336902696,173.0532756410989
116261,5,Extend,>>,-1507,-125.54,3486.0,160.09468401162346,171.80537539889238
116363,5,Extend,>>,-1544,-128.62,3489.0,159.40751826376066,171.1901819071542
116466,5,Extend,>>,-1581,-131.87,3492.0,159.07116652608485,170.21951376384882
116569,5,Extend,>>,-1618,-135.21,3495.0,158.14016122581285,169.59520041460226
116672,5,Extend,>>,-1655,-138.46,3498.0,157.8006163960735,169.14384002109657
116775,5,Extend,>>,-1692,-141.71,3501.0,156.9639005568702,168.94459567669395
116877,5,Extend,>>,-1729,-144.97,3504.0,156.37786527284587,167.73385295870696
116981,5,Extend,>>,-1766,-148.31,3507.0,156.03259799340563,167.29412315940684
117084,5,Extend,>>,-1803,-151.56,3510.0,155.43975355355485,167.37266917552162
117186,5,Extend,>>,-1840,-154.73,3514.0,155.09076289376515,166.65510840529907
117289,5,Extend,>>,-1877,-157.89,3517.0,154.81930792502732,166.1824391525193
117392,5,Extend,>>,-1914,-161.14,3520.0,154.55397932544005,165.42185216266785
117494,5,Extend,>>,-1951,-164.22,3523.0,153.9568425202626,166.01898896784536
117597,5,Extend,>>,-1988,-167.3,3526.0,153.93062427635158,165.9956192325986
117699,5,Extend,>>,-2025,-170.37,3529.0,153.9568425202626,165.21107015337864
117802,5,Extend,<<,-2025,-173.54,3532.0,153.03542528906186,165.53183545873307
117905,5,Extend,<<,-1988,-174.77,3535.0,153.00504542009503,165.29434446493437
118008,5,Extend,<<,-1951,-174.68,3538.0,152.72564895373043,165.3658745693264
118111,5,Extend,<<,-1914,-172.31,3541.0,152.38839975462608,164.2308658703836
118213,5,Extend,<<,-1877,-169.14,3544.0,151.23465340074188,163.3235797375171
118316,5,Extend,<<,-1840,-166.07,3547.0,150.67634287928584,162.9914372668445
118419,5,Extend,<<,-1803,-162.81,3551.0,150.0798006767411,162.91361202963682
118522,5,Extend,<<,-1766,-159.56,3554.0,148.98966857583684,162.99301321544178
118625,5,Extend,<<,-1729,-156.31,3557.0,148.2691869138857,162.2439744740568
118728,5,Extend,<<,-1692,-153.05,3560.0,147.6545493856829,160.5568897965275
118830,5,Extend,<<,-1655,-149.8,3563.0,146.74795504664868,161.10587844685978
118933,5,Extend,<<,-1618,-146.55,3566.0,145.8859479479255,160.90146384189225
119036,5,Extend,<<,-1581,-143.3,3569.0,146.48909317686923,159.80611683875307
119139,5,Extend,<<,-1544,-140.04,3572.0,146.13585800114663,160.21413577823873
119242,5,Extend,<<,-1507,-136.79,3575.0,146.08268327904634,160.1403941399607
119345,5,Extend,<<,-1470,-133.45,3578.0,145.8021512774236,160.42092614158344
119447,5,Extend,<<,-1433,-130.37,3581.0,146.33196761619706,160.1403941399607
119550,5,Extend,<<,-1396,-127.12,3584.0,145.9943814949762,160.4779802611816
119653,5,Extend,<<,-1359,-123.78,3588.0,141.65710691252727,155.8830974076433
119756,5,Extend,<<,-1322,-120.62,3591.0,140.28732425895194,156.3908110562149
119859,5,Extend,<<,-1285,-117.36,3594.0,141.23100232836893,157.73908587866313
119961,5,Extend,<<,-1248,-114.11,3597.0,142.2087208613214,157.85281450922196
120063,5,Extend,<<,-1211,-110.95,3600.0,141.87931219003542,158.30175573266234
120166,5,Extend,<<,-1174,-107.6,3603.0,142.74813072578038,157.3217073953085
120268,5,Extend,<<,-1137,-104.44,3606.0,142.23791359094773,157.94315433175007
120371,5,Extend,<<,-1100,-101.19,3609.0,142.23791359094773,157.94315433175007
120473,5,Extend,<<,-1063,-97.85,3612.0,142.74813072578038,157.5983557690877
120575,5,Extend,<<,-1026,-94.59,3615.0,142.74813072578038,157.95897398999048
120678,5,Extend,<<,-989,-91.43,3618.0,142.74813072578038,158.0483513719391
120781,5,Extend,<<,-952,-88.09,3621.0,142.49056241215894,158.30591968556055
120883,5,Extend,<<,-915,-84.84,3624.0,142.49056241215894,158.30591968556055
120985,5,Extend,<<,-878,-81.76,3627.0,142.49056241215894,158.30591968556055
121088,5,Extend,<<,-841,-78.33,3631.0,142.49056241215894,158.7602121087044
121190,5,Extend,<<,-804,-75.08,3634.0,143.00010648076045,158.4099796087022
121293,5,Extend,<<,-767,-71.82,3637.0,143.00010648076045,158.4099796087022
121396,5,Extend,<<,-730,-68.48,3640.0,143.00010648076045,158.4099796087022
121498,5,Extend,<<,-693,-65.23,3643.0,142.49056241215894,158.66754792232362
121601,5,Extend,<<,-656,-61.98,3646.0,142.74813072578038,158.4099796087022
121703,5,Extend,<<,-619,-58.81,3649.0,142.92301836109607,158.50264379508295
121805,5,Extend,<<,-582,-55.56,3652.0,142.83835041815254,158.7602121087044
121907,5,Extend,<<,-545,-52.31,3655.0,143.09591873177396,158.50264379508295
122009,5,Extend,<<,-508,-48.97,3658.0,142.83835041815254,158.7602121087044
122113,5,Extend,<<,-471,-45.63,3661.0,143.59253672296364,158.50264379508295
122215,5,Extend,<<,-434,-42.37,3664.0,143.3445659349903,158.50264379508295
122318,5,Extend,<<,-397,-39.3,3667.0,143.3445659349903,158.50264379508295
122421,5,Extend,<<,-360,-36.04,3671.0,143.35656670649718,158.14618356934628
122523,5,Extend,<<,-323,-32.7,3674.0,142.92301836109607,158.86523945758637
122625,5,Extend,<<,-286,-29.45,3677.0,142.66545004747465,159.58232402818177
122728,5,Extend,<<,-249,-26.2,3680.0,143.09591873177396,159.22662979660248
122830,5,Extend,<<,-212,-22.95,3683.0,142.92301836109607,159.68702365519638
122932,5,Extend,<<,-175,-19.69,3686.0,143.09591873177396,159.68702365519638
123034,5,Extend,<<,-138,-16.53,3689.0,143.3445659349903,160.15162728082512
123138,5,Extend,<<,-101,-13.19,3692.0,143.09591873177396,160.15162728082512
123240,5,Extend,<<,-64,-10.02,3695.0,143.17332127573673,160.6204367412515
123343,5,Extend,<<,-27,-6.68,3698.0,143.77940611116767,160.37237176298515
123445,5,Extend,<<,10,-3.43,3701.0,143.52978150147342,160.62649242807908
123547,5,Extend,<<,47,-0.18,3704.0,143.44240929800492,157.86113062697586
123650,5,Extend,<<,84,3.08,3707.0,143.701026160727,157.51425271403824
123752,5,Extend,<<,121,6.24,3710.0,143.77940611116767,156.9866821777424
123855,5,Extend,<<,158,9.49,3714.0,143.00010648076045,157.6974588223669
123957,5,Extend,<<,195,12.75,3717.0,143.35656670649718,156.90370500257
126327,2,Flex,>>,1233,108.4,3788.0,131.95275566613927,145.73411488077525
126429,2,Flex,>>,1173,108.4,3791.0,131.2488382190152,145.84140266475018
126531,2,Flex,>>,1113,105.14,3794.0,130.44971886233617,144.6887865603668
126633,2,Flex,>>,1053,100.04,3797.0,129.11801338474137,144.768110363764
126735,2,Flex,>>,993,94.77,3800.0,129.4209793316222,143.31440990894995
126837,2,Flex,>>,933,89.67,3803.0,129.0128653774787,142.85246344434003
126940,2,Flex,>>,873,84.31,3806.0,127.93162343487722,142.37535747173212
127042,2,Flex,>>,813,79.03,3809.0,127.0576468907257,141.24156404092315
127145,2,Flex,>>,753,73.93,3812.0,125.82017470626366,141.17871650515016
127247,2,Flex,>>,693,68.66,3815.0,125.54494742904636,140.662262194279
127350,2,Flex,>>,633,63.38,3818.0,125.01050971709861,140.48594976689668
127452,2,Flex,>>,573,58.29,3821.0,124.21818114787462,139.9667481875821
127554,2,Flex,>>,513,53.01,3825.0,122.49310050607318,139.1715100759318
127657,2,Flex,>>,453,47.65,3828.0,120.6734921959787,139.48858817362094
127759,2,Flex,>>,393,42.55,3831.0,120.15657548807818,138.40007921549144
127861,2,Flex,>>,333,37.27,3834.0,118.27257540194445,138.59726763885504
127964,2,Flex,>>,273,32.0,3837.0,117.38275309891338,138.86934117881293
128065,2,Flex,>>,213,26.81,3840.0,116.69764108546342,138.1099833406646
128168,2,Flex,>>,153,21.36,3843.0,116.61776117095962,137.4451438571433
128270,2,Flex,>>,93,16.18,3846.0,116.1487643257577,137.6319255700711
128372,2,Flex,>>,33,10.9,3849.0,116.1487643257577,137.6319255700711
128474,2,Flex,>>,-27,5.71,3852.0,116.61776117095962,136.87787744728536
128577,2,Flex,>>,-87,0.26,3855.0,116.83352243516983,137.26372613160518
128679,2,Flex,>>,-147,-4.84,3858.0,117.77252415081863,137.76023706232817
128782,2,Flex,>>,-207,-10.02,3861.0,119.31843403184354,138.06498199497383
128884,2,Flex,>>,-267,-15.3,3864.0,121.72536960791611,137.87180529649427
128987,2,Flex,>>,-327,-20.48,3868.0,123.31942543800328,137.79498634002098
129090,2,Flex,>>,-387,-25.85,3871.0,123.55339235386482,138.98611304989134
129192,2,Flex,>>,-447,-31.03,3874.0,125.09555560015885,138.1437243051233
129294,2,Flex,>>,-507,-36.31,3877.0,125.4256931625311,138.57048479288898
129397,2,Flex,>>,-567,-41.49,3880.0,126.03902813497396,138.26526848278195
129500,2,Flex,>>,-627,-46.68,3883.0,126.36450976877393,138.7018318896196
129603,2,Flex,>>,-687,-51.96,3886.0,126.71787775221075,138.82241020273605
129705,2,Flex,>>,-747,-57.14,3889.0,127.63720596093373,138.80051129556924
129808,2,Flex,>>,-807,-62.24,3892.0,127.32758840022046,139.44284557269145
129910,2,Flex,>>,-867,-67.43,3895.0,127.65713309101913,139.33572898880558
130014,2,Flex,>>,-927,-72.88,3898.0,128.11200112263512,139.42759208627365
130117,2,Flex,>>,-987,-78.15,3901.0,128.43973952971896,140.0586151092947
130219,2,Flex,>>,-1047,-83.34,3905.0,129.82555402750162,139.9439480857934
130322,2,Flex,>>,-1107,-88.62,3908.0,130.40233805217585,139.49197918430082
130424,2,Flex,>>,-1167,-93.8,3911.0,130.22435416540736,139.93416434056007
130527,2,Flex,>>,-1227,-99.25,3914.0,130.93621642065,139.8486081823419
130629,2,Flex,>>,-1287,-104.35,3917.0,131.70922724434442,140.62174286388458
130732,2,Flex,>>,-1347,-109.71,3920.0,132.2215057062842,140.6303653066304
130834,2,Flex,>>,-1407,-114.99,3923.0,132.68341142665307,140.56977541016315
130937,2,Flex,>>,-1467,-120.35,3926.0,132.7271531420501,140.64519520629577
131040,2,Flex,>>,-1527,-125.54,3929.0,132.94092683130407,141.46041890923178
131143,2,Flex,>>,-1587,-130.73,3932.0,134.28169316567207,141.63688817977604
131246,2,Flex,>>,-1647,-135.82,3935.0,135.26026456717474,142.31489350070635
131349,2,Flex,>>,-1707,-141.19,3938.0,135.6417352605405,142.96639875249173
131451,2,Flex,>>,-1767,-146.2,3941.0,136.6615023177163,142.5608431537579
131553,2,Flex,>>,-1827,-151.3,3945.0,137.22248481140358,143.16533883253487
131656,2,Flex,>>,-1887,-156.48,3948.0,137.1285225312967,143.40822280355135
131758,2,Flex,>>,-1947,-161.49,3951.0,137.69704859629064,143.49916431912504
131861,2,Flex,>>,-2007,-166.68,3954.0,137.8928936427541,143.69222346684694
131963,2,Flex,>>,-2067,-171.78,3957.0,138.4069856813634,142.96803287941773
132067,2,Flex,>>,-2127,-176.7,3960.0,138.04901806515954,143.8880685133104
132170,2,Flex,>>,-2187,-181.8,3963.0,137.44264384661847,144.15313254282384
132272,2,Flex,>>,-2247,-186.81,3966.0,138.44984720259677,143.7417778288698
132375,2,Flex,>>,-2307,-191.65,3969.0,138.69641304291454,143.67077937758475
132477,2,Flex,>>,-2367,-196.48,3972.0,138.8000309645862,143.8118215342126
132580,2,Flex,<<,-2367,-201.32,3975.0,138.25174226039968,143.9398827710669
132683,2,Flex,<<,-2307,-202.9,3978.0,138.9538612738153,143.9398827710669
132786,2,Flex,<<,-2247,-202.64,3982.0,138.8000309645862,143.8118215342126
132888,2,Flex,<<,-2187,-198.51,3985.0,138.8484736927647,143.9398827710669
132991,2,Flex,<<,-2127,-193.58,3988.0,138.35448113826118,143.9398827710669
133093,2,Flex,<<,-2067,-188.57,3991.0,138.44984720259677,144.13009817672852
133196,2,Flex,<<,-2007,-183.21,3994.0,138.1014278534485,144.51934091618347
133298,2,Flex,<<,-1947,-178.11,3997.0,138.44984720259677,144.51934091618347
133405,2,Flex,<<,-1887,-172.84,4000.0,138.54895043054879,144.77090620067838
133508,2,Flex,<<,-1827,-167.56,4003.0,139.2218670908561,143.9523985453476
133610,2,Flex,<<,-1767,-162.37,4006.0,139.3674580858796,144.6728057309766
133713,2,Flex,<<,-1707,-157.1,4009.0,139.7723174235676,144.66054633766018
133815,2,Flex,<<,-1647,-151.74,4012.0,139.92767287610602,144.70393755870882
133918,2,Flex,<<,-1587,-146.64,4015.0,140.6866485810771,144.8740592517574
134021,2,Flex,<<,-1527,-141.27,4019.0,140.95905934621436,145.0427766833391
134124,2,Flex,<<,-1467,-136.0,4022.0,141.45513652429403,145.46964540213818
134226,2,Flex,<<,-1407,-130.81,4025.0,141.74964276914622,145.04050453377474
134328,2,Flex,<<,-1347,-125.63,4028.0,141.01271630337214,146.25454414783815
134431,2,Flex,<<,-1287,-120.35,4031.0,141.63265147585156,145.63460897535873
134533,2,Flex,<<,-1227,-114.9,4034.0,141.55154973303598,145.86319081000485
134636,2,Flex,<<,-1167,-109.71,4037.0,141.77950637487461,146.05295234682967
134738,2,Flex,<<,-1107,-104.44,4040.0,142.26987626116926,145.63523416816625
134840,2,Flex,<<,-1047,-99.16,4043.0,142.26987626116926,145.60792445645313
134944,2,Flex,<<,-987,-93.8,4046.0,142.26987626116926,145.63523416816625
135047,2,Flex,<<,-927,-88.7,4049.0,142.3682786863232,145.63523416816625
135149,2,Flex,<<,-867,-83.43,4052.0,142.26987626116926,145.63523416816625
135251,2,Flex,<<,-807,-78.15,4055.0,142.0251068454347,145.24215360577557
135354,2,Flex,<<,-747,-72.79,4059.0,141.87742089158613,146.05462690271952
135456,2,Flex,<<,-687,-67.52,4062.0,141.65124034399227,146.25387008534324
135559,2,Flex,<<,-627,-62.24,4065.0,141.87742089158613,146.05462690271952
135662,2,Flex,<<,-567,-56.88,4068.0,141.87742089158613,146.05462690271952
135764,2,Flex,<<,-507,-51.69,4071.0,141.87742089158613,146.05462690271952
135867,2,Flex,<<,-447,-46.51,4074.0,142.22062874160707,146.02768953774938
135969,2,Flex,<<,-387,-41.23,4077.0,141.97582331674008,146.02768953774938
136072,2,Flex,<<,-327,-35.96,4080.0,142.3682786863232,145.24215360577557
136175,2,Flex,<<,-267,-30.68,4083.0,142.14032204448458,145.44009960445402
136278,2,Flex,<<,-207,-25.32,4086.0,142.3682786863232,145.63523416816625
136380,2,Flex,<<,-147,-20.13,4089.0,141.8946706906983,145.86319081000485
136483,2,Flex,<<,-87,-14.86,4092.0,141.87742089158613,146.02768953774938
136586,2,Flex,<<,-27,-9.49,4096.0,141.63265147585156,146.02768953774938
136689,2,Flex,<<,33,-4.31,4099.0,142.3682786863232,145.63523416816625
136791,2,Flex,<<,93,0.97,4102.0,142.3682786863232,145.63523416816625
136893,2,Flex,<<,153,6.24,4105.0,141.8946706906983,145.86319081000485
136996,2,Flex,<<,213,11.6,4108.0,142.3682786863232,145.63523416816625
137098,2,Flex,<<,273,16.7,4111.0,142.3682786863232,145.63523416816625
137200,2,Flex,<<,333,21.98,4114.0,142.61308411119023,145.63523416816625
137303,2,Flex,<<,393,27.34,4117.0,142.3682786863232,146.02868704238338
137405,2,Flex,<<,453,32.53,4120.0,142.3682786863232,146.00408602220642
137508,2,Flex,<<,513,37.8,4123.0,142.59936704057986,146.19138724650787
137611,2,Flex,<<,573,43.08,4126.0,142.1226273325369,146.42247560076453
137713,2,Flex,<<,633,48.26,4129.0,142.22098908914805,146.81656302629122
137815,2,Flex,<<,693,53.71,4132.0,142.61031293732782,146.42723917811142
137917,2,Flex,<<,753,58.9,4135.0,142.84311941184043,146.5887820102561
138020,2,Flex,<<,813,64.09,4139.0,142.94233278369688,146.98335606362943
138122,2,Flex,<<,873,69.36,4142.0,142.94233278369688,146.98335606362943
138224,2,Flex,<<,933,74.73,4145.0,142.94233278369688,147.37811760171138
138327,2,Flex,<<,993,80.0,4148.0,143.4302639653791,146.97929411396692
138430,2,Flex,<<,1053,85.27,4151.0,143.18106589820997,147.3851735665391
138533,2,Flex,<<,1113,90.46,4154.0,143.41871671280765,147.54254706813464
138635,2,Flex,<<,1173,95.82,4157.0,143.18106589820997,148.5704343851615
138737,2,Flex,<<,1233,101.19,4160.0,143.41871671280765,148.72792061307135
140107,5,Extend,>>,195,17.14,4201.0,157.39563405327303,158.6193474281584
140209,5,Extend,>>,158,17.14,4204.0,158.9785174469406,159.294075515514
140312,5,Extend,>>,121,15.03,4207.0,160.3578174002525,159.68368759235335
140414,5,Extend,>>,84,11.87,4210.0,160.7153932475978,161.32175845881315
140516,5,Extend,>>,47,8.7,4213.0,161.98917734662155,162.58660170224397
140618,5,Extend,>>,10,5.54,4216.0,163.8415975282254,162.34227182795618
140720,5,Extend,>>,-27,2.29,4220.0,166.2598170102836,164.23677582139084
140823,5,Extend,>>,-64,-0.97,4223.0,167.5574105981026,165.6642554283663
140925,5,Extend,>>,-101,-4.22,4226.0,170.11599079536037,166.3295179441907
141027,5,Extend,>>,-138,-7.38,4229.0,171.95165870926243,168.0270622564628
141129,5,Extend,>>,-175,-10.73,4232.0,173.15484886081822,169.293987840283
141231,5,Extend,>>,-212,-13.89,4235.0,175.00409194938248,169.87299811117606
141334,5,Extend,>>,-249,-17.05,4238.0,176.39481191067387,171.224431160519
141436,5,Extend,>>,-286,-20.22,4241.0,178.46463084294965,171.6237299840846
141539,5,Extend,>>,-323,-23.47,4244.0,179.1387904194385,172.28866843366004
141642,5,Extend,>>,-360,-26.81,4247.0,179.91606891368346,173.49259964859274
141744,5,Extend,>>,-397,-30.07,4250.0,179.30130561701682,173.76010083897665
141846,5,Extend,>>,-434,-33.23,4253.0,178.8426669318702,174.77230055864558
141949,5,Extend,>>,-471,-36.4,4256.0,177.83131498253456,175.0677223927961
142051,5,Extend,>>,-508,-39.56,4259.0,176.89793811132375,175.40230455909295
142153,5,Extend,>>,-545,-42.73,4263.0,176.99194385218772,176.16811374514648
142255,5,Extend,>>,-582,-45.89,4266.0,176.7124385717921,175.71284627726178
142357,5,Extend,>>,-619,-49.23,4269.0,176.86620488992511,175.3705713376942
142460,5,Extend,>>,-656,-52.48,4272.0,177.4946952027098,175.84278739818487
142562,5,Extend,>>,-693,-55.56,4275.0,177.65148923462894,175.50661941576806
142665,5,Extend,>>,-730,-58.73,4278.0,178.61596081312211,175.9096160244591
142767,5,Extend,>>,-767,-61.98,4281.0,178.61340774846704,175.25752039008822
142869,5,Extend,>>,-804,-65.05,4284.0,179.73624337000808,176.05573608156922
142971,5,Extend,>>,-841,-68.31,4287.0,180.0,175.3344055711059
143074,5,Extend,>>,-878,-71.47,4290.0,179.56841486201665,175.34827272963187
143177,5,Extend,>>,-915,-74.64,4293.0,178.77441933610012,175.43406087706518
143279,5,Extend,>>,-952,-77.89,4296.0,177.8164240023655,175.4448403821718
143382,5,Extend,>>,-989,-81.05,4299.0,177.51175256914965,174.98792434020746
143484,5,Extend,>>,-1026,-84.04,4302.0,176.61261319450816,174.5060250346114
143586,5,Extend,>>,-1063,-87.3,4306.0,174.9141680887618,174.00447773987284
143689,5,Extend,>>,-1100,-90.64,4309.0,172.55009186522344,173.77860100258073
143792,5,Extend,>>,-1137,-93.89,4312.0,169.34906973813386,172.5621752894052
143894,5,Extend,>>,-1174,-97.05,4315.0,166.89577918397754,171.61559916759765
143996,5,Extend,>>,-1211,-100.13,4318.0,165.3597888233916,170.98672009278752
144099,5,Extend,>>,-1248,-103.38,4321.0,162.79033199236218,170.90585316219762
144202,5,Extend,>>,-1285,-106.46,4324.0,161.4942428347375,170.04444972526724
144305,5,Extend,>>,-1322,-109.54,4327.0,160.0615044346019,169.0939907620459
144408,5,Extend,>>,-1359,-112.97,4330.0,158.8276559351362,168.78775044671724
144510,5,Extend,>>,-1396,-116.22,4333.0,158.14681196410004,167.52151687350144
144613,5,Extend,>>,-1433,-119.3,4336.0,157.20114501165799,167.11854128251025
144716,5,Extend,>>,-1470,-122.46,4339.0,155.9908736248299,166.97409741830765
144818,5,Extend,>>,-1507,-125.54,4342.0,155.72421367316971,166.2502227871663
144921,5,Extend,>>,-1544,-128.62,4346.0,155.08334200297747,165.7763629908982
145024,5,Extend,>>,-1581,-131.87,4349.0,154.4739740818842,165.55124068106076
145126,5,Extend,>>,-1618,-135.3,4352.0,154.34624778441994,165.32360686254998
145229,5,Extend,>>,-1655,-138.73,4355.0,154.09378323672718,164.5998616907225
145332,5,Extend,>>,-1692,-141.98,4358.0,153.06268879541668,164.62769671633336
145434,5,Extend,>>,-1729,-145.14,4361.0,152.5218509539794,164.20117346428262
145537,5,Extend,>>,-1766,-148.31,4364.0,151.60274617026516,164.60445074600491
145639,5,Extend,>>,-1803,-151.65,4367.0,151.61061423870913,163.73544045535687
145742,5,Extend,>>,-1840,-154.81,4370.0,151.3009459525806,163.53297296103642
145845,5,Extend,>>,-1877,-158.07,4373.0,150.99790107726562,163.5011339915114
145948,5,Extend,>>,-1914,-161.32,4376.0,150.99790107726562,163.67764538477428
146050,5,Extend,>>,-1951,-164.31,4379.0,151.23926914632798,163.164192626235
146153,5,Extend,>>,-1988,-167.38,4383.0,151.23926914632798,162.99118502170703
146256,5,Extend,>>,-2025,-170.37,4386.0,151.23926914632798,162.8251982396511
146358,5,Extend,<<,-2025,-173.54,4389.0,150.92639652740246,163.47706524516042
146461,5,Extend,<<,-1988,-174.68,4392.0,151.23926914632798,162.99118502170703
146564,5,Extend,<<,-1951,-174.68,4395.0,150.92639652740246,163.3040576406325
146666,5,Extend,<<,-1914,-172.22,4398.0,150.92639652740246,163.47706524516042
146769,5,Extend,<<,-1877,-169.14,4401.0,151.48001096037845,163.164192626235
146872,5,Extend,<<,-1840,-166.15,4404.0,151.3950502205489,163.00111955741482
146975,5,Extend,<<,-1803,-162.81,4407.0,151.48001096037845,162.99118502170703
147078,5,Extend,<<,-1766,-159.56,4410.0,151.80230816449014,163.3040576406325
147180,5,Extend,<<,-1729,-156.4,4413.0,151.2613983749064,163.60368803000378
147283,5,Extend,<<,-1692,-153.05,4416.0,151.80230816449014,163.3040576406325
147386,5,Extend,<<,-1655,-149.8,4420.0,151.18418491436591,163.60368803000378
147490,5,Extend,<<,-1618,-146.55,4423.0,152.3558003786018,162.82019773525525
147592,5,Extend,<<,-1581,-143.3,4426.0,151.80230816449014,163.13307035418072
147695,5,Extend,<<,-1544,-140.04,4429.0,152.43548535485328,162.82019773525525
147798,5,Extend,<<,-1507,-136.79,4432.0,152.11518078341564,162.82019773525525
147900,5,Extend,<<,-1470,-133.54,4435.0,151.42455736061572,163.60368803000378
148003,5,Extend,<<,-1433,-130.37,4438.0,152.0560299271847,163.29095547312406
148105,5,Extend,<<,-1396,-127.12,4441.0,152.3558003786018,162.82019773525525
148208,5,Extend,<<,-1359,-123.78,4444.0,152.3558003786018,162.48415596079224
148310,5,Extend,<<,-1322,-120.62,4447.0,152.3558003786018,162.48415596079224
148413,5,Extend,<<,-1285,-117.36,4450.0,152.3558003786018,162.48415596079224
148515,5,Extend,<<,-1248,-114.11,4453.0,151.50267777511885,163.43270074355198
148618,5,Extend,<<,-1211,-110.95,4456.0,151.80230816449014,163.13307035418072
148720,5,Extend,<<,-1174,-107.52,4460.0,152.3558003786018,162.48415596079224
148823,5,Extend,<<,-1137,-104.44,4463.0,151.50267777511885,163.60368803000378
148925,5,Extend,<<,-1100,-101.19,4466.0,152.04292775967627,163.13307035418072
149027,5,Extend,<<,-1063,-97.85,4469.0,151.2613983749064,163.60368803000378
149130,5,Extend,<<,-1026,-94.59,4472.0,151.724187749987,163.3040576406325
149233,5,Extend,<<,-989,-91.43,4475.0,152.0370603689125,162.82019773525525
149335,5,Extend,<<,-952,-88.09,4478.0,151.49691747124564,163.11996818667228
149437,5,Extend,<<,-915,-84.92,4481.0,151.2212445210435,163.15425148301676
149540,5,Extend,<<,-878,-81.76,4484.0,150.1851593509376,163.78608273604695
149642,5,Extend,<<,-841,-78.33,4487.0,150.5478332879127,163.00487324001122
149745,5,Extend,<<,-804,-74.99,4490.0,150.16698028690647,163.6431610196857
149847,5,Extend,<<,-767,-71.82,4493.0,149.62087398863164,164.26965100130985
149949,5,Extend,<<,-730,-68.57,4496.0,149.92064444004873,163.96988054989282
150051,5,Extend,<<,-693,-65.23,4499.0,149.62087398863164,164.26965100130985
150154,5,Extend,<<,-656,-61.98,4503.0,149.62087398863164,164.420503453826
150256,5,Extend,<<,-619,-58.81,4506.0,149.62087398863164,163.9264258352536
150359,5,Extend,<<,-582,-55.56,4509.0,149.93036877456382,163.29288708796574
150461,5,Extend,<<,-545,-52.31,4512.0,149.93036877456382,163.29288708796574
150564,5,Extend,<<,-508,-48.97,4515.0,149.93036877456382,163.29288708796574
150666,5,Extend,<<,-471,-45.63,4518.0,149.30523576162295,163.9264258352536
150768,5,Extend,<<,-434,-42.37,4521.0,149.36818078287658,163.61693104932144
150871,5,Extend,<<,-397,-39.3,4524.0,149.68343049006722,163.61693104932144
150973,5,Extend,<<,-360,-36.04,4527.0,149.30523576162295,163.9264258352536
151075,5,Extend,<<,-323,-32.7,4530.0,149.30523576162295,163.9264258352536
151177,5,Extend,<<,-286,-29.45,4533.0,149.98330436259116,163.3170571767975
151280,5,Extend,<<,-249,-26.2,4536.0,149.91460442007906,163.46915727191745
151382,5,Extend,<<,-212,-22.95,4539.0,149.36818078287658,163.7690311444414
151485,5,Extend,<<,-175,-19.6,4542.0,149.36818078287658,163.4482037987747
151587,5,Extend,<<,-138,-16.53,4546.0,149.36818078287658,163.4482037987747
151689,5,Extend,<<,-101,-13.19,4549.0,149.67447003769522,163.1419145439561
151792,5,Extend,<<,-64,-10.02,4552.0,149.9210198023737,163.1419145439561
151894,5,Extend,<<,-27,-6.68,4552.0,149.9210198023737,163.1419145439561
151997,5,Extend,<<,10,-3.43,,,
152099,5,Extend,<<,47,-0.18,,,
152201,5,Extend,<<,84,3.08,,,
152303,5,Extend,<<,121,6.24,,,
152405,5,Extend,<<,158,9.49,,,
152507,5,Extend,<<,195,12.75,,,
