Time(ms),MotorID,Phase,Direction,Position,Angle(deg),SensorA0,SensorA1,SensorA2
59163,5,Extend,>>,205,18.02,400,392,548
59272,5,Extend,>>,161,18.02,396,391,540
59382,5,Extend,>>,117,15.38,395,387,542
59491,5,Extend,>>,73,11.69,394,391,542
59601,5,Extend,>>,29,7.82,396,386,542
59710,5,Extend,>>,-15,4.13,396,389,541
59820,5,Extend,>>,-59,0.18,398,388,541
59930,5,Extend,>>,-103,-3.69,394,386,540
60039,5,Extend,>>,-147,-7.56,397,388,538
60149,5,Extend,>>,-191,-11.52,395,387,539
60258,5,Extend,>>,-235,-15.38,395,388,537
60368,5,Extend,>>,-279,-19.08,394,386,535
60477,5,Extend,>>,-323,-22.86,393,388,536
60587,5,Extend,>>,-367,-26.73,395,388,533
60696,5,Extend,>>,-411,-30.59,393,386,534
60806,5,Extend,>>,-455,-34.46,394,387,531
60915,5,Extend,>>,-499,-38.33,393,387,527
61025,5,Extend,>>,-543,-42.11,393,385,525
61135,5,Extend,>>,-587,-45.98,393,385,524
61244,5,Extend,>>,-631,-49.93,392,377,520
61354,5,Extend,>>,-675,-53.8,392,373,516
61464,5,Extend,>>,-719,-57.49,389,371,514
61573,5,Extend,>>,-763,-61.36,387,372,510
61683,5,Extend,>>,-807,-65.23,388,372,505
61793,5,Extend,>>,-851,-69.1,384,370,503
61902,5,Extend,>>,-895,-72.97,384,367,499
62012,5,Extend,>>,-939,-76.75,381,365,493
62121,5,Extend,>>,-983,-80.62,380,362,489
62231,5,Extend,>>,-1027,-84.31,380,360,480
62341,5,Extend,>>,-1071,-88.09,375,358,475
62450,5,Extend,>>,-1115,-92.04,371,354,467
62560,5,Extend,>>,-1159,-95.82,368,350,458
62670,5,Extend,>>,-1203,-99.69,368,341,444
62779,5,Extend,>>,-1247,-103.47,363,338,431
62890,5,Extend,>>,-1291,-107.08,358,333,422
62999,5,Extend,>>,-1335,-110.95,355,330,415
63109,5,Extend,>>,-1379,-114.81,348,323,407
63219,5,Extend,>>,-1423,-118.59,345,320,406
63329,5,Extend,>>,-1467,-122.29,339,319,397
63439,5,Extend,>>,-1511,-125.98,328,314,388
63549,5,Extend,>>,-1555,-129.76,321,309,381
63659,5,Extend,>>,-1599,-133.45,320,304,376
63769,5,Extend,>>,-1643,-137.32,318,300,370
63879,5,Extend,>>,-1687,-141.1,308,296,371
63989,5,Extend,>>,-1731,-144.88,309,297,369
64098,5,Extend,>>,-1775,-148.57,304,293,370
64209,5,Extend,>>,-1819,-152.35,303,290,369
64319,5,Extend,>>,-1863,-156.13,302,287,369
64429,5,Extend,>>,-1907,-160.09,301,281,368
64538,5,Extend,>>,-1951,-163.78,298,279,368
64649,5,Extend,>>,-1995,-167.47,297,275,367
64758,5,Extend,>>,-2039,-171.16,298,274,372
64868,5,Extend,>>,-2083,-174.95,297,265,367
64978,5,Extend,>>,-2127,-178.81,295,270,367
65087,5,Extend,>>,-2171,-182.51,296,269,366
65197,5,Extend,>>,-2215,-186.29,295,269,363
65306,5,Extend,>>,-2259,-189.89,294,269,364
65416,5,Extend,>>,-2303,-193.49,296,269,363
65527,5,Extend,>>,-2347,-197.45,296,262,361
65637,5,Extend,>>,-2391,-201.14,296,265,361
65746,5,Extend,>>,-2435,-204.92,290,263,360
65856,5,Extend,<<,-2435,-208.62,299,267,365
65966,5,Extend,<<,-2391,-209.67,302,269,368
66076,5,Extend,<<,-2347,-209.67,305,271,370
66186,5,Extend,<<,-2303,-206.86,307,273,373
66295,5,Extend,<<,-2259,-203.34,309,276,374
66405,5,Extend,<<,-2215,-199.47,309,273,375
66515,5,Extend,<<,-2171,-195.69,307,275,376
66625,5,Extend,<<,-2127,-191.91,308,277,376
66735,5,Extend,<<,-2083,-188.13,308,276,374
66845,5,Extend,<<,-2039,-184.26,309,277,373
66954,5,Extend,<<,-1995,-180.22,309,276,370
67064,5,Extend,<<,-1951,-176.53,310,278,370
67174,5,Extend,<<,-1907,-172.75,309,279,367
67284,5,Extend,<<,-1863,-168.79,309,280,368
67393,5,Extend,<<,-1819,-165.1,309,279,367
67504,5,Extend,<<,-1775,-161.14,310,281,367
67613,5,Extend,<<,-1731,-157.27,309,284,367
67723,5,Extend,<<,-1687,-153.41,309,290,368
67833,5,Extend,<<,-1643,-149.45,309,294,372
67942,5,Extend,<<,-1599,-145.58,310,297,376
68052,5,Extend,<<,-1555,-141.71,311,298,380
68161,5,Extend,<<,-1511,-137.93,312,300,386
68271,5,Extend,<<,-1467,-134.07,315,302,391
68381,5,Extend,<<,-1423,-130.29,320,304,397
68490,5,Extend,<<,-1379,-126.33,324,309,400
68600,5,Extend,<<,-1335,-122.55,330,307,406
68709,5,Extend,<<,-1291,-118.68,333,308,413
68819,5,Extend,<<,-1247,-114.81,335,310,416
68929,5,Extend,<<,-1203,-110.95,337,309,419
69039,5,Extend,<<,-1159,-107.08,336,309,420
69148,5,Extend,<<,-1115,-103.3,338,312,425
69258,5,Extend,<<,-1071,-99.34,337,310,425
69367,5,Extend,<<,-1027,-95.56,342,312,427
69477,5,Extend,<<,-983,-91.69,343,312,434
69587,5,Extend,<<,-939,-87.74,342,312,437
69696,5,Extend,<<,-895,-83.96,343,313,441
69806,5,Extend,<<,-851,-80.0,344,315,441
69916,5,Extend,<<,-807,-76.13,343,314,444
70025,5,Extend,<<,-763,-72.26,344,317,445
70135,5,Extend,<<,-719,-68.4,344,317,446
70245,5,Extend,<<,-675,-64.44,343,321,464
70354,5,Extend,<<,-631,-60.66,342,322,468
70464,5,Extend,<<,-587,-56.79,343,325,465
70574,5,Extend,<<,-543,-53.01,342,321,468
70683,5,Extend,<<,-499,-49.05,342,321,470
70793,5,Extend,<<,-455,-45.1,343,322,469
70902,5,Extend,<<,-411,-41.23,342,322,467
71012,5,Extend,<<,-367,-37.45,339,321,464
71122,5,Extend,<<,-323,-33.49,344,321,465
71232,5,Extend,<<,-279,-29.54,343,319,465
71341,5,Extend,<<,-235,-25.76,344,321,463
71451,5,Extend,<<,-191,-21.89,347,320,464
71560,5,Extend,<<,-147,-18.02,349,319,463
71670,5,Extend,<<,-103,-14.15,351,320,464
71779,5,Extend,<<,-59,-10.37,349,320,461
71889,5,Extend,<<,-15,-6.42,349,319,462
71998,5,Extend,<<,29,-2.55,350,320,462
72109,5,Extend,<<,73,1.32,349,321,460
72219,5,Extend,<<,117,5.1,353,319,460
72329,5,Extend,<<,161,8.97,350,320,462
72439,5,Extend,<<,205,12.84,351,320,460
89473,5,Extend,>>,205,18.02,410,415,580
89584,5,Extend,>>,161,18.02,405,410,571
89695,5,Extend,>>,117,15.38,404,410,576
89806,5,Extend,>>,73,11.6,405,413,576
89918,5,Extend,>>,29,7.82,405,412,577
90028,5,Extend,>>,-15,4.13,406,409,575
90139,5,Extend,>>,-59,0.26,405,412,575
90249,5,Extend,>>,-103,-3.6,406,409,576
90361,5,Extend,>>,-147,-7.56,407,410,573
90472,5,Extend,>>,-191,-11.43,407,409,572
90583,5,Extend,>>,-235,-15.21,405,411,574
90694,5,Extend,>>,-279,-18.9,406,408,569
90805,5,Extend,>>,-323,-22.77,404,406,566
90917,5,Extend,>>,-367,-26.73,405,406,565
91028,5,Extend,>>,-411,-30.51,405,404,565
91140,5,Extend,>>,-455,-34.46,403,399,559
91252,5,Extend,>>,-499,-38.33,402,397,558
91363,5,Extend,>>,-543,-42.11,403,395,556
91475,5,Extend,>>,-587,-45.89,401,391,552
91586,5,Extend,>>,-631,-49.85,398,389,550
91697,5,Extend,>>,-675,-53.71,398,388,542
91809,5,Extend,>>,-719,-57.41,396,383,537
91921,5,Extend,>>,-763,-61.19,394,376,527
92032,5,Extend,>>,-807,-64.97,392,371,518
92142,5,Extend,>>,-851,-68.84,389,369,510
92253,5,Extend,>>,-895,-72.62,386,363,500
92364,5,Extend,>>,-939,-76.4,387,358,485
92475,5,Extend,>>,-983,-80.18,382,356,472
92587,5,Extend,>>,-1027,-83.87,380,348,457
92698,5,Extend,>>,-1071,-87.65,375,344,446
92809,5,Extend,>>,-1115,-91.6,377,341,437
92921,5,Extend,>>,-1159,-95.47,369,337,433
93033,5,Extend,>>,-1203,-99.25,365,334,425
93144,5,Extend,>>,-1247,-102.95,358,329,415
93255,5,Extend,>>,-1291,-106.55,355,326,411
93366,5,Extend,>>,-1335,-110.42,350,320,401
93477,5,Extend,>>,-1379,-114.2,341,313,391
93588,5,Extend,>>,-1423,-118.07,333,309,388
93699,5,Extend,>>,-1467,-121.76,331,306,382
93811,5,Extend,>>,-1511,-125.54,324,302,379
93923,5,Extend,>>,-1555,-129.23,320,297,375
94035,5,Extend,>>,-1599,-133.01,316,297,375
94146,5,Extend,>>,-1643,-136.97,311,293,372
94257,5,Extend,>>,-1687,-140.75,309,289,371
94369,5,Extend,>>,-1731,-144.62,309,286,372
94480,5,Extend,>>,-1775,-148.22,303,285,370
94591,5,Extend,>>,-1819,-152.0,306,284,371
94701,5,Extend,>>,-1863,-155.78,305,279,368
94812,5,Extend,>>,-1907,-159.74,304,279,372
94925,5,Extend,>>,-1951,-163.43,303,277,367
95037,5,Extend,>>,-1995,-167.12,303,274,368
95149,5,Extend,>>,-2039,-170.81,303,274,371
95262,5,Extend,>>,-2083,-174.68,302,271,367
95374,5,Extend,>>,-2127,-178.55,301,268,368
95484,5,Extend,>>,-2171,-182.24,303,269,366
95597,5,Extend,>>,-2215,-185.93,300,266,365
95709,5,Extend,>>,-2259,-189.54,301,266,367
95821,5,Extend,>>,-2303,-193.05,301,266,366
95933,5,Extend,>>,-2347,-196.92,299,266,365
96045,5,Extend,>>,-2391,-200.62,298,266,366
96156,5,Extend,>>,-2435,-204.4,298,261,364
96268,5,Extend,<<,-2435,-208.09,302,264,368
96380,5,Extend,<<,-2391,-209.23,304,268,373
96492,5,Extend,<<,-2347,-209.23,308,270,377
96603,5,Extend,<<,-2303,-206.51,310,272,378
96714,5,Extend,<<,-2259,-203.08,311,273,380
96826,5,Extend,<<,-2215,-199.3,311,275,379
96937,5,Extend,<<,-2171,-195.6,310,273,378
97048,5,Extend,<<,-2127,-191.91,310,274,376
97160,5,Extend,<<,-2083,-188.04,309,273,378
97270,5,Extend,<<,-2039,-184.09,310,273,376
97381,5,Extend,<<,-1995,-180.22,310,276,376
97492,5,Extend,<<,-1951,-176.44,309,276,375
97604,5,Extend,<<,-1907,-172.57,311,277,374
97715,5,Extend,<<,-1863,-168.7,311,278,373
97828,5,Extend,<<,-1819,-164.92,310,279,373
97939,5,Extend,<<,-1775,-161.05,310,282,372
98051,5,Extend,<<,-1731,-157.1,310,280,373
98162,5,Extend,<<,-1687,-153.23,309,288,373
98274,5,Extend,<<,-1643,-149.36,310,289,377
98385,5,Extend,<<,-1599,-145.58,311,294,379
98497,5,Extend,<<,-1555,-141.63,311,295,382
98610,5,Extend,<<,-1511,-137.76,313,298,386
98722,5,Extend,<<,-1467,-133.98,316,299,391
98833,5,Extend,<<,-1423,-130.2,317,299,393
98944,5,Extend,<<,-1379,-126.24,320,300,396
99057,5,Extend,<<,-1335,-122.46,324,300,400
99168,5,Extend,<<,-1291,-118.68,328,303,403
99280,5,Extend,<<,-1247,-114.81,329,307,409
99391,5,Extend,<<,-1203,-110.95,329,306,413
99503,5,Extend,<<,-1159,-106.99,330,306,415
99614,5,Extend,<<,-1115,-103.21,328,307,417
99726,5,Extend,<<,-1071,-99.34,334,312,420
99837,5,Extend,<<,-1027,-95.47,335,319,428
99949,5,Extend,<<,-983,-91.6,336,319,436
100060,5,Extend,<<,-939,-87.65,336,318,435
100171,5,Extend,<<,-895,-83.87,337,320,437
100281,5,Extend,<<,-851,-80.0,334,323,440
100392,5,Extend,<<,-807,-76.13,336,319,443
100504,5,Extend,<<,-763,-72.26,337,319,444
100615,5,Extend,<<,-719,-68.31,338,318,445
100727,5,Extend,<<,-675,-64.44,337,319,445
100838,5,Extend,<<,-631,-60.57,337,320,447
100950,5,Extend,<<,-587,-56.79,338,321,447
101061,5,Extend,<<,-543,-52.92,337,321,447
101173,5,Extend,<<,-499,-48.97,336,320,447
101284,5,Extend,<<,-455,-45.01,336,322,445
101396,5,Extend,<<,-411,-41.14,334,319,447
101508,5,Extend,<<,-367,-37.36,333,320,446
101619,5,Extend,<<,-323,-33.49,334,319,445
101731,5,Extend,<<,-279,-29.54,333,320,444
101843,5,Extend,<<,-235,-25.76,333,319,444
101954,5,Extend,<<,-191,-21.8,334,318,441
102065,5,Extend,<<,-147,-17.93,332,319,445
102176,5,Extend,<<,-103,-14.07,333,319,443
102287,5,Extend,<<,-59,-10.37,334,320,442
102398,5,Extend,<<,-15,-6.33,332,320,444
102509,5,Extend,<<,29,-2.46,333,320,444
102621,5,Extend,<<,73,1.41,334,320,443
102732,5,Extend,<<,117,5.19,333,318,443
102844,5,Extend,<<,161,9.05,333,318,443
102955,5,Extend,<<,205,12.92,334,320,444
120162,5,Extend,>>,205,18.02,410,404,555
120273,5,Extend,>>,161,18.02,406,404,554
120384,5,Extend,>>,117,15.38,407,402,552
120495,5,Extend,>>,73,11.6,408,402,551
120606,5,Extend,>>,29,7.82,408,401,552
120717,5,Extend,>>,-15,4.22,404,401,550
120827,5,Extend,>>,-59,0.26,408,403,552
120938,5,Extend,>>,-103,-3.6,405,401,551
121049,5,Extend,>>,-147,-7.47,406,402,550
121161,5,Extend,>>,-191,-11.43,405,402,549
121272,5,Extend,>>,-235,-15.3,406,401,551
121384,5,Extend,>>,-279,-18.9,405,400,553
121495,5,Extend,>>,-323,-22.77,406,401,547
121607,5,Extend,>>,-367,-26.64,406,400,549
121718,5,Extend,>>,-411,-30.51,406,401,544
121829,5,Extend,>>,-455,-34.46,404,399,542
121940,5,Extend,>>,-499,-38.24,402,397,539
122050,5,Extend,>>,-543,-42.02,404,396,537
122159,5,Extend,>>,-587,-45.8,401,396,536
122270,5,Extend,>>,-631,-49.85,403,397,531
122381,5,Extend,>>,-675,-53.63,398,395,529
122491,5,Extend,>>,-719,-57.32,397,397,522
122602,5,Extend,>>,-763,-61.1,392,396,526
122713,5,Extend,>>,-807,-64.88,393,393,519
122824,5,Extend,>>,-851,-68.84,388,394,518
122935,5,Extend,>>,-895,-72.62,383,396,515
123046,5,Extend,>>,-939,-76.31,382,391,510
123158,5,Extend,>>,-983,-80.09,381,393,503
123269,5,Extend,>>,-1027,-83.69,377,391,496
123380,5,Extend,>>,-1071,-87.47,373,389,491
123490,5,Extend,>>,-1115,-91.25,371,388,484
123601,5,Extend,>>,-1159,-95.03,366,382,476
123712,5,Extend,>>,-1203,-98.81,365,379,471
123823,5,Extend,>>,-1247,-102.42,358,372,467
123934,5,Extend,>>,-1291,-106.11,355,360,464
124045,5,Extend,>>,-1335,-109.89,352,362,459
124157,5,Extend,>>,-1379,-113.85,347,353,454
124268,5,Extend,>>,-1423,-117.63,340,348,448
124379,5,Extend,>>,-1467,-121.41,335,342,438
124490,5,Extend,>>,-1511,-125.1,328,335,429
124602,5,Extend,>>,-1555,-128.7,320,327,424
124713,5,Extend,>>,-1599,-132.4,319,322,414
124823,5,Extend,>>,-1643,-136.35,316,317,406
124934,5,Extend,>>,-1687,-140.22,310,310,402
125046,5,Extend,>>,-1731,-144.09,308,306,391
125157,5,Extend,>>,-1775,-147.69,306,300,380
125270,5,Extend,>>,-1819,-151.47,304,293,373
125381,5,Extend,>>,-1863,-155.43,303,286,371
125493,5,Extend,>>,-1907,-159.56,303,280,372
125604,5,Extend,>>,-1951,-163.25,301,276,369
125715,5,Extend,>>,-1995,-167.03,298,274,369
125827,5,Extend,>>,-2039,-170.73,302,273,369
125938,5,Extend,>>,-2083,-174.51,300,271,370
126049,5,Extend,>>,-2127,-178.37,301,267,369
126161,5,Extend,>>,-2171,-182.07,296,268,371
126272,5,Extend,>>,-2215,-185.67,297,268,370
126383,5,Extend,>>,-2259,-189.36,296,266,372
126495,5,Extend,>>,-2303,-192.79,297,268,370
126606,5,Extend,>>,-2347,-196.66,296,264,368
126718,5,Extend,>>,-2391,-200.44,297,264,367
126829,5,Extend,>>,-2435,-204.22,297,264,367
126941,5,Extend,<<,-2435,-207.91,303,267,370
127051,5,Extend,<<,-2391,-209.14,306,269,371
127162,5,Extend,<<,-2347,-209.14,311,273,378
127273,5,Extend,<<,-2303,-206.51,311,272,376
127384,5,Extend,<<,-2259,-203.08,312,274,378
127494,5,Extend,<<,-2215,-199.3,310,272,375
127605,5,Extend,<<,-2171,-195.6,311,273,378
127716,5,Extend,<<,-2127,-191.82,310,275,377
127827,5,Extend,<<,-2083,-187.96,311,275,375
127939,5,Extend,<<,-2039,-184.09,311,275,374
128050,5,Extend,<<,-1995,-180.13,310,277,373
128161,5,Extend,<<,-1951,-176.35,310,275,371
128272,5,Extend,<<,-1907,-172.57,312,276,370
128383,5,Extend,<<,-1863,-168.7,310,277,370
128495,5,Extend,<<,-1819,-164.92,313,278,369
128606,5,Extend,<<,-1775,-161.05,311,277,369
128718,5,Extend,<<,-1731,-157.19,311,280,370
128828,5,Extend,<<,-1687,-153.32,311,283,371
128939,5,Extend,<<,-1643,-149.45,310,282,371
129050,5,Extend,<<,-1599,-145.49,311,287,374
129162,5,Extend,<<,-1555,-141.63,313,292,377
129272,5,Extend,<<,-1511,-137.85,313,294,381
129383,5,Extend,<<,-1467,-133.98,314,295,385
129493,5,Extend,<<,-1423,-130.2,315,296,386
129605,5,Extend,<<,-1379,-126.24,317,297,389
129717,5,Extend,<<,-1335,-122.46,316,299,394
129828,5,Extend,<<,-1291,-118.68,318,300,397
129940,5,Extend,<<,-1247,-114.73,318,301,401
130051,5,Extend,<<,-1203,-110.95,319,304,407
130162,5,Extend,<<,-1159,-106.99,317,304,410
130272,5,Extend,<<,-1115,-103.21,318,307,412
130384,5,Extend,<<,-1071,-99.34,319,307,415
130495,5,Extend,<<,-1027,-95.47,319,307,418
130606,5,Extend,<<,-983,-91.6,320,308,422
130716,5,Extend,<<,-939,-87.74,321,307,423
130826,5,Extend,<<,-895,-83.87,321,309,428
130938,5,Extend,<<,-851,-80.0,322,311,433
131049,5,Extend,<<,-807,-76.13,322,307,439
131160,5,Extend,<<,-763,-72.26,322,310,441
131271,5,Extend,<<,-719,-68.31,323,311,442
131382,5,Extend,<<,-675,-64.35,322,311,439
131493,5,Extend,<<,-631,-60.57,324,309,440
131604,5,Extend,<<,-587,-56.79,323,309,441
131715,5,Extend,<<,-543,-52.92,323,310,446
131827,5,Extend,<<,-499,-48.97,324,309,446
131938,5,Extend,<<,-455,-45.01,323,309,446
132049,5,Extend,<<,-411,-41.14,323,312,441
132160,5,Extend,<<,-367,-37.36,324,312,448
132271,5,Extend,<<,-323,-33.49,323,314,447
132381,5,Extend,<<,-279,-29.54,325,314,447
132492,5,Extend,<<,-235,-25.76,323,315,445
132603,5,Extend,<<,-191,-21.8,324,317,447
132713,5,Extend,<<,-147,-17.93,323,315,445
132824,5,Extend,<<,-103,-14.07,324,316,444
132935,5,Extend,<<,-59,-10.29,324,313,444
133045,5,Extend,<<,-15,-6.33,323,317,446
133156,5,Extend,<<,29,-2.46,322,314,445
133266,5,Extend,<<,73,1.41,323,313,444
133377,5,Extend,<<,117,5.19,323,313,445
133488,5,Extend,<<,161,9.05,323,314,443
133599,5,Extend,<<,205,12.92,324,314,443
150872,5,Extend,>>,205,18.02,415,418,589
150984,5,Extend,>>,161,18.02,415,416,585
151097,5,Extend,>>,117,15.3,415,415,584
151212,5,Extend,>>,73,11.52,413,415,584
151323,5,Extend,>>,29,7.82,414,417,585
151436,5,Extend,>>,-15,4.13,414,413,583
151548,5,Extend,>>,-59,0.18,412,417,584
151661,5,Extend,>>,-103,-3.69,414,415,584
151773,5,Extend,>>,-147,-7.56,412,418,584
151887,5,Extend,>>,-191,-11.52,412,418,585
152000,5,Extend,>>,-235,-15.3,412,414,582
152114,5,Extend,>>,-279,-19.08,412,413,580
152227,5,Extend,>>,-323,-22.86,412,416,582
152340,5,Extend,>>,-367,-26.73,411,415,578
152453,5,Extend,>>,-411,-30.51,410,415,577
152565,5,Extend,>>,-455,-34.46,409,414,574
152678,5,Extend,>>,-499,-38.33,409,413,573
152791,5,Extend,>>,-543,-42.11,410,413,569
152905,5,Extend,>>,-587,-45.98,408,414,567
153018,5,Extend,>>,-631,-49.85,405,411,565
153128,5,Extend,>>,-675,-53.63,405,413,559
153240,5,Extend,>>,-719,-57.32,401,411,557
153352,5,Extend,>>,-763,-61.19,399,411,554
153464,5,Extend,>>,-807,-64.88,397,413,551
153577,5,Extend,>>,-851,-68.75,393,409,545
153690,5,Extend,>>,-895,-72.53,392,409,540
153803,5,Extend,>>,-939,-76.31,384,411,534
153916,5,Extend,>>,-983,-80.09,385,408,524
154031,5,Extend,>>,-1027,-83.69,382,408,514
154145,5,Extend,>>,-1071,-87.47,379,408,510
154257,5,Extend,>>,-1115,-91.16,375,404,500
154371,5,Extend,>>,-1159,-94.95,370,402,491
154485,5,Extend,>>,-1203,-98.64,366,394,486
154598,5,Extend,>>,-1247,-102.33,363,389,480
154712,5,Extend,>>,-1291,-106.02,359,382,476
154824,5,Extend,>>,-1335,-109.8,356,374,470
154936,5,Extend,>>,-1379,-113.76,349,369,469
155049,5,Extend,>>,-1423,-117.54,344,364,463
155164,5,Extend,>>,-1467,-121.32,343,354,455
155277,5,Extend,>>,-1511,-124.92,336,343,448
155389,5,Extend,>>,-1555,-128.53,329,335,440
155503,5,Extend,>>,-1599,-132.31,328,329,429
155616,5,Extend,>>,-1643,-136.26,320,320,417
155729,5,Extend,>>,-1687,-140.22,315,312,403
155840,5,Extend,>>,-1731,-144.0,311,307,396
155953,5,Extend,>>,-1775,-147.78,310,299,386
156065,5,Extend,>>,-1819,-151.56,307,297,381
156176,5,Extend,>>,-1863,-155.34,306,287,373
156290,5,Extend,>>,-1907,-159.47,307,282,370
156404,5,Extend,>>,-1951,-163.34,305,279,370
156517,5,Extend,>>,-1995,-167.03,306,276,368
156630,5,Extend,>>,-2039,-170.73,305,272,369
156742,5,Extend,>>,-2083,-174.51,305,270,368
156854,5,Extend,>>,-2127,-178.46,305,271,367
156966,5,Extend,>>,-2171,-182.24,304,268,366
157078,5,Extend,>>,-2215,-185.85,307,269,363
157189,5,Extend,>>,-2259,-189.54,303,267,364
157301,5,Extend,>>,-2303,-193.05,301,268,363
157413,5,Extend,>>,-2347,-197.01,302,263,361
157524,5,Extend,>>,-2391,-200.79,303,266,360
157636,5,Extend,>>,-2435,-204.57,303,265,361
157748,5,Extend,<<,-2435,-208.26,307,266,364
157860,5,Extend,<<,-2391,-209.41,310,270,368
157971,5,Extend,<<,-2347,-209.41,312,272,373
158084,5,Extend,<<,-2303,-206.59,314,275,373
158198,5,Extend,<<,-2259,-203.08,314,273,372
158312,5,Extend,<<,-2215,-199.3,315,274,372
158423,5,Extend,<<,-2171,-195.6,312,274,373
158535,5,Extend,<<,-2127,-191.91,313,273,373
158647,5,Extend,<<,-2083,-188.04,311,276,372
158760,5,Extend,<<,-2039,-184.09,312,275,372
158873,5,Extend,<<,-1995,-180.13,312,276,370
158987,5,Extend,<<,-1951,-176.35,313,274,370
159098,5,Extend,<<,-1907,-172.57,315,276,369
159210,5,Extend,<<,-1863,-168.7,314,278,369
159321,5,Extend,<<,-1819,-164.92,313,281,370
159434,5,Extend,<<,-1775,-161.05,312,277,369
159548,5,Extend,<<,-1731,-157.1,312,279,369
159661,5,Extend,<<,-1687,-153.32,312,280,369
159774,5,Extend,<<,-1643,-149.36,312,281,367
159887,5,Extend,<<,-1599,-145.49,314,282,369
160000,5,Extend,<<,-1555,-141.71,313,286,372
160112,5,Extend,<<,-1511,-137.85,314,289,373
160223,5,Extend,<<,-1467,-133.98,320,291,375
160334,5,Extend,<<,-1423,-130.2,324,292,378
160448,5,Extend,<<,-1379,-126.24,324,294,382
160561,5,Extend,<<,-1335,-122.46,330,299,385
160672,5,Extend,<<,-1291,-118.68,333,301,392
160783,5,Extend,<<,-1247,-114.73,343,301,398
160895,5,Extend,<<,-1203,-110.95,351,302,404
161008,5,Extend,<<,-1159,-106.99,353,304,408
161123,5,Extend,<<,-1115,-103.12,362,303,409
161236,5,Extend,<<,-1071,-99.25,375,306,414
161348,5,Extend,<<,-1027,-95.47,377,306,416
161462,5,Extend,<<,-983,-91.6,373,307,417
161575,5,Extend,<<,-939,-87.65,371,306,420
161687,5,Extend,<<,-895,-83.87,378,305,420
161801,5,Extend,<<,-851,-79.91,378,309,423
161914,5,Extend,<<,-807,-76.04,378,307,424
162025,5,Extend,<<,-763,-72.26,380,308,425
162139,5,Extend,<<,-719,-68.31,379,310,427
162252,5,Extend,<<,-675,-64.35,378,308,429
162364,5,Extend,<<,-631,-60.48,379,309,429
162476,5,Extend,<<,-587,-56.79,378,311,431
162586,5,Extend,<<,-543,-52.92,381,309,429
162697,5,Extend,<<,-499,-48.97,379,309,429
162809,5,Extend,<<,-455,-45.01,380,311,431
162921,5,Extend,<<,-411,-41.14,378,311,430
163033,5,Extend,<<,-367,-37.36,378,309,430
163147,5,Extend,<<,-323,-33.41,377,311,432
163260,5,Extend,<<,-279,-29.54,379,311,432
163371,5,Extend,<<,-235,-25.76,379,309,434
163484,5,Extend,<<,-191,-21.8,380,310,432
163597,5,Extend,<<,-147,-17.93,380,308,431
163709,5,Extend,<<,-103,-14.07,381,310,431
163822,5,Extend,<<,-59,-10.29,379,308,431
163935,5,Extend,<<,-15,-6.24,379,312,433
164048,5,Extend,<<,29,-2.46,378,309,433
164161,5,Extend,<<,73,1.41,379,309,432
164274,5,Extend,<<,117,5.19,379,309,433
164385,5,Extend,<<,161,9.05,380,311,432
164497,5,Extend,<<,205,12.92,379,309,432
181807,5,Extend,>>,205,18.02,442,398,561
181918,5,Extend,>>,161,18.02,438,392,557
182028,5,Extend,>>,117,15.38,438,393,557
182138,5,Extend,>>,73,11.6,438,392,556
182249,5,Extend,>>,29,7.82,434,392,556
182360,5,Extend,>>,-15,4.13,440,392,557
182471,5,Extend,>>,-59,0.18,437,393,557
182582,5,Extend,>>,-103,-3.69,436,391,557
182693,5,Extend,>>,-147,-7.56,439,392,555
182805,5,Extend,>>,-191,-11.43,439,390,553
182916,5,Extend,>>,-235,-15.3,434,392,553
183027,5,Extend,>>,-279,-18.99,437,390,553
183139,5,Extend,>>,-323,-22.86,438,391,550
183250,5,Extend,>>,-367,-26.73,439,392,548
183361,5,Extend,>>,-411,-30.51,436,389,549
183471,5,Extend,>>,-455,-34.37,438,390,543
183582,5,Extend,>>,-499,-38.33,436,389,540
183693,5,Extend,>>,-543,-42.02,436,385,542
183805,5,Extend,>>,-587,-45.89,436,389,538
183915,5,Extend,>>,-631,-49.85,432,389,536
184027,5,Extend,>>,-675,-53.71,432,389,532
184138,5,Extend,>>,-719,-57.32,430,386,525
184248,5,Extend,>>,-763,-61.19,431,388,525
184360,5,Extend,>>,-807,-64.97,419,386,519
184471,5,Extend,>>,-851,-68.84,416,385,513
184582,5,Extend,>>,-895,-72.62,411,383,509
184694,5,Extend,>>,-939,-76.4,401,381,505
184805,5,Extend,>>,-983,-80.09,393,381,500
184917,5,Extend,>>,-1027,-83.78,388,380,492
185028,5,Extend,>>,-1071,-87.56,383,376,485
185141,5,Extend,>>,-1115,-91.43,376,375,477
185252,5,Extend,>>,-1159,-95.21,372,370,471
185363,5,Extend,>>,-1203,-98.9,368,366,467
185474,5,Extend,>>,-1247,-102.51,359,365,465
185586,5,Extend,>>,-1291,-106.2,352,365,463
185697,5,Extend,>>,-1335,-109.98,345,354,451
185809,5,Extend,>>,-1379,-113.93,342,341,439
185920,5,Extend,>>,-1423,-117.8,334,334,433
186031,5,Extend,>>,-1467,-121.58,331,325,419
186141,5,Extend,>>,-1511,-125.27,328,322,406
186252,5,Extend,>>,-1555,-128.97,323,319,400
186362,5,Extend,>>,-1599,-132.75,316,311,386
186473,5,Extend,>>,-1643,-136.79,312,310,382
186584,5,Extend,>>,-1687,-140.57,310,300,377
186696,5,Extend,>>,-1731,-144.53,309,293,372
186806,5,Extend,>>,-1775,-148.4,306,286,369
186917,5,Extend,>>,-1819,-152.35,305,281,367
187029,5,Extend,>>,-1863,-156.22,307,279,365
187140,5,Extend,>>,-1907,-160.09,303,277,366
187251,5,Extend,>>,-1951,-163.69,302,275,368
187362,5,Extend,>>,-1995,-167.38,302,272,369
187473,5,Extend,>>,-2039,-171.08,301,272,366
187583,5,Extend,>>,-2083,-174.77,301,271,366
187695,5,Extend,>>,-2127,-178.55,298,268,366
187807,5,Extend,>>,-2171,-182.33,299,269,369
187918,5,Extend,>>,-2215,-185.85,299,266,368
188029,5,Extend,>>,-2259,-189.54,296,267,369
188140,5,Extend,>>,-2303,-192.88,294,265,369
188252,5,Extend,>>,-2347,-196.92,295,265,368
188364,5,Extend,>>,-2391,-200.62,297,265,364
188477,5,Extend,>>,-2435,-204.48,296,262,361
188589,5,Extend,<<,-2435,-208.09,299,264,367
188701,5,Extend,<<,-2391,-209.32,304,270,374
188812,5,Extend,<<,-2347,-209.32,308,271,375
188922,5,Extend,<<,-2303,-206.51,310,274,377
189033,5,Extend,<<,-2259,-203.16,308,274,376
189144,5,Extend,<<,-2215,-199.3,310,273,376
189256,5,Extend,<<,-2171,-195.6,311,273,374
189368,5,Extend,<<,-2127,-191.82,310,276,376
189480,5,Extend,<<,-2083,-187.96,310,274,376
189591,5,Extend,<<,-2039,-184.09,311,277,376
189702,5,Extend,<<,-1995,-180.13,310,275,376
189814,5,Extend,<<,-1951,-176.35,310,277,375
189925,5,Extend,<<,-1907,-172.57,312,278,373
190036,5,Extend,<<,-1863,-168.7,311,278,372
190148,5,Extend,<<,-1819,-165.01,312,280,372
190259,5,Extend,<<,-1775,-161.05,312,281,371
190370,5,Extend,<<,-1731,-157.19,315,284,372
190481,5,Extend,<<,-1687,-153.32,317,286,371
190592,5,Extend,<<,-1643,-149.45,318,289,372
190703,5,Extend,<<,-1599,-145.58,322,286,374
190814,5,Extend,<<,-1555,-141.71,323,291,378
190926,5,Extend,<<,-1511,-137.76,324,296,380
191037,5,Extend,<<,-1467,-133.98,328,298,384
191149,5,Extend,<<,-1423,-130.2,328,299,387
191260,5,Extend,<<,-1379,-126.24,333,304,392
191372,5,Extend,<<,-1335,-122.46,336,302,400
191483,5,Extend,<<,-1291,-118.59,339,305,404
191594,5,Extend,<<,-1247,-114.81,342,306,407
191705,5,Extend,<<,-1203,-110.95,342,309,413
191816,5,Extend,<<,-1159,-106.99,344,309,417
191927,5,Extend,<<,-1115,-103.21,345,310,418
192038,5,Extend,<<,-1071,-99.34,344,309,423
192149,5,Extend,<<,-1027,-95.47,344,310,429
192260,5,Extend,<<,-983,-91.69,344,313,440
192370,5,Extend,<<,-939,-87.65,345,311,438
192482,5,Extend,<<,-895,-83.87,345,314,440
192593,5,Extend,<<,-851,-80.0,350,311,442
192704,5,Extend,<<,-807,-76.13,350,313,445
192815,5,Extend,<<,-763,-72.26,356,315,445
192925,5,Extend,<<,-719,-68.31,360,316,451
193036,5,Extend,<<,-675,-64.44,363,318,455
193146,5,Extend,<<,-631,-60.57,364,317,453
193257,5,Extend,<<,-587,-56.79,364,317,458
193368,5,Extend,<<,-543,-52.92,366,317,461
193479,5,Extend,<<,-499,-48.97,365,320,468
193590,5,Extend,<<,-455,-45.01,366,319,462
193700,5,Extend,<<,-411,-41.14,367,318,463
193811,5,Extend,<<,-367,-37.45,366,318,463
193922,5,Extend,<<,-323,-33.41,365,321,469
194033,5,Extend,<<,-279,-29.54,366,321,469
194143,5,Extend,<<,-235,-25.76,364,322,468
194254,5,Extend,<<,-191,-21.8,366,321,468
194365,5,Extend,<<,-147,-17.93,368,321,468
194476,5,Extend,<<,-103,-14.07,368,322,468
194587,5,Extend,<<,-59,-10.29,367,320,466
194698,5,Extend,<<,-15,-6.33,368,321,467
194810,5,Extend,<<,29,-2.46,367,319,466
194922,5,Extend,<<,73,1.41,367,321,466
195033,5,Extend,<<,117,5.19,368,323,465
195144,5,Extend,<<,161,9.05,369,321,466
195255,5,Extend,<<,205,12.92,366,320,465
212453,5,Extend,>>,205,18.02,439,399,567
212564,5,Extend,>>,161,18.02,437,397,563
212675,5,Extend,>>,117,15.38,439,394,561
212786,5,Extend,>>,73,11.6,437,395,562
212897,5,Extend,>>,29,7.82,435,397,563
213008,5,Extend,>>,-15,4.22,435,397,562
213119,5,Extend,>>,-59,0.26,436,397,562
213230,5,Extend,>>,-103,-3.69,435,394,561
213342,5,Extend,>>,-147,-7.56,436,396,560
213453,5,Extend,>>,-191,-11.43,436,395,561
213564,5,Extend,>>,-235,-15.3,433,394,559
213676,5,Extend,>>,-279,-18.9,435,395,558
213788,5,Extend,>>,-323,-22.86,434,396,558
213900,5,Extend,>>,-367,-26.64,435,395,555
214010,5,Extend,>>,-411,-30.42,433,392,553
214121,5,Extend,>>,-455,-34.37,434,395,550
214232,5,Extend,>>,-499,-38.24,433,394,549
214343,5,Extend,>>,-543,-42.02,433,394,546
214454,5,Extend,>>,-587,-45.89,431,393,544
214566,5,Extend,>>,-631,-49.85,429,393,539
214677,5,Extend,>>,-675,-53.71,430,390,533
214788,5,Extend,>>,-719,-57.32,428,391,531
214899,5,Extend,>>,-763,-61.1,426,390,526
215010,5,Extend,>>,-807,-64.88,424,389,520
215121,5,Extend,>>,-851,-68.84,420,389,513
215231,5,Extend,>>,-895,-72.53,416,389,507
215343,5,Extend,>>,-939,-76.4,413,387,503
215455,5,Extend,>>,-983,-80.18,409,381,496
215566,5,Extend,>>,-1027,-83.78,405,376,486
215678,5,Extend,>>,-1071,-87.56,401,376,481
215789,5,Extend,>>,-1115,-91.52,394,371,473
215900,5,Extend,>>,-1159,-95.3,391,364,465
216011,5,Extend,>>,-1203,-98.99,392,361,461
216123,5,Extend,>>,-1247,-102.59,389,360,458
216233,5,Extend,>>,-1291,-106.2,387,355,455
216344,5,Extend,>>,-1335,-110.07,383,351,442
216456,5,Extend,>>,-1379,-114.02,372,342,435
216568,5,Extend,>>,-1423,-117.8,368,339,429
216679,5,Extend,>>,-1467,-121.49,357,332,419
216790,5,Extend,>>,-1511,-125.27,341,329,411
216902,5,Extend,>>,-1555,-128.88,328,326,405
217013,5,Extend,>>,-1599,-132.75,318,325,398
217124,5,Extend,>>,-1643,-136.62,312,317,393
217236,5,Extend,>>,-1687,-140.31,310,311,383
217347,5,Extend,>>,-1731,-144.18,306,303,376
217459,5,Extend,>>,-1775,-147.87,306,299,370
217570,5,Extend,>>,-1819,-151.74,304,290,369
217682,5,Extend,>>,-1863,-155.6,302,284,369
217794,5,Extend,>>,-1907,-159.56,302,284,370
217907,5,Extend,>>,-1951,-163.34,302,278,366
218018,5,Extend,>>,-1995,-166.95,300,276,368
218129,5,Extend,>>,-2039,-170.64,300,273,367
218240,5,Extend,>>,-2083,-174.42,299,273,369
218351,5,Extend,>>,-2127,-178.29,300,273,367
218462,5,Extend,>>,-2171,-182.15,300,269,367
218574,5,Extend,>>,-2215,-185.85,300,269,367
218686,5,Extend,>>,-2259,-189.54,299,267,362
218798,5,Extend,>>,-2303,-192.97,302,265,361
218910,5,Extend,>>,-2347,-196.92,299,266,358
219021,5,Extend,>>,-2391,-200.62,302,265,361
219133,5,Extend,>>,-2435,-204.4,299,264,360
219260,5,Extend,<<,-2435,-208.35,304,263,367
219371,5,Extend,<<,-2391,-209.32,307,271,370
219483,5,Extend,<<,-2347,-209.32,311,272,373
219594,5,Extend,<<,-2303,-206.51,315,273,374
219706,5,Extend,<<,-2259,-203.08,314,276,373
219817,5,Extend,<<,-2215,-199.3,313,272,374
219929,5,Extend,<<,-2171,-195.6,315,276,372
220041,5,Extend,<<,-2127,-191.91,313,277,372
220154,5,Extend,<<,-2083,-187.96,311,273,372
220265,5,Extend,<<,-2039,-184.09,314,276,370
220376,5,Extend,<<,-1995,-180.22,315,275,369
220487,5,Extend,<<,-1951,-176.44,316,275,369
220600,5,Extend,<<,-1907,-172.57,316,278,367
220712,5,Extend,<<,-1863,-168.7,317,277,369
220823,5,Extend,<<,-1819,-165.01,317,280,369
220934,5,Extend,<<,-1775,-161.05,314,279,368
221046,5,Extend,<<,-1731,-157.19,317,282,368
221157,5,Extend,<<,-1687,-153.32,318,283,370
221269,5,Extend,<<,-1643,-149.45,319,288,372
221380,5,Extend,<<,-1599,-145.49,321,290,374
221492,5,Extend,<<,-1555,-141.71,321,291,377
221603,5,Extend,<<,-1511,-137.85,324,293,379
221715,5,Extend,<<,-1467,-133.98,327,295,383
221827,5,Extend,<<,-1423,-130.2,331,294,386
221938,5,Extend,<<,-1379,-126.24,334,295,387
222051,5,Extend,<<,-1335,-122.46,340,300,389
222163,5,Extend,<<,-1291,-118.68,340,300,393
222277,5,Extend,<<,-1247,-114.73,342,302,398
222389,5,Extend,<<,-1203,-110.95,349,304,402
222501,5,Extend,<<,-1159,-106.99,351,307,408
222613,5,Extend,<<,-1115,-103.21,355,308,411
222724,5,Extend,<<,-1071,-99.34,359,306,412
222835,5,Extend,<<,-1027,-95.47,361,308,417
222945,5,Extend,<<,-983,-91.6,365,309,424
223056,5,Extend,<<,-939,-87.65,366,308,429
223166,5,Extend,<<,-895,-83.87,367,310,432
223276,5,Extend,<<,-851,-80.0,370,313,436
223388,5,Extend,<<,-807,-76.13,371,313,444
223499,5,Extend,<<,-763,-72.26,372,317,447
223610,5,Extend,<<,-719,-68.31,371,318,449
223721,5,Extend,<<,-675,-64.44,371,316,450
223832,5,Extend,<<,-631,-60.57,370,318,453
223943,5,Extend,<<,-587,-56.79,373,319,458
224055,5,Extend,<<,-543,-52.92,369,324,463
224166,5,Extend,<<,-499,-48.97,371,323,466
224277,5,Extend,<<,-455,-45.01,369,327,469
224387,5,Extend,<<,-411,-41.23,370,328,471
224500,5,Extend,<<,-367,-37.36,371,325,475
224611,5,Extend,<<,-323,-33.41,371,327,473
224722,5,Extend,<<,-279,-29.54,372,325,474
224833,5,Extend,<<,-235,-25.76,370,324,473
224943,5,Extend,<<,-191,-21.89,371,325,472
225054,5,Extend,<<,-147,-17.93,372,325,472
225164,5,Extend,<<,-103,-14.15,372,325,472
225275,5,Extend,<<,-59,-10.29,373,323,472
225387,5,Extend,<<,-15,-6.33,375,325,472
225500,5,Extend,<<,29,-2.46,373,324,472
225610,5,Extend,<<,73,1.32,374,324,472
225721,5,Extend,<<,117,5.1,375,323,471
225833,5,Extend,<<,161,9.05,373,324,475
225943,5,Extend,<<,205,12.92,375,323,472
243153,5,Extend,>>,205,18.02,400,378,522
243265,5,Extend,>>,161,18.02,399,375,519
243376,5,Extend,>>,117,15.38,398,375,519
243487,5,Extend,>>,73,11.6,399,374,517
243600,5,Extend,>>,29,7.82,398,376,522
243712,5,Extend,>>,-15,4.13,399,379,519
243823,5,Extend,>>,-59,0.18,396,372,518
243934,5,Extend,>>,-103,-3.6,397,374,517
244045,5,Extend,>>,-147,-7.56,398,374,518
244156,5,Extend,>>,-191,-11.43,396,374,515
244267,5,Extend,>>,-235,-15.3,399,377,516
244378,5,Extend,>>,-279,-18.9,395,374,516
244489,5,Extend,>>,-323,-22.86,395,375,513
244600,5,Extend,>>,-367,-26.64,396,370,513
244712,5,Extend,>>,-411,-30.51,393,373,514
244823,5,Extend,>>,-455,-34.46,393,374,511
244936,5,Extend,>>,-499,-38.33,394,374,507
245047,5,Extend,>>,-543,-42.11,392,374,505
245158,5,Extend,>>,-587,-45.89,391,372,506
245269,5,Extend,>>,-631,-49.85,390,369,500
245380,5,Extend,>>,-675,-53.71,388,371,498
245491,5,Extend,>>,-719,-57.32,389,371,496
245602,5,Extend,>>,-763,-61.19,387,372,489
245715,5,Extend,>>,-807,-65.05,388,372,489
245827,5,Extend,>>,-851,-68.92,383,371,486
245938,5,Extend,>>,-895,-72.7,382,371,483
246049,5,Extend,>>,-939,-76.4,382,371,476
246160,5,Extend,>>,-983,-80.26,380,368,473
246272,5,Extend,>>,-1027,-83.96,378,370,468
246383,5,Extend,>>,-1071,-87.65,376,364,458
246494,5,Extend,>>,-1115,-91.52,371,365,449
246605,5,Extend,>>,-1159,-95.38,366,361,438
246716,5,Extend,>>,-1203,-99.16,364,355,424
246827,5,Extend,>>,-1247,-102.86,361,349,414
246938,5,Extend,>>,-1291,-106.55,358,343,405
247050,5,Extend,>>,-1335,-110.51,353,338,392
247162,5,Extend,>>,-1379,-114.29,345,332,383
247273,5,Extend,>>,-1423,-118.15,341,327,379
247385,5,Extend,>>,-1467,-121.85,337,323,376
247495,5,Extend,>>,-1511,-125.54,329,321,375
247606,5,Extend,>>,-1555,-129.23,324,320,375
247718,5,Extend,>>,-1599,-133.01,321,313,374
247830,5,Extend,>>,-1643,-136.88,317,305,370
247943,5,Extend,>>,-1687,-140.75,311,295,367
248055,5,Extend,>>,-1731,-144.62,311,291,367
248167,5,Extend,>>,-1775,-148.31,311,289,365
248278,5,Extend,>>,-1819,-152.18,309,286,366
248390,5,Extend,>>,-1863,-155.96,306,281,365
248501,5,Extend,>>,-1907,-159.91,306,278,363
248612,5,Extend,>>,-1951,-163.69,303,272,362
248725,5,Extend,>>,-1995,-167.38,303,272,362
248836,5,Extend,>>,-2039,-171.08,299,270,363
248947,5,Extend,>>,-2083,-174.77,304,270,361
249059,5,Extend,>>,-2127,-178.55,301,271,360
249171,5,Extend,>>,-2171,-182.33,297,267,362
249283,5,Extend,>>,-2215,-185.93,297,269,359
249394,5,Extend,>>,-2259,-189.54,296,263,359
249505,5,Extend,>>,-2303,-192.97,295,266,362
249616,5,Extend,>>,-2347,-196.84,296,267,359
249728,5,Extend,>>,-2391,-200.62,293,263,358
249839,5,Extend,>>,-2435,-204.4,293,264,356
249951,5,Extend,<<,-2435,-208.0,298,266,365
250062,5,Extend,<<,-2391,-209.14,299,270,370
250175,5,Extend,<<,-2347,-209.14,303,270,373
250286,5,Extend,<<,-2303,-206.42,306,273,372
250398,5,Extend,<<,-2259,-203.08,307,274,374
250510,5,Extend,<<,-2215,-199.3,305,274,375
250621,5,Extend,<<,-2171,-195.6,305,274,372
250732,5,Extend,<<,-2127,-191.91,306,274,373
250844,5,Extend,<<,-2083,-187.96,308,273,372
250954,5,Extend,<<,-2039,-184.18,309,275,371
251065,5,Extend,<<,-1995,-180.22,309,275,370
251176,5,Extend,<<,-1951,-176.44,311,275,371
251288,5,Extend,<<,-1907,-172.57,311,277,369
251400,5,Extend,<<,-1863,-168.7,312,275,369
251511,5,Extend,<<,-1819,-165.01,314,278,370
251622,5,Extend,<<,-1775,-161.05,313,280,371
251733,5,Extend,<<,-1731,-157.27,313,280,368
251845,5,Extend,<<,-1687,-153.41,313,282,367
251956,5,Extend,<<,-1643,-149.45,313,283,368
252067,5,Extend,<<,-1599,-145.58,314,286,369
252179,5,Extend,<<,-1555,-141.71,316,287,371
252290,5,Extend,<<,-1511,-137.85,320,292,373
252401,5,Extend,<<,-1467,-133.98,322,294,378
252543,5,Extend,<<,-1423,-129.67,326,298,387
252653,5,Extend,<<,-1379,-126.24,329,299,387
252763,5,Extend,<<,-1335,-122.55,332,302,392
252873,5,Extend,<<,-1291,-118.68,333,302,395
252983,5,Extend,<<,-1247,-114.9,338,305,399
253093,5,Extend,<<,-1203,-110.95,344,306,402
253204,5,Extend,<<,-1159,-107.08,345,306,404
253314,5,Extend,<<,-1115,-103.3,350,307,407
253423,5,Extend,<<,-1071,-99.43,350,308,410
253533,5,Extend,<<,-1027,-95.47,350,311,416
253643,5,Extend,<<,-983,-91.69,352,312,424
253752,5,Extend,<<,-939,-87.74,353,315,431
253863,5,Extend,<<,-895,-83.87,354,315,433
253974,5,Extend,<<,-851,-80.0,354,315,436
254084,5,Extend,<<,-807,-76.13,368,317,441
254194,5,Extend,<<,-763,-72.26,371,317,442
254303,5,Extend,<<,-719,-68.4,368,319,445
254414,5,Extend,<<,-675,-64.44,367,318,444
254523,5,Extend,<<,-631,-60.57,367,320,444
254633,5,Extend,<<,-587,-56.79,367,319,451
254743,5,Extend,<<,-543,-52.92,365,320,450
254853,5,Extend,<<,-499,-49.05,366,322,451
254963,5,Extend,<<,-455,-45.01,368,319,453
255073,5,Extend,<<,-411,-41.14,366,318,453
255184,5,Extend,<<,-367,-37.45,381,318,454
255294,5,Extend,<<,-323,-33.49,380,316,456
255404,5,Extend,<<,-279,-29.54,378,321,455
255514,5,Extend,<<,-235,-25.85,376,319,454
255623,5,Extend,<<,-191,-21.89,377,318,452
255733,5,Extend,<<,-147,-18.02,377,320,453
255842,5,Extend,<<,-103,-14.15,376,318,452
255952,5,Extend,<<,-59,-10.37,375,320,453
256062,5,Extend,<<,-15,-6.33,374,319,452
256172,5,Extend,<<,29,-2.55,373,317,454
256283,5,Extend,<<,73,1.32,373,318,455
256393,5,Extend,<<,117,5.1,373,319,457
256503,5,Extend,<<,161,8.97,372,322,455
256612,5,Extend,<<,205,12.84,373,319,455
