Time(ms),MotorID,Phase,Direction,Position,Angle(deg),SensorA0,SensorA1,SensorA2,∠ABD_smooth,angle_smooth,dmotor,cycle,L_est_cm,theta_from_R(compose)
27384,4,Extend,>>,1373,125.98,458,417,627,11.783360268026264,127.74000000000001,-0.8799999999999955,0,-0.8793006235158991,-6.181722255161091
27493,4,Extend,>>,1328,122.2,458,420,628,10.49966260048646,126.355,-1.3850000000000051,0,-0.8793006235158991,-6.181722255161091
27603,4,Extend,>>,1283,118.33,459,418,626,9.222205661477677,124.75,-1.605000000000004,0,-0.85737499949659,-6.112008809424769
27714,4,Extend,>>,1238,114.37,457,419,627,7.634841361618933,121.9,-2.8499999999999943,0,-0.901150667991665,-6.247504293965868
27823,4,Extend,>>,1193,110.51,458,419,627,5.630301467148211,118.27799999999999,-3.622000000000014,0,-0.8793006235158991,-6.181722255161091
27933,4,Extend,>>,1148,106.46,457,418,625,3.759371704613641,114.374,-3.9039999999999964,0,-0.901150667991665,-6.247504293965868
28043,4,Extend,>>,1103,102.59,458,418,627,1.433657777567895,110.452,-3.921999999999997,0,-0.8793006235158991,-6.181722255161091
28153,4,Extend,>>,1058,98.81,458,416,623,-1.786818814860077,106.548,-3.9039999999999964,0,-0.8793006235158991,-6.181722255161091
28263,4,Extend,>>,1013,94.77,458,416,622,-3.3416202617659376,102.628,-3.9200000000000017,0,-0.8793006235158991,-6.181722255161091
28373,4,Extend,>>,968,90.81,458,415,617,-5.196887020463327,98.68800000000002,-3.9399999999999835,0,-0.8793006235158991,-6.181722255161091
28482,4,Extend,>>,923,86.95,459,416,617,-7.80792292115621,94.786,-3.9020000000000152,0,-0.85737499949659,-6.112008809424769
28592,4,Extend,>>,878,83.16,456,415,614,-10.548529623256323,90.9,-3.8859999999999957,0,-0.922925132923889,-6.309393162360348
28703,4,Extend,>>,833,79.3,458,412,609,-11.739815340619232,86.998,-3.902000000000001,0,-0.8793006235158991,-6.181722255161091
28813,4,Extend,>>,788,75.52,458,413,607,-13.083254127736478,83.148,-3.8500000000000085,0,-0.8793006235158991,-6.181722255161091
28922,4,Extend,>>,743,71.65,454,409,604,-15.064025378964864,79.316,-3.8319999999999936,0,-0.966247324157707,-6.421643672700639
29032,4,Extend,>>,698,67.78,455,412,601,-16.271040773907373,75.482,-3.834000000000003,0,-0.9446240183125698,-6.3674269646052215
29142,4,Extend,>>,653,63.82,455,408,594,-16.86304377400159,71.614,-3.867999999999995,0,-0.9446240183125698,-6.3674269646052215
29253,4,Extend,>>,608,60.04,456,408,594,-17.447179701929443,67.762,-3.852000000000004,0,-0.922925132923889,-6.309393162360348
29362,4,Extend,>>,563,56.26,455,404,587,-17.65961791936956,63.910000000000004,-3.8519999999999968,0,-0.9446240183125698,-6.3674269646052215
29472,4,Extend,>>,518,52.57,452,402,587,-17.627859212730172,60.093999999999994,-3.8160000000000096,0,-1.009267197217354,-6.518777033140983
29582,4,Extend,>>,473,48.53,453,402,585,-17.646370891726853,56.24400000000001,-3.849999999999987,0,-0.9877950504593023,-6.472081126386209
29692,4,Extend,>>,428,44.48,450,399,580,-17.33578203454205,52.376,-3.868000000000009,0,-1.0519847521028294,-6.601094374471651
29802,4,Extend,>>,383,40.62,449,398,575,-16.742231154781447,48.492,-3.8840000000000003,0,-1.0732301602302527,-6.636790562702924
29911,4,Extend,>>,338,36.84,449,396,567,-15.896938427206925,44.608000000000004,-3.8839999999999932,0,-1.0732301602302527,-6.636790562702924
30021,4,Extend,>>,293,32.97,445,393,562,-14.660707285704389,40.688,-3.9200000000000017,0,-1.1574559973045178,-6.744024719888246
30132,4,Extend,>>,248,29.19,441,387,548,-13.841212007209371,36.82,-3.868000000000002,0,-1.2404725616820964,-6.796141856214516
30242,4,Extend,>>,203,25.32,435,382,537,-12.97115371708189,32.988,-3.8320000000000007,0,-1.3627300219421778,-6.776048512419681
30352,4,Extend,>>,158,21.54,433,371,523,-11.988906574031516,29.172000000000004,-3.8159999999999954,0,-1.402877872347195,-6.74428880587981
30462,4,Extend,>>,113,17.76,425,364,506,-11.448502903566844,25.356,-3.8160000000000025,0,-1.5604460922255505,-6.499420303879731
30572,4,Extend,>>,68,13.89,423,353,486,-10.77023137090188,21.54,-3.8160000000000025,0,-1.5990823517597104,-6.410124443246336
30683,4,Extend,>>,23,10.11,419,347,472,-10.260649856771806,17.724,-3.815999999999999,0,-1.675447916305516,-6.19973877081457
30794,4,Extend,>>,-22,6.42,416,335,457,-9.45054283593764,13.943999999999999,-3.780000000000001,0,-1.7319285045076698,-6.015181151525472
30904,4,Extend,>>,-67,2.64,410,325,447,-8.350432033320118,10.164000000000001,-3.7799999999999976,0,-1.8428490332363205,-5.581079930851233
31015,4,Extend,>>,-112,-1.23,406,323,438,-7.184823797021047,6.366,-3.798000000000002,0,-1.9152844615178963,-5.246342233907924
31125,4,Extend,>>,-157,-4.92,402,319,428,-6.103898237885836,2.604,-3.7619999999999996,0,-1.9865106171027862,-4.877706126769775
31235,4,Extend,>>,-202,-8.7,393,314,421,-4.982349123121588,-1.158,-3.762,0,-2.1423480638715304,-3.9346087509058343
31344,4,Extend,>>,-247,-12.66,389,307,407,-3.8946999164016622,-4.973999999999999,-3.8159999999999994,0,-2.209644083192191,-3.4694004103974883
31454,4,Extend,>>,-292,-16.44,384,303,399,-2.324624010407499,-8.790000000000001,-3.8160000000000016,0,-2.292063567613302,-2.8520280203710566
31564,4,Extend,>>,-337,-20.22,377,299,392,-1.2298720307404496,-12.588,-3.7979999999999983,0,-2.404276504974056,-1.9272036300601574
31673,4,Extend,>>,-382,-23.91,370,295,386,-0.0422434189774139,-16.386000000000003,-3.7980000000000036,0,-2.5127860447012096,-0.9404774454963278
31783,4,Extend,>>,-427,-27.52,365,291,381,1.3238677404003738,-20.15,-3.763999999999996,0,-2.588025472485747,-0.2029405957116836
31893,4,Extend,>>,-472,-31.21,354,292,373,2.803050603407414,-23.860000000000003,-3.7100000000000044,0,-2.7469012137799567,1.4979787942126508
32003,4,Extend,>>,-517,-34.81,347,292,371,3.611685440750915,-27.534000000000002,-3.6739999999999995,0,-2.843242446996707,2.6242892799528925
32112,4,Extend,>>,-562,-38.77,339,292,368,4.951274413033177,-31.244000000000007,-3.7100000000000044,0,-2.9488119409175635,3.940742084568934
32222,4,Extend,>>,-607,-42.46,333,292,368,7.397727130880558,-34.954,-3.7099999999999937,0,-3.024814720529405,4.941751291049371
32332,4,Extend,>>,-652,-46.42,325,283,368,8.305990274449298,-38.734,-3.780000000000001,0,-3.121919305573459,6.28555317788279
32444,4,Extend,>>,-697,-50.46,319,282,365,8.85188955025051,-42.584,-3.8500000000000014,0,-3.1915734035276992,7.294299310165548
32554,4,Extend,>>,-742,-54.07,316,281,365,9.485126160858378,-46.436,-3.8519999999999968,0,-3.2253801286669903,7.797393202434221
32664,4,Extend,>>,-787,-57.93,311,274,364,10.019015390433932,-50.26800000000001,-3.832000000000008,0,-3.2802130796949514,8.63214432688946
32773,4,Extend,>>,-832,-61.71,310,274,363,10.495522112020586,-54.11800000000001,-3.8500000000000014,0,-3.290952931269915,8.798360433186168
32883,4,Extend,>>,-877,-65.49,309,275,366,10.837521702866445,-57.931999999999995,-3.813999999999986,0,-3.3016172033013356,8.964287671494695
32993,4,Extend,>>,-922,-69.36,304,274,366,10.726992185789918,-61.712,-3.7800000000000082,0,-3.353804870305296,9.788942303720653
33103,4,Extend,>>,-967,-73.14,307,273,364,10.944924523305444,-65.526,-3.813999999999993,0,-3.3227190087335483,9.295201028566233
33213,4,Extend,>>,-1012,-77.19,302,272,367,11.21942299386452,-69.378,-3.852000000000004,0,-3.3741508803020803,10.116139096142868
33323,4,Extend,>>,-1057,-81.14,303,274,363,11.480690878374824,-73.264,-3.8859999999999957,0,-3.36401566507546,9.952749062051414
33433,4,Extend,>>,-1102,-85.19,302,271,365,11.714034639319648,-77.204,-3.9399999999999977,0,-3.3741508803020803,10.116139096142868
33543,4,Extend,>>,-1147,-88.79,298,268,364,11.611293386834603,-81.09,-3.88600000000001,0,-3.4139359457731335,10.765179251293022
33653,4,Extend,>>,-1192,-92.48,299,268,363,11.528798724242368,-84.958,-3.867999999999995,0,-3.4041030487206845,10.603632152918733
33763,4,Extend,>>,-1237,-96.53,299,269,363,11.467981818983096,-88.826,-3.867999999999995,0,-3.4041030487206845,10.603632152918733
33873,4,Extend,<<,-1237,-100.04,303,268,370,11.65051037381587,-92.60600000000001,-3.7800000000000153,0,-3.36401566507546,9.952749062051414
33982,4,Extend,<<,-1192,-101.45,302,268,370,11.839694550057102,-95.858,-3.2519999999999953,0,-3.3741508803020803,10.116139096142868
34092,4,Extend,<<,-1147,-101.45,308,274,375,11.89347569888862,-98.39000000000001,-2.5320000000000107,0,-3.3122058957892135,9.129907379854656
34202,4,Extend,<<,-1102,-100.57,311,276,379,11.96711941755075,-100.008,-1.6179999999999808,0,-3.2802130796949514,8.63214432688946
34312,4,Extend,<<,-1057,-97.32,311,276,377,12.298578981373332,-100.16600000000001,-0.15800000000001546,0,-3.2802130796949514,8.63214432688946
57944,4,Extend,>>,1283,118.33,460,428,631,0.8466051009387632,124.732,-0.9660000000000082,1,-0.8353737959337373,-6.038325587975111
58054,4,Extend,>>,1238,114.29,459,426,629,-0.8726262883779714,121.86600000000001,-2.8659999999999854,1,-0.85737499949659,-6.112008809424769
58163,4,Extend,>>,1193,110.42,460,427,629,-1.7009075213838376,118.226,-3.640000000000015,1,-0.8353737959337373,-6.038325587975111
58273,4,Extend,>>,1148,106.37,460,425,630,-2.6883202785190408,114.304,-3.921999999999997,1,-0.8353737959337373,-6.038325587975111
58382,4,Extend,>>,1103,102.59,459,426,629,-3.70246719650435,110.4,-3.9039999999999964,1,-0.85737499949659,-6.112008809424769
58492,4,Extend,>>,1058,98.9,458,426,628,-4.618934292676062,106.51400000000001,-3.8859999999999957,1,-0.8793006235158991,-6.181722255161091
58602,4,Extend,>>,1013,94.86,461,426,627,-5.403450216831866,102.628,-3.88600000000001,1,-0.8132970128273431,-5.960634089769789
58711,4,Extend,>>,968,90.9,459,426,626,-6.087912135580565,98.724,-3.9039999999999964,1,-0.85737499949659,-6.112008809424769
58821,4,Extend,>>,923,87.03,459,425,622,-6.672855633128805,94.856,-3.868000000000009,1,-0.85737499949659,-6.112008809424769
58930,4,Extend,>>,878,83.16,460,426,622,-7.232125148204221,90.97,-3.8859999999999957,1,-0.8353737959337373,-6.038325587975111
59040,4,Extend,>>,833,79.3,459,422,615,-7.970583588509769,87.04999999999998,-3.920000000000016,1,-0.85737499949659,-6.112008809424769
59150,4,Extend,>>,788,75.34,456,420,613,-9.038212849156242,83.146,-3.903999999999982,1,-0.922925132923889,-6.309393162360348
59259,4,Extend,>>,743,71.56,455,420,607,-10.670662669501256,79.27799999999999,-3.868000000000009,1,-0.9446240183125698,-6.3674269646052215
59369,4,Extend,>>,698,67.78,456,417,606,-11.34765612539275,75.428,-3.8499999999999943,1,-0.922925132923889,-6.309393162360348
59479,4,Extend,>>,653,63.74,457,417,604,-11.212343830262798,71.544,-3.8840000000000003,1,-0.901150667991665,-6.247504293965868
59588,4,Extend,>>,608,59.96,457,417,601,-10.85725177396705,67.676,-3.867999999999995,1,-0.901150667991665,-6.247504293965868
59698,4,Extend,>>,563,56.18,456,414,595,-11.236128735762204,63.843999999999994,-3.832000000000008,1,-0.922925132923889,-6.309393162360348
59808,4,Extend,>>,518,52.4,453,411,590,-11.75325755145257,60.012,-3.8319999999999936,1,-0.9877950504593023,-6.472081126386209
59918,4,Extend,>>,473,48.53,453,406,580,-11.716476704507707,56.16199999999999,-3.8500000000000085,1,-0.9877950504593023,-6.472081126386209
60028,4,Extend,>>,428,44.4,453,404,571,-11.246296459140176,52.294,-3.867999999999995,1,-0.9877950504593023,-6.472081126386209
60138,4,Extend,>>,383,40.44,451,403,566,-10.621371092596434,48.38999999999999,-3.9040000000000035,1,-1.0306637644318632,-6.561768968183476
60248,4,Extend,>>,338,36.66,450,394,555,-9.732658544224106,44.48599999999999,-3.9040000000000035,1,-1.0519847521028294,-6.601094374471651
60357,4,Extend,>>,293,32.79,446,395,549,-8.371497860495323,40.564,-3.92199999999999,1,-1.1365129073512654,-6.722474942121324
60467,4,Extend,>>,248,29.1,442,387,541,-7.682079397490481,36.67799999999999,-3.88600000000001,1,-1.219831789903016,-6.788152098596975
60577,4,Extend,>>,203,25.14,438,385,532,-7.623025414231814,32.82599999999999,-3.8519999999999968,1,-1.3019413997580802,-6.800458708146027
60686,4,Extend,>>,158,21.36,433,384,528,-7.259136129566901,29.009999999999998,-3.8159999999999954,1,-1.402877872347195,-6.74428880587981
60796,4,Extend,>>,113,17.58,429,376,520,-6.71713962059391,25.193999999999996,-3.8160000000000025,1,-1.482266618634716,-6.644865842264065
60906,4,Extend,>>,68,13.89,427,372,510,-6.131618478013722,21.413999999999994,-3.780000000000001,1,-1.5215075145172192,-6.577758291056387
61016,4,Extend,>>,23,10.02,420,370,504,-5.38606021318157,17.597999999999995,-3.815999999999999,1,-1.6564698944843788,-6.2562256623013655
61126,4,Extend,>>,-22,6.33,417,364,495,-4.414988556168105,13.835999999999993,-3.7620000000000022,1,-1.7131772213171617,-6.079183503196965
61236,4,Extend,>>,-67,2.46,408,362,489,-3.5187535257506037,10.055999999999994,-3.7799999999999994,1,-1.879217906464194,-5.4180743485874325
61346,4,Extend,>>,-112,-1.41,399,355,483,-2.6550104105350107,6.257999999999994,-3.798,1,-2.0391366485842535,-4.580184170140873
61456,4,Extend,>>,-157,-5.19,396,351,472,-1.4917382314962688,2.441999999999994,-3.816,1,-2.0910824641738346,-4.265545670190122
61565,4,Extend,>>,-202,-8.88,395,345,460,-0.5576286974114417,-1.3380000000000059,-3.78,1,-2.108246576949943,-4.157004206666862
61675,4,Extend,>>,-247,-12.66,387,340,459,0.0720689555622614,-5.1360000000000054,-3.7979999999999996,1,-2.242838615591264,-3.227058584768639
61786,4,Extend,>>,-292,-16.53,379,336,452,0.9748405260357552,-8.934000000000006,-3.798000000000001,1,-2.3725935634458404,-2.1981705149295476
61896,4,Extend,>>,-337,-20.31,371,338,446,1.5925393352944972,-12.714000000000004,-3.7799999999999976,1,-2.497511420513673,-1.0848721497423903
62006,4,Extend,>>,-382,-24.09,363,334,434,2.1457088697786384,-16.494000000000007,-3.780000000000003,1,-2.617592186794762,0.09884609739825517
62115,4,Extend,>>,-427,-27.69,351,330,421,3.0125556356475545,-20.256000000000007,-3.7620000000000005,1,-2.78864379099125,1.977189903779541
62226,4,Extend,>>,-472,-31.47,344,324,412,4.047298381973679,-24.018000000000004,-3.761999999999997,1,-2.8833978537936,3.114891215827655
62336,4,Extend,>>,-517,-35.25,320,319,407,4.7778843227751935,-27.762000000000008,-3.7440000000000033,1,-3.1801533360608496,7.126345003181902
62445,4,Extend,>>,-562,-39.56,310,317,404,5.698236151282918,-31.612000000000005,-3.849999999999998,1,-3.290952931269915,8.798360433186168
62556,4,Extend,>>,-607,-43.52,304,312,402,6.490304688566653,-35.498000000000005,-3.8859999999999992,1,-3.353804870305296,9.788942303720653
62666,4,Extend,>>,-652,-47.47,303,312,403,6.885796020670491,-39.45400000000001,-3.956000000000003,1,-3.36401566507546,9.952749062051414
62777,4,Extend,>>,-697,-51.34,301,307,400,7.358171638349304,-43.42800000000001,-3.9740000000000038,1,-3.3842105159851577,10.279094669858479
62886,4,Extend,>>,-742,-55.03,299,305,401,8.284781142003453,-47.38400000000001,-3.955999999999996,1,-3.4041030487206845,10.603632152918733
62997,4,Extend,>>,-787,-58.99,298,300,400,8.698927176927135,-51.27,-3.8859999999999957,1,-3.4139359457731335,10.765179251293022
63108,4,Extend,>>,-832,-62.59,299,296,394,8.892843568515623,-55.084,-3.814,1,-3.4041030487206845,10.603632152918733
63217,4,Extend,>>,-877,-66.37,296,290,389,9.334452478470777,-58.86400000000001,-3.7800000000000082,1,-3.4333750012474034,11.086744126258123
63327,4,Extend,>>,-922,-70.07,296,287,383,9.831055159850369,-62.61,-3.745999999999988,1,-3.4333750012474034,11.086744126258123
63438,4,Extend,>>,-967,-73.67,296,281,380,10.014309079901505,-66.33800000000001,-3.7280000000000086,1,-3.4333750012474034,11.086744126258123
63548,4,Extend,>>,-1012,-77.54,296,279,379,10.065477503343338,-70.04800000000002,-3.710000000000008,1,-3.4333750012474034,11.086744126258123
63658,4,Extend,>>,-1057,-81.23,295,277,379,10.309279307125491,-73.776,-3.72799999999998,1,-3.4429811596692237,11.246727885441857
63769,4,Extend,>>,-1102,-85.1,295,273,376,10.516241469678343,-77.522,-3.7460000000000093,1,-3.4429811596692237,11.246727885441857
63879,4,Extend,>>,-1147,-88.79,291,273,380,10.667294172733705,-81.266,-3.7439999999999998,1,-3.4806499979210765,11.880947702594295
63990,4,Extend,>>,-1192,-92.66,292,271,378,10.887989375137336,-85.06400000000001,-3.798000000000002,1,-3.4713461576734277,11.72328312282681
64100,4,Extend,>>,-1237,-96.62,290,270,378,10.882050637001528,-88.88000000000001,-3.8160000000000025,1,-3.4898782586251826,12.037991453680016
64209,4,Extend,<<,-1237,-100.13,294,269,378,10.991520349968884,-92.66,-3.779999999999987,1,-3.4525117385475013,11.40615673458924
64319,4,Extend,<<,-1192,-101.45,296,274,384,11.178097525895865,-95.93000000000002,-3.2700000000000244,1,-3.4333750012474034,11.086744126258123
64430,4,Extend,<<,-1147,-101.45,301,277,389,11.253144741205537,-98.46200000000002,-2.5319999999999965,1,-3.3842105159851577,10.279094669858479
64541,4,Extend,<<,-1102,-100.48,303,278,390,11.457886845096452,-100.026,-1.5639999999999787,1,-3.36401566507546,9.952749062051414
64651,4,Extend,<<,-1057,-97.23,303,278,393,11.33169838804362,-100.148,-0.12199999999999989,1,-3.36401566507546,9.952749062051414
88476,4,Extend,>>,1283,118.24,461,405,605,8.61986460093907,124.696,-0.9839999999999947,2,-0.8132970128273431,-5.960634089769789
88587,4,Extend,>>,1238,114.29,460,403,604,6.569575783333384,121.83,-2.8659999999999997,2,-0.8353737959337373,-6.038325587975111
88698,4,Extend,>>,1193,110.42,461,405,604,5.28257323574158,118.19000000000001,-3.6399999999999864,2,-0.8132970128273431,-5.960634089769789
88810,4,Extend,>>,1148,106.37,459,404,604,3.946942904044159,114.28599999999999,-3.904000000000025,2,-0.85737499949659,-6.112008809424769
88921,4,Extend,>>,1103,102.59,459,401,604,1.8400101324120144,110.38199999999999,-3.9039999999999964,2,-0.85737499949659,-6.112008809424769
89032,4,Extend,>>,1058,98.81,458,403,604,-0.0438537563532436,106.49600000000001,-3.8859999999999815,2,-0.8793006235158991,-6.181722255161091
89144,4,Extend,>>,1013,94.68,458,404,601,-1.8013152539129176,102.574,-3.9220000000000113,2,-0.8793006235158991,-6.181722255161091
89255,4,Extend,>>,968,90.81,459,405,602,-3.365889716553787,98.652,-3.921999999999997,2,-0.85737499949659,-6.112008809424769
89366,4,Extend,>>,923,86.95,458,403,601,-4.363793133852904,94.768,-3.8840000000000003,2,-0.8793006235158991,-6.181722255161091
89478,4,Extend,>>,878,83.08,458,405,599,-5.253081510474969,90.866,-3.902000000000001,2,-0.8793006235158991,-6.181722255161091
89588,4,Extend,>>,833,79.21,458,402,594,-6.092537733737169,86.946,-3.9200000000000017,2,-0.8793006235158991,-6.181722255161091
89700,4,Extend,>>,788,75.16,457,401,597,-6.964777603602695,83.042,-3.9039999999999964,2,-0.901150667991665,-6.247504293965868
89811,4,Extend,>>,743,71.38,457,401,590,-7.898657645226283,79.15599999999999,-3.88600000000001,2,-0.901150667991665,-6.247504293965868
89922,4,Extend,>>,698,67.6,458,402,589,-8.868171211179273,75.28599999999999,-3.8700000000000045,2,-0.8793006235158991,-6.181722255161091
90034,4,Extend,>>,653,63.65,457,399,581,-9.658891229369154,71.39999999999999,-3.8859999999999957,2,-0.901150667991665,-6.247504293965868
90145,4,Extend,>>,608,59.78,455,397,579,-10.151567517434817,67.51399999999998,-3.88600000000001,2,-0.9446240183125698,-6.3674269646052215
90255,4,Extend,>>,563,56.09,456,397,575,-10.318449190956136,63.7,-3.8139999999999787,2,-0.922925132923889,-6.309393162360348
90365,4,Extend,>>,518,52.4,456,397,572,-10.474587503867948,59.903999999999996,-3.7960000000000065,2,-0.922925132923889,-6.309393162360348
90476,4,Extend,>>,473,48.53,454,393,564,-10.473554991995652,56.089999999999996,-3.814,2,-0.966247324157707,-6.421643672700639
90587,4,Extend,>>,428,44.48,451,394,562,-10.583572678600229,52.25599999999999,-3.834000000000003,2,-1.0306637644318632,-6.561768968183476
90699,4,Extend,>>,383,40.44,449,390,553,-10.210947801973733,48.38799999999999,-3.868000000000002,2,-1.0732301602302527,-6.636790562702924
90810,4,Extend,>>,338,36.66,446,386,543,-9.581061031957663,44.501999999999995,-3.8859999999999957,2,-1.1365129073512654,-6.722474942121324
90921,4,Extend,>>,293,32.79,448,380,536,-8.52368318492266,40.57999999999999,-3.922000000000004,2,-1.0943999888141334,-6.668894711314168
91032,4,Extend,>>,248,29.01,443,377,524,-7.89626486748765,36.67599999999999,-3.9040000000000035,2,-1.1991154385803924,-6.776826847122206
91143,4,Extend,>>,203,25.14,440,371,511,-7.454245854513731,32.80799999999999,-3.867999999999995,2,-1.2610377539176336,-6.800832240327328
91255,4,Extend,>>,158,21.36,436,360,501,-6.685281251103698,28.99199999999999,-3.8160000000000025,2,-1.3425427274243544,-6.787317819662146
91366,4,Extend,>>,113,17.58,433,356,491,-6.264979721312588,25.175999999999995,-3.8159999999999954,2,-1.402877872347195,-6.74428880587981
91477,4,Extend,>>,68,13.8,428,350,477,-5.700299625723456,21.377999999999993,-3.798000000000002,2,-1.5019248563477392,-6.612732988976204
91588,4,Extend,>>,23,10.02,424,346,468,-4.745585809552746,17.57999999999999,-3.798000000000002,2,-1.5798020117644023,-6.456125155250951
91700,4,Extend,>>,-22,6.33,423,345,461,-3.752296766882041,13.817999999999993,-3.7619999999999987,2,-1.5990823517597104,-6.410124443246336
91811,4,Extend,>>,-67,2.55,419,337,452,-2.6838061202739167,10.055999999999994,-3.7619999999999987,2,-1.675447916305516,-6.19973877081457
91921,4,Extend,>>,-112,-1.32,414,334,443,-1.2460620328247074,6.2759999999999945,-3.7799999999999994,2,-1.7692043322580584,-5.879891081651293
92032,4,Extend,>>,-157,-5.1,404,326,433,-0.5030253365507718,2.4959999999999942,-3.7800000000000002,2,-1.9510486983974271,-5.066136045721892
92144,4,Extend,>>,-202,-8.88,403,319,422,-0.0395984421661118,-1.284000000000006,-3.7800000000000002,2,-1.9688174475218783,-4.972933488833158
92255,4,Extend,>>,-247,-12.75,399,309,408,0.4228390306084989,-5.100000000000006,-3.816,2,-2.0391366485842535,-4.580184170140873
92367,4,Extend,>>,-292,-16.53,388,303,401,0.4956196572445954,-8.916000000000006,-3.816,2,-2.226279139163499,-3.3490166274151627
92478,4,Extend,>>,-337,-20.4,380,300,396,0.9567703126494336,-12.732000000000005,-3.815999999999999,2,-2.3566387233664186,-2.3316905265878565
92589,4,Extend,>>,-382,-24.0,368,300,391,2.4844786073960887,-16.512000000000008,-3.780000000000003,2,-2.543108554445653,-0.6484959752955153
92700,4,Extend,>>,-427,-27.78,354,299,393,3.561021125929905,-20.29200000000001,-3.780000000000001,2,-2.7469012137799567,1.4979787942126508
92812,4,Extend,>>,-472,-31.56,338,298,388,4.133022184197815,-24.05400000000001,-3.7620000000000005,2,-2.9616680197117278,4.1069327608065365
92924,4,Extend,>>,-517,-35.34,325,294,384,4.818967686546192,-27.81600000000001,-3.7620000000000005,2,-3.121919305573459,6.28555317788279
93035,4,Extend,>>,-562,-39.38,320,295,381,5.6730398186076805,-31.612000000000005,-3.795999999999996,2,-3.1801533360608496,7.126345003181902
93147,4,Extend,>>,-607,-43.08,316,295,373,6.477570656898333,-35.42800000000001,-3.816000000000006,2,-3.2253801286669903,7.797393202434221
93256,4,Extend,>>,-652,-46.77,308,289,371,7.602213023145872,-39.226000000000006,-3.7979999999999947,2,-3.3122058957892135,9.129907379854656
93370,4,Extend,>>,-697,-50.64,311,290,372,8.22702523980134,-43.04200000000001,-3.8160000000000025,2,-3.2802130796949514,8.63214432688946
93482,4,Extend,>>,-742,-54.15,305,287,373,8.724909371687506,-46.80400000000001,-3.7620000000000005,2,-3.3435184959915896,9.624736689547692
93594,4,Extend,>>,-787,-58.02,302,283,374,9.328183114847084,-50.532000000000004,-3.7279999999999944,2,-3.3741508803020803,10.116139096142868
93706,4,Extend,>>,-832,-61.71,300,280,368,9.853094560343514,-54.25800000000002,-3.7260000000000133,2,-3.3941945721246927,10.441598179322257
93817,4,Extend,>>,-877,-65.58,299,280,373,10.21366636041346,-58.02,-3.7619999999999862,2,-3.4041030487206845,10.603632152918733
93929,4,Extend,>>,-922,-69.45,297,276,372,10.502618844439702,-61.782000000000004,-3.7620000000000005,2,-3.42369326328204,10.926222267350752
94040,4,Extend,>>,-967,-73.14,299,278,373,10.806186089854606,-65.58000000000001,-3.798000000000009,2,-3.4041030487206845,10.603632152918733
94152,4,Extend,>>,-1012,-77.1,296,275,372,10.880748612583474,-69.396,-3.8159999999999883,2,-3.4333750012474034,11.086744126258123
94263,4,Extend,>>,-1057,-80.79,296,273,375,10.939433987143763,-73.21200000000002,-3.8160000000000167,2,-3.4333750012474034,11.086744126258123
94375,4,Extend,>>,-1102,-84.57,293,271,375,11.309377479547509,-77.01000000000002,-3.798000000000002,2,-3.461966737882236,11.565013995648101
94486,4,Extend,>>,-1147,-88.09,293,268,375,11.46417736886561,-80.738,-3.72799999999998,2,-3.461966737882236,11.565013995648101
94597,4,Extend,>>,-1192,-91.69,289,268,378,11.55167067400383,-84.44800000000001,-3.710000000000008,2,-3.499030939785746,12.194398227073998
94708,4,Extend,>>,-1237,-95.56,294,267,374,11.771775718702251,-88.14000000000001,-3.6920000000000073,2,-3.4525117385475013,11.40615673458924
94819,4,Extend,<<,-1237,-99.08,294,268,377,11.854342225928512,-91.798,-3.657999999999987,2,-3.4525117385475013,11.40615673458924
94930,4,Extend,<<,-1192,-100.4,298,269,381,11.96332271343067,-94.96400000000001,-3.166000000000011,2,-3.4139359457731335,10.765179251293022
95042,4,Extend,<<,-1147,-100.4,305,276,387,12.058431825226162,-97.426,-2.461999999999989,2,-3.3435184959915896,9.624736689547692
95153,4,Extend,<<,-1102,-100.31,305,276,389,12.272726180992478,-99.15,-1.7240000000000038,2,-3.3435184959915896,9.624736689547692
95264,4,Extend,<<,-1057,-96.88,307,277,390,12.45084073938816,-99.41400000000002,-0.26400000000001,2,-3.3227190087335483,9.295201028566233
119147,4,Extend,>>,1282,118.15,491,403,604,7.029466612152586,124.606,-1.0019999999999953,3,-0.11584903188805606,-1.5696631806773227
119257,4,Extend,>>,1237,114.2,490,401,603,5.209456731947018,121.74000000000001,-2.8659999999999854,3,-0.14019320130073698,-1.7861619785492748
119368,4,Extend,>>,1192,110.33,492,402,603,4.209814635947083,118.1,-3.640000000000015,3,-0.0914292829318315,-1.347896972506245
119480,4,Extend,>>,1147,106.29,491,404,603,3.027170154428448,114.19800000000001,-3.901999999999987,3,-0.11584903188805606,-1.5696631806773227
119591,4,Extend,>>,1102,102.51,492,405,602,1.392431451397404,110.296,-3.902000000000001,3,-0.0914292829318315,-1.347896972506245
119701,4,Extend,>>,1057,98.73,490,402,601,0.3358501272367459,106.412,-3.8840000000000003,3,-0.14019320130073698,-1.7861619785492748
119812,4,Extend,>>,1012,94.59,490,401,600,-0.7763124481018927,102.49000000000001,-3.921999999999997,3,-0.14019320130073698,-1.7861619785492748
119924,4,Extend,>>,967,90.73,490,403,602,-2.18359496573263,98.57000000000001,-3.9200000000000017,3,-0.14019320130073698,-1.7861619785492748
120034,4,Extend,>>,922,86.86,490,399,597,-3.141258723052263,94.684,-3.88600000000001,3,-0.14019320130073698,-1.7861619785492748
120145,4,Extend,>>,877,82.99,484,400,598,-4.092722596375,90.78,-3.9039999999999964,3,-0.2846710473624241,-2.976915553940709
120257,4,Extend,>>,832,79.12,481,400,594,-5.39866284373093,86.858,-3.921999999999997,3,-0.35588964655543887,-3.504603234636708
120368,4,Extend,>>,787,75.08,482,398,591,-6.51609066172832,82.95599999999999,-3.9020000000000152,3,-0.33222569303464367,-3.3336099503549876
120479,4,Extend,>>,742,71.3,479,398,587,-7.577541979949983,79.07,-3.8859999999999957,3,-0.402990814966401,-3.83208902922111
120590,4,Extend,>>,697,67.43,472,397,586,-9.034599146934733,75.184,-3.8859999999999957,3,-0.5654641487831684,-4.830337652721987
120701,4,Extend,>>,652,63.56,469,396,584,-10.452152517976527,71.298,-3.8859999999999957,3,-0.6339618844086394,-5.190140369862459
120812,4,Extend,>>,607,59.69,468,393,578,-11.270499568810717,67.412,-3.8859999999999957,3,-0.6566433038633779,-5.301299990902806
120923,4,Extend,>>,562,55.91,466,392,575,-11.7468445910675,63.577999999999996,-3.8340000000000103,3,-0.7017794041422247,-5.510695652688115
121036,4,Extend,>>,517,52.13,463,391,567,-12.221401023332811,59.74400000000001,-3.833999999999989,3,-0.7689167079839239,-5.793071597620052
121150,4,Extend,>>,472,48.18,459,387,559,-12.300571284638409,55.894000000000005,-3.8500000000000014,3,-0.85737499949659,-6.112008809424769
121264,4,Extend,>>,427,44.13,457,385,553,-12.299670734325868,52.008,-3.886000000000003,3,-0.901150667991665,-6.247504293965868
121378,4,Extend,>>,382,40.35,452,383,546,-12.207651077091992,48.14,-3.868000000000002,3,-1.009267197217354,-6.518777033140983
121491,4,Extend,>>,337,36.66,448,384,538,-11.619743770117982,44.29,-3.8500000000000014,3,-1.0943999888141334,-6.668894711314168
121605,4,Extend,>>,292,32.7,441,378,532,-11.14686765339331,40.404,-3.8859999999999957,3,-1.2404725616820964,-6.796141856214516
121718,4,Extend,>>,247,28.84,430,371,523,-10.209144627135476,36.536,-3.868000000000002,3,-1.46253280137815,-6.674122449954571
121832,4,Extend,>>,202,24.88,426,369,514,-9.417639879475718,32.686,-3.8500000000000014,3,-1.541014593143156,-6.539976017209462
121945,4,Extend,>>,157,21.1,421,365,506,-8.375064139523483,28.836000000000002,-3.849999999999998,3,-1.6374162931196992,-6.310141155499697
122058,4,Extend,>>,112,17.32,411,357,492,-7.048637487499001,24.968,-3.868000000000002,3,-1.8245512273070692,-5.659230800278237
122172,4,Extend,>>,67,13.45,411,356,483,-6.182822231034606,21.118000000000002,-3.849999999999998,3,-1.8245512273070692,-5.659230800278237
122286,4,Extend,>>,22,9.58,402,351,476,-5.287140967147562,17.266,-3.852000000000004,3,-1.9865106171027862,-4.877706126769775
122400,4,Extend,>>,-23,5.98,395,343,465,-4.599425973093563,13.486,-3.7799999999999976,3,-2.108246576949943,-4.157004206666862
122515,4,Extend,>>,-68,2.11,393,344,462,-3.873570818305721,9.687999999999999,-3.798000000000002,3,-2.1423480638715304,-3.9346087509058343
122628,4,Extend,>>,-113,-1.76,387,338,456,-2.9027022187584848,5.872,-3.815999999999999,3,-2.242838615591264,-3.227058584768639
122743,4,Extend,>>,-158,-5.36,379,334,446,-2.0824398747635096,2.1100000000000003,-3.7619999999999996,3,-2.3725935634458404,-2.1981705149295476
122857,4,Extend,>>,-203,-9.14,374,329,438,-0.9027198593388788,-1.634,-3.744,3,-2.4512340706898077,-1.5113509840370927
122970,4,Extend,>>,-248,-13.1,361,325,434,0.0662051516465579,-5.45,-3.8160000000000003,3,-2.6468565829296056,0.4041908457820872
123083,4,Extend,>>,-293,-16.88,349,318,433,1.2348101379955618,-9.248,-3.797999999999999,3,-2.816094278081064,2.2996553023510775
123195,4,Extend,>>,-338,-20.66,339,315,428,2.1033284770647724,-13.028,-3.780000000000001,3,-2.9488119409175635,3.940742084568934
123306,4,Extend,>>,-383,-24.44,332,312,423,2.7745031641118003,-16.844,-3.8160000000000007,3,-3.037217322062312,5.109333321766873
123421,4,Extend,>>,-428,-28.22,327,309,410,3.453286048470071,-20.66,-3.815999999999999,3,-3.098096636573703,5.949141381287461
123535,4,Extend,>>,-473,-31.82,323,299,397,4.0054955893531385,-24.404,-3.7439999999999998,3,-3.145439656399044,6.621992837470361
123650,4,Extend,>>,-518,-35.52,321,294,387,4.76576283222796,-28.131999999999998,-3.727999999999998,3,-3.1686576890504576,6.958295722143813
123764,4,Extend,>>,-563,-39.38,314,286,382,5.479730950733032,-31.875999999999998,-3.7439999999999998,3,-3.2475400477088034,8.131951403582073
123878,4,Extend,>>,-608,-43.08,313,282,375,6.40842983575496,-35.604,-3.7280000000000015,3,-3.2585066379143957,8.29892081947568
123992,4,Extend,>>,-653,-46.95,305,282,374,7.93223690467177,-39.35,-3.746000000000002,3,-3.3435184959915896,9.624736689547692
124106,4,Extend,>>,-698,-50.99,306,284,373,8.92731420857666,-43.184000000000005,-3.834000000000003,3,-3.3331565421343408,9.46015022019016
124222,4,Extend,>>,-743,-54.95,304,281,371,9.9808088124205,-47.07000000000001,-3.886000000000003,3,-3.353804870305296,9.788942303720653
124336,4,Extend,>>,-788,-58.73,302,280,371,10.51999060392733,-50.940000000000005,-3.8699999999999974,3,-3.3741508803020803,10.116139096142868
124449,4,Extend,>>,-833,-62.33,302,277,373,10.935519161759744,-54.79,-3.8499999999999943,3,-3.3741508803020803,10.116139096142868
124563,4,Extend,>>,-878,-66.11,299,277,372,11.13659620301193,-58.622,-3.8320000000000007,3,-3.4041030487206845,10.603632152918733
124677,4,Extend,>>,-923,-69.8,299,273,372,11.5775855745717,-62.384,-3.7620000000000005,3,-3.4041030487206845,10.603632152918733
124791,4,Extend,>>,-968,-73.41,298,272,372,11.815671967942093,-66.076,-3.691999999999993,3,-3.4139359457731335,10.765179251293022
124906,4,Extend,>>,-1013,-77.36,296,269,370,11.924185458507662,-69.80199999999999,-3.725999999999999,3,-3.4333750012474034,11.086744126258123
125019,4,Extend,>>,-1058,-81.05,296,267,370,12.206251787361776,-73.546,-3.744000000000014,3,-3.4333750012474034,11.086744126258123
125133,4,Extend,>>,-1103,-84.84,297,267,370,12.262562034685624,-77.292,-3.745999999999995,3,-3.42369326328204,10.926222267350752
125248,4,Extend,>>,-1148,-88.44,296,268,372,12.139287795230516,-81.02,-3.7279999999999944,3,-3.4333750012474034,11.086744126258123
125361,4,Extend,>>,-1193,-92.04,298,268,370,12.610909228301589,-84.74600000000001,-3.7260000000000133,3,-3.4139359457731335,10.765179251293022
125473,4,Extend,>>,-1238,-96.0,296,265,371,12.95625147346189,-88.474,-3.7279999999999944,3,-3.4333750012474034,11.086744126258123
125587,4,Extend,<<,-1238,-99.52,298,266,374,12.920953281154045,-92.16799999999999,-3.6939999999999884,3,-3.4139359457731335,10.765179251293022
125702,4,Extend,<<,-1193,-100.92,302,271,378,12.690742395618926,-95.384,-3.216000000000008,3,-3.3741508803020803,10.116139096142868
125813,4,Extend,<<,-1148,-100.92,308,274,383,12.754599419678115,-97.88000000000001,-2.4960000000000093,3,-3.3122058957892135,9.129907379854656
125928,4,Extend,<<,-1103,-100.66,309,276,383,12.87225381202848,-99.604,-1.7239999999999895,3,-3.3016172033013356,8.964287671494695
126040,4,Extend,<<,-1058,-97.14,311,276,384,12.85309506530768,-99.832,-0.22799999999999443,3,-3.2802130796949514,8.63214432688946
150268,4,Extend,>>,1281,118.07,476,401,601,4.631068118427686,124.52000000000001,-1.0179999999999723,4,-0.47307572100627304,-4.287682979949078
150380,4,Extend,>>,1236,114.02,475,400,602,3.765511555699617,121.636,-2.8840000000000146,4,-0.49628619726581125,-4.43020869174133
150493,4,Extend,>>,1191,110.15,474,400,599,1.7110669989036198,117.96,-3.676000000000002,4,-0.5194210939818058,-4.568132739877298
150606,4,Extend,>>,1146,106.2,475,402,600,-0.5520738285674522,114.05799999999999,-3.902000000000001,4,-0.49628619726581125,-4.43020869174133
150720,4,Extend,>>,1101,102.33,475,402,601,-3.612737226469118,110.154,-3.9039999999999964,4,-0.49628619726581125,-4.43020869174133
150833,4,Extend,>>,1056,98.55,476,400,598,-5.655106305910768,106.25,-3.9039999999999964,4,-0.47307572100627304,-4.287682979949078
150947,4,Extend,>>,1011,94.51,472,400,598,-7.485807940193268,102.348,-3.902000000000001,4,-0.5654641487831684,-4.830337652721987
151058,4,Extend,>>,966,90.55,474,401,597,-10.217692777556278,98.428,-3.9200000000000017,4,-0.5194210939818058,-4.568132739877298
151169,4,Extend,>>,921,86.68,474,402,594,-12.342397805102475,94.52399999999999,-3.9040000000000106,4,-0.5194210939818058,-4.568132739877298
151280,4,Extend,>>,876,82.9,473,398,594,-14.32839668099346,90.638,-3.8859999999999815,4,-0.5424804111542585,-4.701495609307523
151391,4,Extend,>>,831,78.95,475,396,591,-16.44483317542666,86.71799999999999,-3.920000000000016,4,-0.49628619726581125,-4.43020869174133
151502,4,Extend,>>,786,75.08,474,395,588,-17.299757213616473,82.832,-3.8859999999999957,4,-0.5194210939818058,-4.568132739877298
151613,4,Extend,>>,741,71.21,474,394,583,-17.86155610351171,78.96399999999998,-3.868000000000009,4,-0.5194210939818058,-4.568132739877298
151723,4,Extend,>>,696,67.34,473,392,580,-17.86972405878043,75.09599999999999,-3.867999999999995,4,-0.5424804111542585,-4.701495609307523
151834,4,Extend,>>,651,63.47,472,393,577,-17.22280242248189,71.21,-3.8859999999999957,4,-0.5654641487831684,-4.830337652721987
151945,4,Extend,>>,606,59.6,470,391,568,-16.83606891655434,67.33999999999999,-3.8700000000000045,4,-0.6112048854103582,-5.074620010960831
152057,4,Extend,>>,561,55.82,470,387,564,-16.453886702620867,63.487999999999985,-3.852000000000004,4,-0.6112048854103582,-5.074620010960831
152168,4,Extend,>>,516,52.04,470,387,557,-16.456972643207322,59.653999999999996,-3.833999999999989,4,-0.6112048854103582,-5.074620010960831
152279,4,Extend,>>,471,48.09,466,383,549,-16.390896776629585,55.803999999999995,-3.8500000000000014,4,-0.7017794041422247,-5.510695652688115
152390,4,Extend,>>,426,44.13,461,378,536,-15.777927425363632,51.93599999999999,-3.868000000000002,4,-0.8132970128273431,-5.960634089769789
152502,4,Extend,>>,381,40.35,456,375,524,-15.046978131016942,48.086,-3.8499999999999943,4,-0.922925132923889,-6.309393162360348
152613,4,Extend,>>,336,36.57,453,367,510,-14.260619457987554,44.23599999999999,-3.8500000000000085,4,-0.9877950504593023,-6.472081126386209
152724,4,Extend,>>,291,32.7,449,358,496,-13.411040468925744,40.367999999999995,-3.867999999999995,4,-1.0732301602302527,-6.636790562702924
152835,4,Extend,>>,246,28.92,444,350,478,-12.696078956748847,36.53399999999999,-3.834000000000003,4,-1.178323507714227,-6.762129849177161
152946,4,Extend,>>,201,24.97,439,347,470,-11.971095080200447,32.702,-3.8319999999999936,4,-1.2815273666096285,-6.802259239027363
153057,4,Extend,>>,156,21.19,435,340,457,-11.1895129571442,28.869999999999997,-3.8320000000000007,4,-1.3627300219421778,-6.776048512419681
153167,4,Extend,>>,111,17.41,432,332,445,-10.888987879781109,25.037999999999993,-3.8320000000000043,4,-1.4228384282343898,-6.723868663379205
153277,4,Extend,>>,66,13.63,426,330,439,-10.866299141457173,21.223999999999997,-3.8139999999999965,4,-1.541014593143156,-6.539976017209462
153387,4,Extend,>>,21,9.85,423,323,435,-10.2449761979479,17.409999999999993,-3.8140000000000036,4,-1.5990823517597104,-6.410124443246336
153497,4,Extend,>>,-24,6.07,418,325,428,-9.10044799385375,13.629999999999995,-3.7799999999999976,4,-1.6943503585831103,-6.140713691659794
153609,4,Extend,>>,-69,2.37,411,321,423,-8.049450025631764,9.865999999999996,-3.7639999999999993,4,-1.8245512273070692,-5.659230800278237
153719,4,Extend,>>,-114,-1.49,406,319,415,-6.68110029139622,6.085999999999994,-3.780000000000002,4,-1.9152844615178963,-5.246342233907924
153831,4,Extend,>>,-159,-5.19,399,312,408,-5.758281535595412,2.321999999999994,-3.7640000000000002,4,-2.0391366485842535,-4.580184170140873
153942,4,Extend,>>,-204,-8.97,392,309,402,-4.916487016419115,-1.442000000000006,-3.764,4,-2.15928543801701,-3.8208144346211537
154053,4,Extend,>>,-249,-12.92,377,305,398,-3.2547549636071715,-5.240000000000006,-3.7980000000000005,4,-2.404276504974056,-1.9272036300601574
154163,4,Extend,>>,-294,-16.7,370,300,391,-1.8736594656349224,-9.054000000000006,-3.813999999999999,4,-2.5127860447012096,-0.9404774454963278
154275,4,Extend,>>,-339,-20.57,363,300,388,-0.7906264471053477,-12.870000000000005,-3.815999999999999,4,-2.617592186794762,0.09884609739825517
154387,4,Extend,>>,-384,-24.18,356,296,385,0.4266476305197982,-16.668000000000006,-3.798000000000002,4,-2.7186949312547135,1.181780120273438
154498,4,Extend,>>,-429,-27.87,348,294,383,1.7186293640804515,-20.448000000000008,-3.780000000000001,4,-2.8297061523106573,2.4617131453666112
154608,4,Extend,>>,-474,-31.47,340,290,378,3.2135573035372023,-24.158000000000005,-3.7099999999999973,4,-2.9358802825798564,3.77486127053155
154720,4,Extend,>>,-519,-35.25,329,289,378,4.504594066378193,-27.868000000000006,-3.710000000000001,4,-3.073971649399775,5.6129242017594345
154831,4,Extend,>>,-564,-39.3,314,286,375,5.153537009358583,-31.614000000000004,-3.7459999999999987,4,-3.2475400477088034,8.131951403582073
154942,4,Extend,>>,-609,-43.25,309,287,374,5.947436486344667,-35.428000000000004,-3.814,4,-3.3016172033013356,8.964287671494695
155054,4,Extend,>>,-654,-47.38,307,285,374,6.8821165219464175,-39.330000000000005,-3.902000000000001,4,-3.3227190087335483,9.295201028566233
155165,4,Extend,>>,-699,-51.16,304,286,375,7.3990923976987935,-43.26800000000001,-3.9380000000000024,4,-3.353804870305296,9.788942303720653
155276,4,Extend,>>,-744,-54.86,302,280,373,8.056824726618835,-47.190000000000005,-3.921999999999997,4,-3.3741508803020803,10.116139096142868
155387,4,Extend,>>,-789,-58.81,300,281,375,9.863648358168708,-51.092000000000006,-3.902000000000001,4,-3.3941945721246927,10.441598179322257
155499,4,Extend,>>,-834,-62.59,298,279,376,11.094179039494582,-54.960000000000015,-3.868000000000009,4,-3.4139359457731335,10.765179251293022
155610,4,Extend,>>,-879,-66.64,295,276,375,11.525336515336011,-58.812,-3.8519999999999825,4,-3.4429811596692237,11.246727885441857
155721,4,Extend,>>,-924,-70.51,297,277,375,11.799092751090877,-62.682,-3.8700000000000045,4,-3.42369326328204,10.926222267350752
155832,4,Extend,>>,-969,-74.2,294,274,376,12.065301041244949,-66.55,-3.867999999999995,4,-3.4525117385475013,11.40615673458924
155944,4,Extend,>>,-1014,-78.24,295,274,377,12.453581513160344,-70.436,-3.88600000000001,4,-3.4429811596692237,11.246727885441857
156055,4,Extend,>>,-1059,-82.2,294,272,376,12.648721856616522,-74.358,-3.921999999999997,4,-3.4525117385475013,11.40615673458924
156167,4,Extend,>>,-1104,-86.07,292,268,376,12.958489029156716,-78.244,-3.8859999999999957,4,-3.4713461576734277,11.72328312282681
156278,4,Extend,>>,-1149,-89.76,293,271,377,13.220497650911875,-82.09400000000001,-3.8500000000000085,4,-3.461966737882236,11.565013995648101
156390,4,Extend,>>,-1194,-93.45,292,270,380,13.130257537074,-85.944,-3.8499999999999943,4,-3.4713461576734277,11.72328312282681
156501,4,Extend,>>,-1239,-97.05,292,266,378,13.12361608606659,-89.70599999999999,-3.7619999999999862,4,-3.4713461576734277,11.72328312282681
156613,4,Extend,<<,-1239,-100.4,294,269,383,13.105436144188182,-93.346,-3.640000000000015,4,-3.4525117385475013,11.40615673458924
156723,4,Extend,<<,-1194,-101.63,297,270,384,13.400067903500808,-96.458,-3.1119999999999948,4,-3.42369326328204,10.926222267350752
156835,4,Extend,<<,-1149,-101.63,300,274,390,13.7897505110352,-98.83200000000001,-2.3740000000000094,4,-3.3941945721246927,10.441598179322257
156946,4,Extend,<<,-1104,-100.66,303,276,390,14.808980607135236,-100.274,-1.441999999999993,4,-3.36401566507546,9.952749062051414
157057,4,Extend,<<,-1059,-97.41,303,278,390,15.899038819914242,-100.346,-0.07200000000000273,4,-3.36401566507546,9.952749062051414
180920,4,Extend,>>,1279,117.98,475,413,613,7.006839148589947,124.34400000000001,-1.0019999999999953,5,-0.49628619726581125,-4.43020869174133
181030,4,Extend,>>,1234,113.93,475,413,612,6.550435603899155,121.478,-2.866000000000014,5,-0.49628619726581125,-4.43020869174133
181139,4,Extend,>>,1189,110.07,475,413,613,7.342395286271172,117.856,-3.622,5,-0.49628619726581125,-4.43020869174133
181249,4,Extend,>>,1144,106.11,474,414,612,7.802464076118706,113.97,-3.8859999999999957,5,-0.5194210939818058,-4.568132739877298
181359,4,Extend,>>,1099,102.24,475,414,612,7.324174212512815,110.066,-3.9039999999999964,5,-0.49628619726581125,-4.43020869174133
181469,4,Extend,>>,1054,98.37,475,414,611,6.221838546159047,106.144,-3.921999999999997,5,-0.49628619726581125,-4.43020869174133
181578,4,Extend,>>,1009,94.33,474,413,610,4.816815271397816,102.224,-3.9200000000000017,5,-0.5194210939818058,-4.568132739877298
181688,4,Extend,>>,964,90.46,475,410,607,2.888991071801998,98.30199999999999,-3.9220000000000113,5,-0.49628619726581125,-4.43020869174133
181798,4,Extend,>>,919,86.59,473,412,605,1.280695967134962,94.398,-3.9039999999999964,5,-0.5424804111542585,-4.701495609307523
181908,4,Extend,>>,874,82.73,473,409,602,-0.0432087617506724,90.49600000000001,-3.901999999999987,5,-0.5424804111542585,-4.701495609307523
182018,4,Extend,>>,829,78.86,473,410,601,-1.1424185565452398,86.59400000000001,-3.902000000000001,5,-0.5424804111542585,-4.701495609307523
182127,4,Extend,>>,784,74.99,474,406,595,-2.425424464902421,82.726,-3.868000000000009,5,-0.5194210939818058,-4.568132739877298
182237,4,Extend,>>,739,71.12,473,406,593,-3.587063345297568,78.85799999999999,-3.868000000000009,5,-0.5424804111542585,-4.701495609307523
182347,4,Extend,>>,694,67.16,472,406,589,-4.041087907901555,74.97200000000001,-3.8859999999999815,5,-0.5654641487831684,-4.830337652721987
182457,4,Extend,>>,649,63.38,471,405,585,-4.2915614494233765,71.102,-3.8700000000000045,5,-0.5883723068685347,-4.954699090550124
182567,4,Extend,>>,604,59.43,468,399,581,-4.571914773796255,67.216,-3.88600000000001,5,-0.6566433038633779,-5.301299990902806
182676,4,Extend,>>,559,55.74,466,394,571,-4.834165322323491,63.36600000000001,-3.849999999999987,5,-0.7017794041422247,-5.510695652688115
182786,4,Extend,>>,514,52.04,467,390,560,-4.739370016243403,59.55,-3.8160000000000096,5,-0.6792491437745722,-5.408138565469119
182896,4,Extend,>>,469,48.0,462,386,554,-4.552906432917886,55.718,-3.8319999999999936,5,-0.7911446501774053,-5.878895681505911
183006,4,Extend,>>,424,44.04,460,383,546,-4.427878242315126,51.85,-3.868000000000002,5,-0.8353737959337373,-6.038325587975111
183116,4,Extend,>>,379,40.26,458,377,534,-4.130567303122821,48.016,-3.834000000000003,5,-0.8793006235158991,-6.181722255161091
183225,4,Extend,>>,334,36.48,453,369,523,-3.565297133751668,44.164,-3.8519999999999968,5,-0.9877950504593023,-6.472081126386209
183335,4,Extend,>>,289,32.62,450,364,515,-2.9685353611242857,40.279999999999994,-3.8840000000000074,5,-1.0519847521028294,-6.601094374471651
183445,4,Extend,>>,244,28.84,446,358,491,-2.36100564645723,36.44799999999999,-3.8320000000000007,5,-1.1365129073512654,-6.722474942121324
183556,4,Extend,>>,199,24.97,441,347,476,-1.9220651712392307,32.634,-3.813999999999993,5,-1.2404725616820964,-6.796141856214516
183666,4,Extend,>>,154,21.19,435,343,466,-2.1844193904140035,28.82,-3.814,5,-1.3627300219421778,-6.776048512419681
183776,4,Extend,>>,109,17.41,431,337,460,-2.743321158599884,25.006,-3.814,5,-1.4427234045780413,-6.7004682788217815
183886,4,Extend,>>,64,13.54,429,334,452,-3.1785848636551037,21.19,-3.815999999999999,5,-1.482266618634716,-6.644865842264065
183996,4,Extend,>>,19,9.76,423,328,441,-3.0660499896458786,17.374,-3.8160000000000025,5,-1.5990823517597104,-6.410124443246336
184106,4,Extend,>>,-26,6.07,418,321,428,-2.756464465151711,13.594,-3.7799999999999994,5,-1.6943503585831103,-6.140713691659794
184217,4,Extend,>>,-71,2.29,407,317,421,-2.294579774508309,9.814,-3.7799999999999994,5,-1.897288973762817,-5.333283279520112
184327,4,Extend,>>,-116,-1.58,402,320,424,-1.8223849282148517,6.016,-3.798,5,-1.9865106171027862,-4.877706126769775
184437,4,Extend,>>,-161,-5.27,397,314,415,-1.3184476743342926,2.254,-3.762,5,-2.073842771854184,-4.3722762864055715
184546,4,Extend,>>,-206,-9.05,384,309,406,-0.688701414158542,-1.5080000000000002,-3.7620000000000005,5,-2.292063567613302,-2.8520280203710566
184656,4,Extend,>>,-251,-13.01,382,305,397,0.3630513966474889,-5.324,-3.816,5,-2.3245023045769457,-2.594664087358621
184766,4,Extend,>>,-296,-16.79,373,301,394,1.4071322492668132,-9.14,-3.8160000000000007,5,-2.4667354335079725,-1.3703358472572904
184876,4,Extend,>>,-341,-20.57,365,296,388,2.2055887764760578,-12.937999999999999,-3.7979999999999983,5,-2.588025472485747,-0.2029405957116836
184986,4,Extend,>>,-386,-24.35,359,293,384,3.293547121584364,-16.753999999999998,-3.815999999999999,5,-2.675818660890277,0.7128888043273476
185095,4,Extend,>>,-431,-28.04,353,293,383,4.612977799982883,-20.552,-3.798000000000002,5,-2.760890985727264,1.657085232338285
185205,4,Extend,>>,-476,-31.56,343,291,381,6.3996740531131255,-24.262,-3.710000000000001,5,-2.8966318303054783,3.2793049606910762
185316,4,Extend,>>,-521,-35.34,332,290,380,7.9424346600654525,-27.972,-3.710000000000001,5,-3.037217322062312,5.109333321766873
185426,4,Extend,>>,-566,-39.38,323,289,374,8.87288952021467,-31.734,-3.7620000000000005,5,-3.145439656399044,6.621992837470361
185536,4,Extend,>>,-611,-43.25,317,292,375,9.378659779062623,-35.513999999999996,-3.779999999999994,5,-3.2141867998307694,7.629843195966723
185645,4,Extend,>>,-656,-47.3,311,284,373,9.943266345913417,-39.366,-3.852000000000004,5,-3.2802130796949514,8.63214432688946
185755,4,Extend,>>,-701,-50.99,308,279,373,11.268165459428904,-43.251999999999995,-3.8859999999999957,5,-3.3122058957892135,9.129907379854656
185865,4,Extend,>>,-746,-54.68,306,281,373,12.796755635569207,-47.120000000000005,-3.868000000000009,5,-3.3331565421343408,9.46015022019016
185975,4,Extend,>>,-791,-58.46,306,279,371,13.75186905072379,-50.936,-3.8159999999999954,5,-3.3331565421343408,9.46015022019016
186085,4,Extend,>>,-836,-62.07,305,274,369,14.060682598496104,-54.7,-3.764000000000003,5,-3.3435184959915896,9.624736689547692
186196,4,Extend,>>,-881,-65.85,308,276,371,14.099743272939838,-58.410000000000004,-3.710000000000001,5,-3.3122058957892135,9.129907379854656
186307,4,Extend,>>,-926,-69.45,303,272,372,14.115646745335663,-62.102,-3.691999999999993,5,-3.36401566507546,9.952749062051414
186417,4,Extend,>>,-971,-73.14,304,273,372,14.44296806352629,-65.79400000000001,-3.6920000000000144,5,-3.353804870305296,9.788942303720653
186527,4,Extend,>>,-1016,-77.01,301,272,372,14.807658047829657,-69.504,-3.7099999999999937,5,-3.3842105159851577,10.279094669858479
186636,4,Extend,>>,-1061,-80.7,297,269,371,14.916463224976464,-73.23,-3.725999999999999,5,-3.42369326328204,10.926222267350752
186746,4,Extend,>>,-1106,-84.57,299,269,371,14.887475059935458,-76.974,-3.7439999999999998,5,-3.4041030487206845,10.603632152918733
186856,4,Extend,>>,-1151,-88.09,299,267,369,14.97600316612455,-80.702,-3.7279999999999944,5,-3.4041030487206845,10.603632152918733
186965,4,Extend,>>,-1196,-91.6,296,266,374,15.264285793832547,-84.394,-3.6920000000000073,5,-3.4333750012474034,11.086744126258123
187075,4,Extend,>>,-1241,-95.47,297,265,371,15.53267706426805,-88.08599999999998,-3.691999999999979,5,-3.42369326328204,10.926222267350752
187185,4,Extend,<<,-1241,-99.25,305,267,373,15.65547073315082,-91.796,-3.710000000000022,5,-3.3435184959915896,9.624736689547692
187295,4,Extend,<<,-1196,-100.66,311,270,377,15.79703780946215,-95.014,-3.2179999999999893,5,-3.2802130796949514,8.63214432688946
187405,4,Extend,<<,-1151,-100.75,314,271,383,15.93564665496458,-97.546,-2.5320000000000107,5,-3.2475400477088034,8.131951403582073
187515,4,Extend,<<,-1106,-100.66,320,275,385,15.85643533365252,-99.35799999999999,-1.8119999999999834,5,-3.1801533360608496,7.126345003181902
187625,4,Extend,<<,-1061,-97.32,319,277,385,15.677918811171514,-99.728,-0.37000000000000455,5,-3.1915734035276992,7.294299310165548
211272,4,Extend,>>,1278,117.89,455,389,579,6.828401546083581,124.292,-0.9839999999999947,6,-0.9446240183125698,-6.3674269646052215
211381,4,Extend,>>,1233,113.85,456,388,579,4.969006279239938,121.426,-2.8659999999999997,6,-0.922925132923889,-6.309393162360348
211490,4,Extend,>>,1188,109.98,456,389,579,2.3808391562718856,117.78600000000002,-3.6399999999999864,6,-0.922925132923889,-6.309393162360348
211600,4,Extend,>>,1143,105.93,454,389,577,0.8835891378139513,113.86399999999999,-3.9220000000000255,6,-0.966247324157707,-6.421643672700639
211710,4,Extend,>>,1098,102.15,456,387,577,-0.6356293723598128,109.96000000000001,-3.903999999999982,6,-0.922925132923889,-6.309393162360348
211819,4,Extend,>>,1053,98.29,455,389,577,-3.1027427717140963,106.04,-3.9200000000000017,6,-0.9446240183125698,-6.3674269646052215
211929,4,Extend,>>,1008,94.24,455,388,576,-4.984965116659702,102.11800000000001,-3.921999999999997,6,-0.9446240183125698,-6.3674269646052215
212038,4,Extend,>>,963,90.29,453,389,575,-6.418582286316862,98.18,-3.9380000000000024,6,-0.9877950504593023,-6.472081126386209
212148,4,Extend,>>,918,86.51,456,388,574,-7.667184336930706,94.296,-3.8840000000000003,6,-0.922925132923889,-6.309393162360348
212258,4,Extend,>>,873,82.64,454,388,571,-9.635074543488766,90.394,-3.902000000000001,6,-0.966247324157707,-6.421643672700639
212367,4,Extend,>>,828,78.68,456,387,567,-11.142747844223107,86.47200000000001,-3.921999999999997,6,-0.922925132923889,-6.309393162360348
212477,4,Extend,>>,783,74.81,455,385,564,-12.50744924664816,82.586,-3.88600000000001,6,-0.9446240183125698,-6.3674269646052215
212586,4,Extend,>>,738,70.95,453,384,563,-14.351947545632566,78.718,-3.867999999999995,6,-0.9877950504593023,-6.472081126386209
212696,4,Extend,>>,693,67.08,453,385,558,-15.795939835844573,74.83200000000001,-3.8859999999999957,6,-0.9877950504593023,-6.472081126386209
212805,4,Extend,>>,648,63.21,455,382,553,-16.595939727701058,70.946,-3.88600000000001,6,-0.9446240183125698,-6.3674269646052215
212915,4,Extend,>>,603,59.34,454,380,551,-16.946259944251093,67.078,-3.867999999999995,6,-0.966247324157707,-6.421643672700639
213024,4,Extend,>>,558,55.56,452,379,545,-17.30386398571687,63.22800000000001,-3.8499999999999943,6,-1.009267197217354,-6.518777033140983
213134,4,Extend,>>,513,51.78,452,379,537,-17.23970914257621,59.394000000000005,-3.834000000000003,6,-1.009267197217354,-6.518777033140983
213243,4,Extend,>>,468,47.91,449,375,529,-17.104946131541972,55.56,-3.834000000000003,6,-1.0732301602302527,-6.636790562702924
213353,4,Extend,>>,423,43.78,449,369,521,-16.516534861304045,51.674,-3.886000000000003,6,-1.0732301602302527,-6.636790562702924
213463,4,Extend,>>,378,40.09,448,371,513,-15.880290452758612,47.824,-3.8500000000000014,6,-1.0943999888141334,-6.668894711314168
213573,4,Extend,>>,333,36.4,443,364,502,-15.167643620835117,43.992000000000004,-3.8319999999999936,6,-1.1991154385803924,-6.776826847122206
213683,4,Extend,>>,288,32.53,444,362,494,-14.457215898755877,40.142,-3.8500000000000014,6,-1.178323507714227,-6.762129849177161
213792,4,Extend,>>,243,28.75,440,355,483,-13.70766312813306,36.31,-3.8320000000000007,6,-1.2610377539176336,-6.800832240327328
213902,4,Extend,>>,198,24.88,437,351,474,-12.95699735501096,32.53,-3.780000000000001,6,-1.3222798533629887,-6.795466371254184
214011,4,Extend,>>,153,21.1,435,345,464,-12.230452557407622,28.732,-3.798000000000002,6,-1.3627300219421778,-6.776048512419681
214121,4,Extend,>>,108,17.32,432,340,455,-11.178786299760544,24.916,-3.815999999999999,6,-1.4228384282343898,-6.723868663379205
214231,4,Extend,>>,63,13.54,427,335,451,-10.328263695852872,21.118000000000002,-3.7979999999999983,6,-1.5215075145172192,-6.577758291056387
214340,4,Extend,>>,18,9.67,424,330,438,-9.678539108898692,17.302,-3.8160000000000025,6,-1.5798020117644023,-6.456125155250951
214450,4,Extend,>>,-27,5.98,419,327,437,-8.751433179466355,13.522,-3.7799999999999994,6,-1.675447916305516,-6.19973877081457
214560,4,Extend,>>,-72,2.2,412,323,429,-7.15190074090618,9.741999999999999,-3.780000000000001,6,-1.806177841834275,-5.73510440562141
214670,4,Extend,>>,-117,-1.58,412,319,425,-5.806939636719197,5.962,-3.7799999999999994,6,-1.806177841834275,-5.73510440562141
214779,4,Extend,>>,-162,-5.36,406,316,419,-4.579409802596212,2.182,-3.78,6,-1.9152844615178963,-5.246342233907924
214889,4,Extend,>>,-207,-9.05,402,313,415,-3.0470735228102743,-1.562,-3.7439999999999998,6,-1.9865106171027862,-4.877706126769775
214999,4,Extend,>>,-252,-12.92,395,309,407,-1.7245980668667822,-5.3420000000000005,-3.7800000000000002,6,-2.108246576949943,-4.157004206666862
215108,4,Extend,>>,-297,-16.79,393,309,401,-0.4383761782148434,-9.14,-3.798,6,-2.1423480638715304,-3.9346087509058343
215218,4,Extend,>>,-342,-20.57,384,295,396,1.3684661562784526,-12.937999999999999,-3.7979999999999983,6,-2.292063567613302,-2.8520280203710566
215328,4,Extend,>>,-387,-24.18,378,298,388,2.857193242846607,-16.702,-3.764000000000003,6,-2.3884728239817195,-2.0633322867742896
215437,4,Extend,>>,-432,-27.69,369,297,385,3.9474870753097777,-20.43,-3.727999999999998,6,-2.5279850893452025,-0.7950098548163218
215547,4,Extend,>>,-477,-31.38,355,291,381,4.730564016538804,-24.122,-3.692,6,-2.7328358622891065,1.3395355522960484
215657,4,Extend,>>,-522,-35.08,339,281,377,6.093449260516668,-27.779999999999994,-3.657999999999994,6,-2.9488119409175635,3.940742084568934
215766,4,Extend,>>,-567,-39.21,330,282,375,7.090306634198347,-31.508,-3.728000000000005,6,-3.061795786497497,5.444941282684022
215876,4,Extend,>>,-612,-42.99,322,282,375,8.10040519918822,-35.269999999999996,-3.761999999999997,6,-3.157086462496522,6.790171583877652
215986,4,Extend,>>,-657,-46.77,309,278,372,9.517072944629874,-39.086,-3.8160000000000025,6,-3.3016172033013356,8.964287671494695
216096,4,Extend,>>,-702,-50.73,308,281,373,10.182842600218857,-42.956,-3.8700000000000045,6,-3.3122058957892135,9.129907379854656
216205,4,Extend,>>,-747,-54.33,304,277,370,10.898763843403644,-46.806,-3.8499999999999943,6,-3.353804870305296,9.788942303720653
216315,4,Extend,>>,-792,-58.2,300,275,371,11.575636107250668,-50.604,-3.798000000000002,6,-3.3941945721246927,10.441598179322257
216425,4,Extend,>>,-837,-61.98,304,274,369,12.046848920377183,-54.402,-3.798000000000002,6,-3.353804870305296,9.788942303720653
216535,4,Extend,>>,-882,-65.67,303,273,369,12.40656899656296,-58.181999999999995,-3.779999999999994,6,-3.36401566507546,9.952749062051414
216645,4,Extend,>>,-927,-69.54,301,272,366,12.893827533236385,-61.944,-3.7620000000000076,6,-3.3842105159851577,10.279094669858479
216755,4,Extend,>>,-972,-73.32,302,273,368,13.574775796549163,-65.742,-3.798000000000002,6,-3.3741508803020803,10.116139096142868
216865,4,Extend,>>,-1017,-77.36,301,272,367,13.998196940950308,-69.574,-3.8319999999999936,6,-3.3842105159851577,10.279094669858479
216976,4,Extend,>>,-1062,-81.14,300,271,368,14.164283550551165,-73.406,-3.832000000000008,6,-3.3941945721246927,10.441598179322257
217086,4,Extend,>>,-1107,-85.01,298,265,365,14.272152359054193,-77.274,-3.867999999999995,6,-3.4139359457731335,10.765179251293022
217195,4,Extend,>>,-1152,-88.7,296,267,368,14.593952307270648,-81.106,-3.8319999999999936,6,-3.4333750012474034,11.086744126258123
217305,4,Extend,>>,-1197,-92.48,295,269,369,15.209188497725648,-84.938,-3.832000000000008,6,-3.4429811596692237,11.246727885441857
217415,4,Extend,>>,-1242,-96.44,297,266,365,15.759429733864826,-88.754,-3.8160000000000025,6,-3.42369326328204,10.926222267350752
217525,4,Extend,<<,-1242,-99.96,298,268,371,15.788237167634165,-92.518,-3.763999999999996,6,-3.4139359457731335,10.765179251293022
217634,4,Extend,<<,-1197,-101.36,300,268,370,15.634220950242092,-95.788,-3.269999999999996,6,-3.3941945721246927,10.441598179322257
217744,4,Extend,<<,-1152,-101.45,305,273,379,15.58453572606366,-98.338,-2.549999999999997,6,-3.3435184959915896,9.624736689547692
217854,4,Extend,<<,-1107,-100.92,308,281,381,15.80234757664899,-100.026,-1.6880000000000024,6,-3.3122058957892135,9.129907379854656
217964,4,Extend,<<,-1062,-97.58,309,274,380,15.875751439656838,-100.25399999999999,-0.22799999999999443,6,-3.3016172033013356,8.964287671494695
