Time(ms),MotorID,angle_smooth,dmotor,cycle,L_cm,L_rel_cm,SensorA2
12719,3,9.64,-1.2599999999999998,0,0.1682497398922534,0.0,422
12828,3,7.625,-2.0150000000000006,0,0.13308135546456762,-0.03516838442768577,423
12938,3,5.256,-2.3689999999999998,0,0.09173450548482197,-0.07651523440743142,422
13047,3,1.0900000000000003,-4.166,0,0.0190240888467382,-0.1492256510455152,423
13158,3,-4.220000000000001,-5.3100000000000005,0,-0.07365289443416072,-0.24190263432641412,423
13267,3,-9.898,-5.677999999999999,0,-0.17275268936239874,-0.34100242925465213,425
13377,3,-15.612,-5.714,0,-0.27248080282135473,-0.4407305427136081,426
13487,3,-21.308,-5.696,0,-0.3718947570149517,-0.5401444969072051,427
13596,3,-27.006,-5.698,0,-0.47134361779358863,-0.639593357685842,427
13705,3,-32.72,-5.713999999999999,0,-0.5710717312525446,-0.739321471144798,438
13816,3,-38.452,-5.731999999999999,0,-0.6711140039768596,-0.839363743869113,467
13925,3,-44.218,-5.766000000000005,0,-0.7717496886468527,-0.939999428539106,486
14035,3,-50.004,-5.785999999999994,0,-0.8727344391672445,-1.0409841790594978,490
14144,3,-55.769999999999996,-5.765999999999998,0,-0.9733701238372375,-1.141619863729491,490
14254,3,-61.536,-5.766000000000005,0,-1.0740058085072306,-1.242255548399484,496
14364,3,-67.304,-5.768000000000001,0,-1.1746763997622636,-1.342926139654517,500
14474,3,-73.054,-5.75,0,-1.2750328317519375,-1.4432825716441908,504
14584,3,-78.768,-5.713999999999999,0,-1.3747609452108935,-1.5430106851031469,508
14694,3,-84.536,-5.768000000000001,0,-1.4754315364659265,-1.6436812763581798,512
14804,3,-90.304,-5.768000000000001,0,-1.5761021277209595,-1.7443518676132128,521
14914,3,-96.07000000000001,-5.766000000000005,0,-1.6767378123909524,-1.8449875522832058,522
15024,3,-101.80199999999999,-5.731999999999985,0,-1.7767800851152673,-1.9450298250075206,525
15133,3,-107.56799999999998,-5.765999999999991,0,-1.87741576978526,-2.0456655096775136,532
15243,3,-113.3,-5.7320000000000135,0,-1.9774580425095754,-2.145707782401829,538
15353,3,-119.03200000000001,-5.7320000000000135,0,-2.0775003152338907,-2.2457500551261442,548
15463,3,-124.782,-5.749999999999986,0,-2.177856747223564,-2.3461064871158177,567
15572,3,-130.56599999999997,-5.783999999999978,0,-2.278806591158916,-2.4470563310511695,570
15682,3,-136.334,-5.768000000000029,0,-2.3794771824139493,-2.547726922306203,584
15791,3,-142.118,-5.783999999999992,0,-2.480427026349301,-2.6486767662415547,590
15901,3,-147.884,-5.765999999999991,0,-2.581062711019294,-2.7493124509115474,598
16011,3,-153.63400000000001,-5.750000000000028,0,-2.6814191430089687,-2.8496688829012222,601
16120,3,-159.36599999999999,-5.731999999999971,0,-2.781461415733283,-2.9497111556255367,610
16230,3,-165.08,-5.714000000000027,0,-2.8811895291922394,-3.049439269084493,623
16340,3,-170.794,-5.713999999999999,0,-2.980917642651195,-3.1491673825434487,638
16449,3,-176.474,-5.679999999999978,0,-3.080052344164473,-3.2483020840567267,638
16559,3,-182.136,-5.662000000000006,0,-3.178872886412392,-3.3471226263046456,636
16669,3,-187.76399999999998,-5.627999999999986,0,-3.2771000167146327,-3.4453497566068862,651
16779,3,-193.408,-5.6440000000000055,0,-3.3756063996971926,-3.543856139589446,654
16888,3,-199.052,-5.6440000000000055,0,-3.474112782679753,-3.6423625225720064,659
16999,3,-204.766,-5.713999999999999,0,-3.5738408961387087,-3.7420906360309623,660
17109,3,-210.48000000000002,-5.714000000000027,0,-3.673569009597665,-3.8418187494899185,659
17219,3,-216.19400000000002,-5.713999999999999,0,-3.7732971230566212,-3.941546862948875,660
17329,3,-221.87199999999999,-5.677999999999969,0,-3.8723969179848585,-4.040646657877112,665
17438,3,-227.516,-5.6440000000000055,0,-3.970903300967419,-4.139153040859672,677
17549,3,-233.16,-5.6440000000000055,0,-4.069409683949979,-4.237659423842232,697
17659,3,-238.83800000000002,-5.678000000000026,0,-4.168509478878217,-4.336759218770471,707
17768,3,-244.552,-5.71399999999997,0,-4.268237592337172,-4.436487332229426,708
17878,3,-250.28399999999996,-5.731999999999971,0,-4.368279865061487,-4.53652960495374,711
17988,3,-255.98000000000002,-5.696000000000055,0,-4.467693819255085,-4.635943559147338,713
18098,3,-261.66,-5.680000000000007,0,-4.566828520768363,-4.735078260660616,724
18208,3,-267.322,-5.661999999999978,0,-4.665649063016281,-4.833898802908535,736
18318,3,-272.93,-5.608000000000004,0,-4.763527127468124,-4.9317768673603775,742
18428,3,-278.558,-5.627999999999986,0,-4.8617542577703645,-5.030003997662618,754
18537,3,-284.238,-5.680000000000007,0,-4.9608889592836425,-5.129138699175896,760
18647,3,-289.916,-5.677999999999997,0,-5.05998875421188,-5.228238494104134,767
18758,3,-295.54200000000003,-5.626000000000033,0,-5.158180977929082,-5.326430717821336,760
18869,3,-301.152,-5.609999999999957,0,-5.2560939489659635,-5.424343688858217,757
18979,3,-306.76000000000005,-5.608000000000061,0,-5.353972013417806,-5.52222175331006,768
19089,3,-312.31600000000003,-5.555999999999983,0,-5.450942506658611,-5.619192246550864,763
19200,3,-317.802,-5.48599999999999,0,-5.54669126942302,-5.7149410093152735,782
19309,3,-322.53200000000004,-4.730000000000018,0,-5.629245343042352,-5.7974950829346055,795
19419,3,-326.188,-3.655999999999949,0,-5.6930545804952635,-5.861304320387517,793
19530,3,-327.858,-1.670000000000016,0,-5.722201579003569,-5.890451318895822,789
43285,3,5.256,-1.5120000000000005,1,0.09173450548482197,0.0,426
43395,3,1.0720000000000005,-4.183999999999999,1,0.018709929581379223,-0.07302457590344275,427
43505,3,-4.255999999999999,-5.327999999999999,1,-0.07428121296487865,-0.16601571844970062,426
43614,3,-9.988,-5.732,1,-0.17432348568919362,-0.2660579911740156,424
43724,3,-15.754,-5.766,1,-0.27495917035918666,-0.36669367584400864,426
43833,3,-21.503999999999998,-5.749999999999998,1,-0.3753156023488606,-0.46705010783368256,428
43943,3,-27.236,-5.732000000000003,1,-0.4753578750731756,-0.5670923805579976,427
44052,3,-32.95,-5.714000000000002,1,-0.5750859885321317,-0.6668204940169536,428
44162,3,-38.664,-5.713999999999999,1,-0.6748141019910876,-0.7665486074759096,426
44271,3,-44.362,-5.698,1,-0.7742629627697245,-0.8659974682545465,426
44381,3,-50.05800000000001,-5.696000000000005,1,-0.8736769169633216,-0.9654114224481436,428
44491,3,-55.754,-5.695999999999991,1,-0.9730908711569185,-1.0648253766417404,429
44600,3,-61.486000000000004,-5.732000000000006,1,-1.0731331438812335,-1.1648676493660555,431
44710,3,-67.2,-5.713999999999999,1,-1.1728612573401895,-1.2645957628250115,438
44820,3,-72.93199999999999,-5.731999999999985,1,-1.2729035300645042,-1.3646380355493262,444
44930,3,-78.664,-5.7320000000000135,1,-1.3729458027888195,-1.4646803082736415,452
45040,3,-84.41400000000002,-5.750000000000014,1,-1.4733022347784936,-1.5650367402633156,460
45149,3,-90.162,-5.7479999999999905,1,-1.5736237601831276,-1.6653582656679495,474
45260,3,-95.946,-5.783999999999992,1,-1.6745736041184793,-1.7663081096033013,483
45369,3,-101.694,-5.748000000000005,1,-1.7748951295231135,-1.8666296350079354,485
45479,3,-107.478,-5.783999999999992,1,-1.8758449734584655,-1.9675794789432874,492
45588,3,-113.24600000000001,-5.768000000000015,1,-1.9765155647134987,-2.0682500701983204,506
45698,3,-119.01399999999998,-5.767999999999972,1,-2.077186155968531,-2.168920661453353,526
45808,3,-124.78200000000001,-5.768000000000029,1,-2.1778567472235646,-2.2695912527083864,540
45919,3,-130.602,-5.819999999999993,1,-2.2794349096896345,-2.3711694151744562,550
46028,3,-136.40400000000002,-5.802000000000021,1,-2.3806989128903457,-2.4724334183751675,563
46138,3,-142.188,-5.783999999999963,1,-2.481648756825697,-2.573383262310519,568
46247,3,-147.954,-5.7660000000000196,1,-2.5822844414956903,-2.674018946980512,583
46357,3,-153.71999999999997,-5.765999999999963,1,-2.682920126165683,-2.7746546316505047,606
46468,3,-159.488,-5.768000000000029,1,-2.7835907174207164,-2.875325222905538,619
46579,3,-165.21999999999997,-5.731999999999971,1,-2.883632990145031,-2.9753674956298526,624
46689,3,-170.988,-5.768000000000029,1,-2.9843035814000642,-3.076038086884886,631
46799,3,-176.72,-5.731999999999999,1,-3.084345854124379,-3.176080359609201,637
46908,3,-182.4,-5.680000000000007,1,-3.183480555637657,-3.275215061122479,648
47018,3,-188.096,-5.695999999999998,1,-3.2828945098312543,-3.374629015316076,671
47128,3,-193.81,-5.713999999999999,1,-3.38262262329021,-3.474357128775032,686
47238,3,-199.57599999999996,-5.765999999999963,1,-3.4832583079602024,-3.574992813445024,689
47348,3,-205.378,-5.802000000000021,1,-3.5845223111609137,-3.6762568166457354,693
47458,3,-211.198,-5.820000000000022,1,-3.6861004736269845,-3.777834979111806,698
47568,3,-216.98200000000003,-5.78400000000002,1,-3.7870503175623367,-3.8787848230471584,700
47678,3,-222.786,-5.803999999999974,1,-3.888349227348087,-3.9800837328329086,711
47789,3,-228.51800000000003,-5.732000000000028,1,-3.9883915000724026,-4.080126005557225,723
47899,3,-234.21599999999998,-5.697999999999951,1,-4.087840360851039,-4.1795748663358605,722
48008,3,-239.894,-5.678000000000026,1,-4.186940155779277,-4.278674661264099,723
48118,3,-245.538,-5.6440000000000055,1,-4.285446538761837,-4.377181044246659,722
48228,3,-251.14600000000002,-5.608000000000004,1,-4.383324603213679,-4.475059108698501,732
48338,3,-256.738,-5.5919999999999845,1,-4.4809234149852015,-4.572657920470023,739
48450,3,-262.364,-5.625999999999976,1,-4.579115638702403,-4.6708501441872246,739
48560,3,-267.974,-5.610000000000014,1,-4.677028609739285,-4.768763115224107,751
48669,3,-273.584,-5.610000000000014,1,-4.774941580776167,-4.866676086260989,747
48779,3,-279.21,-5.625999999999976,1,-4.873133804493367,-4.964868309978189,757
48889,3,-284.81800000000004,-5.608000000000061,1,-4.97101186894521,-5.062746374430032,754
48999,3,-290.444,-5.625999999999976,1,-5.069204092662411,-5.160938598147233,755
49110,3,-296.07,-5.625999999999976,1,-5.1673963163796115,-5.259130821864433,761
49221,3,-301.65999999999997,-5.589999999999975,1,-5.264960221566094,-5.3566947270509155,767
49330,3,-307.28599999999994,-5.625999999999976,1,-5.363152445283294,-5.454886950768116,763
49441,3,-312.89399999999995,-5.608000000000004,1,-5.461030509735137,-5.552765015219959,764
49550,3,-318.398,-5.504000000000076,1,-5.557093431764906,-5.648827937249727,777
49660,3,-323.162,-4.763999999999953,1,-5.640240917329915,-5.731975422814736,794
49770,3,-326.854,-3.6920000000000073,1,-5.704678473313546,-5.796412978798368,788
49880,3,-328.454,-1.6000000000000227,1,-5.732603741345455,-5.824338246830277,786
73676,3,5.220000000000001,-1.5300000000000011,2,0.09110618695410401,0.0,451
73787,3,1.0360000000000007,-4.184,2,0.018081611050661268,-0.07302457590344275,450
73898,3,-4.308,-5.344,2,-0.07518878417591571,-0.16629497113001973,452
74009,3,-10.057999999999998,-5.749999999999998,2,-0.17554521616558963,-0.26665140311969365,451
74122,3,-15.841999999999999,-5.784000000000001,2,-0.27649506010094166,-0.36760124705504565,454
74233,3,-21.589999999999996,-5.7479999999999976,2,-0.3768165855055757,-0.46792277245967967,452
74343,3,-27.339999999999996,-5.75,2,-0.47717301749524965,-0.5682792044493536,449
74455,3,-33.071999999999996,-5.731999999999999,2,-0.5772152902195646,-0.6683214771736686,450
74566,3,-38.803999999999995,-5.731999999999999,2,-0.6772575629438795,-0.7683637498979835,450
74678,3,-44.49999999999999,-5.695999999999998,2,-0.7766715171374765,-0.8677777040915805,449
74789,3,-50.25,-5.750000000000007,2,-0.8770279491271507,-0.9681341360812546,448
74899,3,-55.98199999999999,-5.731999999999992,2,-0.9770702218514654,-1.0681764088055694,451
75010,3,-61.732000000000006,-5.750000000000014,2,-1.0774266538411397,-1.1685328407952438,452
75121,3,-67.464,-5.731999999999992,2,-1.1774689265654545,-1.2685751135195587,454
75233,3,-73.21400000000001,-5.750000000000014,2,-1.2778253585551287,-1.3689315455092328,455
75344,3,-78.928,-5.713999999999984,2,-1.3775534720140843,-1.4686596589681884,475
75455,3,-84.678,-5.75,2,-1.4779099040037584,-1.5690160909578625,501
75566,3,-90.462,-5.784000000000006,2,-1.5788597479391104,-1.6699659348932145,516
75676,3,-96.264,-5.8019999999999925,2,-1.6801237511398213,-1.7712299380939254,533
75788,3,-102.066,-5.802000000000007,2,-1.7813877543405325,-1.8724939412946366,544
75899,3,-107.88600000000001,-5.820000000000007,2,-1.8829659168066026,-1.9740721037607067,557
76011,3,-113.72200000000001,-5.8359999999999985,2,-1.9848233319529915,-2.0759295189070954,558
76122,3,-119.508,-5.785999999999987,2,-2.0858080824733833,-2.1769142694274874,572
76233,3,-125.274,-5.766000000000005,2,-2.1864437671433765,-2.2775499540974806,584
76344,3,-131.07600000000002,-5.802000000000021,2,-2.287707770344088,-2.378813957298192,597
76455,3,-136.86200000000002,-5.786000000000001,2,-2.38869252086448,-2.479798707818584,603
76566,3,-142.63000000000002,-5.768000000000001,2,-2.4893631121195128,-2.580469299073617,611
76677,3,-148.378,-5.747999999999962,2,-2.589684637524146,-2.68079082447825,624
76788,3,-154.14600000000002,-5.768000000000029,2,-2.6903552287791794,-2.7814614157332835,642
76899,3,-159.89600000000002,-5.75,2,-2.7907116607688534,-2.8818178477229575,652
77009,3,-165.60999999999999,-5.71399999999997,2,-2.8904397742278087,-2.981545961181913,657
77120,3,-171.34199999999998,-5.731999999999999,2,-2.990482046952124,-3.081588233906228,664
77231,3,-177.058,-5.716000000000008,2,-3.0902450669961197,-3.181351253950224,664
77344,3,-182.73600000000002,-5.678000000000026,2,-3.1893448619243583,-3.2804510488784624,670
77455,3,-188.414,-5.677999999999969,2,-3.288444656852596,-3.3795508438067,676
77566,3,-194.11,-5.696000000000026,2,-3.3878586110461932,-3.4789647980002973,684
77677,3,-199.80599999999998,-5.6959999999999695,2,-3.48727256523979,-3.578378752193894,691
77789,3,-205.554,-5.748000000000019,2,-3.587594090644424,-3.6787002775985282,691
77900,3,-211.28599999999997,-5.731999999999971,2,-3.6876363633687386,-3.7787425503228427,697
78011,3,-217.01799999999997,-5.731999999999999,2,-3.7876786360930534,-3.8787848230471575,705
78121,3,-222.78599999999997,-5.768000000000001,2,-3.8883492273480864,-3.9794554143021905,719
78233,3,-228.5,-5.714000000000027,2,-3.988077340807043,-4.079183527761147,724
78344,3,-234.198,-5.6980000000000075,2,-4.08752620158568,-4.178632388539784,731
78454,3,-239.91199999999998,-5.71399999999997,2,-4.187254315044635,-4.278360501998739,734
78565,3,-245.60999999999999,-5.6980000000000075,2,-4.2867031758232725,-4.377809362777376,745
78676,3,-251.26999999999998,-5.659999999999997,2,-4.385488811486152,-4.476594998440255,747
78785,3,-256.914,-5.6440000000000055,2,-4.4839951944687115,-4.575101381422815,765
78897,3,-262.57399999999996,-5.659999999999968,2,-4.58278083013159,-4.673887017085693,762
79009,3,-268.21799999999996,-5.6440000000000055,2,-4.6812872131141505,-4.772393400068254,772
79120,3,-273.808,-5.590000000000032,2,-4.778851118300634,-4.869957305254737,772
79231,3,-279.418,-5.610000000000014,2,-4.876764089337516,-4.967870276291619,774
79343,3,-285.044,-5.625999999999976,2,-4.974956313054716,-5.06606250000882,776
79454,3,-290.636,-5.592000000000041,2,-5.07255512482624,-5.163661311780344,771
79566,3,-296.192,-5.555999999999983,2,-5.169525618067045,-5.2606318050211485,772
79678,3,-301.74799999999993,-5.555999999999926,2,-5.266496111307848,-5.357602298261952,769
79789,3,-307.322,-5.574000000000069,2,-5.363780763814013,-5.454886950768117,776
79900,3,-312.844,-5.521999999999991,2,-5.460157845109141,-5.551264032063244,769
80011,3,-318.33,-5.48599999999999,2,-5.555906607873549,-5.647012794827653,785
80122,3,-323.04200000000003,-4.712000000000046,2,-5.638146522227522,-5.729252709181626,804
80233,3,-326.66400000000004,-3.622000000000014,2,-5.701362347734757,-5.792468534688861,795
80344,3,-328.22799999999995,-1.5639999999999077,2,-5.728659297235947,-5.819765484190051,792
104268,3,5.238,-1.5300000000000002,3,0.09142034621946299,0.0,489
104378,3,1.0540000000000007,-4.183999999999999,3,0.018395770316020247,-0.07302457590344275,489
104487,3,-4.273999999999999,-5.327999999999999,3,-0.07459537223023763,-0.16601571844970062,491
104597,3,-10.006,-5.732000000000001,3,-0.1746376449545526,-0.26605799117401563,491
104707,3,-15.772,-5.766,3,-0.27527332962454565,-0.36669367584400864,491
104817,3,-21.503999999999998,-5.7319999999999975,3,-0.3753156023488606,-0.46673594856832357,488
104926,3,-27.254,-5.7500000000000036,3,-0.4756720343385346,-0.5670923805579976,490
105036,3,-33.001999999999995,-5.747999999999994,3,-0.5759935597431686,-0.6674139059626316,490
105145,3,-38.751999999999995,-5.75,3,-0.6763499917328425,-0.7677703379523055,491
105255,3,-44.483999999999995,-5.731999999999999,3,-0.7763922644571575,-0.8678126106766204,487
105364,3,-50.24999999999999,-5.765999999999998,3,-0.8770279491271504,-0.9684482953466134,489
105473,3,-56.016,-5.766000000000005,3,-0.9776636337971436,-1.0690839800166065,487
105583,3,-61.802,-5.786000000000001,3,-1.0786483843175356,-1.1700687305369986,490
105692,3,-67.586,-5.783999999999999,3,-1.1795982282528876,-1.2710185744723506,486
105802,3,-73.38799999999999,-5.8019999999999925,3,-1.2808622314535985,-1.3722825776730614,488
105912,3,-79.13799999999999,-5.75,3,-1.3812186634432724,-1.4726390096627353,488
106021,3,-84.888,-5.750000000000014,3,-1.4815750954329465,-1.5729954416524095,489
106131,3,-90.636,-5.7479999999999905,3,-1.5818966208375804,-1.6733169670570434,493
106241,3,-96.386,-5.75,3,-1.6822530528272543,-1.7736733990467173,496
106352,3,-102.11800000000001,-5.7320000000000135,3,-1.7822953255515697,-1.8737156717710326,497
106461,3,-107.86800000000001,-5.75,3,-1.8826517575412436,-1.9740721037607065,502
106571,3,-113.6,-5.731999999999985,3,-1.9826940302655582,-2.074114376485021,501
106681,3,-119.31599999999999,-5.715999999999994,3,-2.082457050309554,-2.1738773965290172,508
106790,3,-125.03,-5.714000000000013,3,-2.1821851637685103,-2.2736055099879735,513
106900,3,-130.78,-5.75,3,-2.2825415957581843,-2.3739619419776474,520
107010,3,-136.512,-5.731999999999999,3,-2.382583868482499,-2.4740042147019623,527
107119,3,-142.244,-5.731999999999999,3,-2.482626141206814,-2.574046487426277,532
107229,3,-147.974,-5.72999999999999,3,-2.582633507346089,-2.6740538535655523,546
107339,3,-153.706,-5.731999999999999,3,-2.682675780070404,-2.774096126289867,561
107448,3,-159.43800000000002,-5.732000000000028,3,-2.7827180527947193,-2.8741383990141824,577
107559,3,-165.17,-5.731999999999971,3,-2.8827603255190337,-2.974180671738497,588
107669,3,-170.92000000000002,-5.750000000000028,3,-2.9831167575087085,-3.0745371037281717,604
107779,3,-176.67000000000002,-5.75,3,-3.0834731894983824,-3.1748935357178456,624
107888,3,-182.402,-5.731999999999971,3,-3.183515462222697,-3.27493580844216,637
107998,3,-188.13400000000001,-5.732000000000028,3,-3.283557734947012,-3.3749780811664754,649
108107,3,-193.882,-5.7479999999999905,3,-3.383879260351646,-3.475299606571109,656
108217,3,-199.648,-5.765999999999991,3,-3.484514945021639,-3.575935291241102,670
108327,3,-205.43200000000002,-5.78400000000002,3,-3.5854647889569913,-3.6768851351764544,680
108436,3,-211.234,-5.8019999999999925,3,-3.686728792157702,-3.7781491383771653,693
108546,3,-217.036,-5.8019999999999925,3,-3.787992795358413,-3.879413141577876,697
108656,3,-222.82199999999997,-5.785999999999973,3,-3.8889775458788045,-3.9803978920982677,711
108765,3,-228.59,-5.768000000000029,3,-3.989648137133838,-4.081068483353301,726
108876,3,-234.358,-5.768000000000001,3,-4.090318728388871,-4.181739074608334,734
108986,3,-240.12399999999997,-5.765999999999963,3,-4.190954413058863,-4.282374759278326,751
109096,3,-245.856,-5.732000000000028,3,-4.2909966857831785,-4.382417032002642,751
109205,3,-251.60399999999998,-5.7479999999999905,3,-4.391318211187813,-4.482738557407276,758
109315,3,-257.3,-5.696000000000026,3,-4.49073216538141,-4.5821525116008734,762
109424,3,-262.962,-5.661999999999978,3,-4.589552707629329,-4.680973053848792,767
109534,3,-268.58799999999997,-5.625999999999976,3,-4.687744931346529,-4.779165277565992,767
109644,3,-274.162,-5.574000000000012,3,-4.785029583852693,-4.876449930072156,766
109753,3,-279.736,-5.574000000000012,3,-4.882314236358858,-4.973734582578321,768
109863,3,-285.31,-5.574000000000012,3,-4.979598888865022,-5.071019235084485,772
109972,3,-290.88399999999996,-5.573999999999955,3,-5.076883541371185,-5.168303887590648,767
110082,3,-296.44,-5.55600000000004,3,-5.17385403461199,-5.265274380831453,774
110192,3,-302.012,-5.572000000000003,3,-5.271103780533115,-5.362524126752578,767
110301,3,-307.586,-5.574000000000012,3,-5.368388433039279,-5.459808779258742,767
110411,3,-313.142,-5.555999999999983,3,-5.465358926280083,-5.556779272499546,770
110520,3,-318.66200000000003,-5.520000000000039,3,-5.561701100990171,-5.653121447209634,791
110630,3,-323.428,-4.765999999999963,3,-5.64488349314022,-5.7363038393596835,805
110739,3,-327.06800000000004,-3.640000000000043,3,-5.708413477912814,-5.7998338241322775,793
110849,3,-328.65,-1.5819999999999368,3,-5.736024586679363,-5.8274449328988265,794
134589,3,5.256,-1.4939999999999998,4,0.09173450548482197,0.0,487
134698,3,1.0900000000000005,-4.1659999999999995,4,0.019024088846738202,-0.07271041663808377,486
134808,3,-4.2379999999999995,-5.328,4,-0.07396705369951968,-0.16570155918434165,488
134918,3,-9.969999999999999,-5.731999999999999,4,-0.17400932642383463,-0.2657438319086566,485
135028,3,-15.754,-5.784000000000001,4,-0.27495917035918666,-0.36669367584400864,488
135137,3,-21.503999999999998,-5.749999999999998,4,-0.3753156023488606,-0.46705010783368256,486
135247,3,-27.272000000000002,-5.768000000000004,4,-0.4759861936038936,-0.5677206990887156,486
135357,3,-33.038,-5.765999999999995,4,-0.5766218782738866,-0.6683563837587085,487
135467,3,-38.788,-5.75,4,-0.6769783102635605,-0.7687128157483825,487
135576,3,-44.501999999999995,-5.713999999999999,4,-0.7767064237225164,-0.8684409292073384,486
135686,3,-50.286,-5.784000000000006,4,-0.8776562676578685,-0.9693907731426905,484
135796,3,-56.052,-5.765999999999998,4,-0.9782919523278616,-1.0700264578126835,486
135905,3,-61.82000000000001,-5.768000000000008,4,-1.0789625435828947,-1.1706970490677167,486
136015,3,-67.604,-5.783999999999992,4,-1.1799123875182465,-1.2716468930030684,486
136125,3,-73.39,-5.786000000000001,4,-1.2808971380386385,-1.3726316435234605,489
136234,3,-79.122,-5.731999999999999,4,-1.3809394107629533,-1.4726739162477753,485
136345,3,-84.89,-5.768000000000001,4,-1.4816100020179863,-1.5733445075028083,488
136454,3,-90.63799999999999,-5.7479999999999905,4,-1.5819315274226202,-1.6736660329074422,487
136565,3,-96.37,-5.7320000000000135,4,-1.6819738001469355,-1.7737083056317575,487
136674,3,-102.1,-5.72999999999999,4,-1.7819811662862104,-1.8737156717710324,491
136784,3,-107.85,-5.75,4,-1.8823375982758843,-1.9740721037607063,493
136894,3,-113.546,-5.696000000000012,4,-1.9817515524694815,-2.0734860579543035,497
137004,3,-119.244,-5.697999999999993,4,-2.0812004132481183,-2.17293491873294,499
137114,3,-124.94000000000001,-5.696000000000012,4,-2.1806143674417156,-2.2723488729265373,503
137224,3,-130.672,-5.731999999999985,4,-2.2806566401660304,-2.372391145650852,510
137333,3,-136.386,-5.713999999999999,4,-2.3803847536249862,-2.472119259109808,515
137443,3,-142.1,-5.713999999999999,4,-2.480112867083942,-2.571847372568764,525
137552,3,-147.83200000000002,-5.732000000000028,4,-2.580155139808258,-2.6718896452930796,540
137663,3,-153.582,-5.749999999999972,4,-2.6805115717979313,-2.772246077282753,557
137772,3,-159.31400000000002,-5.732000000000028,4,-2.7805538445222466,-2.8722883500070684,569
137882,3,-165.046,-5.731999999999971,4,-2.880596117246561,-2.972330622731383,585
137991,3,-170.832,-5.786000000000001,4,-2.981580867766953,-3.073315373251775,616
138101,3,-176.634,-5.8019999999999925,4,-3.082844870967664,-3.1745793764524857,638
138211,3,-182.418,-5.78400000000002,4,-3.183794714903016,-3.275529220387838,647
138320,3,-188.21999999999997,-5.801999999999964,4,-3.2850587181037265,-3.3767932235885483,663
138430,3,-194.022,-5.802000000000021,4,-3.386322721304438,-3.4780572267892595,674
138540,3,-199.842,-5.820000000000022,4,-3.487900883770508,-3.57963538925533,683
138650,3,-205.62599999999998,-5.783999999999963,4,-3.5888507277058594,-3.680585233190681,693
138760,3,-211.42799999999997,-5.8019999999999925,4,-3.6901147309065707,-3.7818492363913925,698
138870,3,-217.196,-5.768000000000029,4,-3.790785322161604,-3.882519827646426,703
138979,3,-222.946,-5.75,4,-3.891141754151278,-3.9828762596361,708
139089,3,-228.642,-5.695999999999998,4,-3.990555708344875,-4.082290213829697,716
139199,3,-234.32199999999997,-5.679999999999978,4,-4.089690409858153,-4.181424915342975,717
139309,3,-240.002,-5.680000000000035,4,-4.188825111371431,-4.2805596168562525,723
139419,3,-245.64600000000002,-5.6440000000000055,4,-4.287331494353991,-4.379065999838812,732
139528,3,-251.29000000000002,-5.6440000000000055,4,-4.385837877336551,-4.477572382821373,735
139638,3,-256.882,-5.5919999999999845,4,-4.483436689108074,-4.575171194592896,740
139748,3,-262.454,-5.572000000000003,4,-4.580686435029198,-4.672420940514019,741
139857,3,-267.95799999999997,-5.503999999999962,4,-4.676749357058965,-4.768483862543786,752
139967,3,-273.444,-5.486000000000047,4,-4.772498119823375,-4.864232625308197,747
140076,3,-278.928,-5.4839999999999804,4,-4.868211976002743,-4.959946481487565,755
140186,3,-284.43,-5.5020000000000095,4,-4.964239991447472,-5.0559744969322935,751
140295,3,-289.952,-5.521999999999991,4,-5.060617072742598,-5.15235157822742,763
140405,3,-295.472,-5.519999999999982,4,-5.156959247452685,-5.248693752937506,765
140516,3,-301.01,-5.538000000000011,4,-5.253615581428131,-5.345350086912953,766
140625,3,-306.55,-5.5400000000000205,4,-5.350306821988617,-5.442041327473439,775
140735,3,-312.05400000000003,-5.504000000000019,4,-5.446369744018385,-5.538104249503207,769
140845,3,-317.54,-5.48599999999999,4,-5.542118506782795,-5.6338530122676165,791
140954,3,-322.23400000000004,-4.694000000000017,4,-5.624044261871409,-5.71577876735623,805
141064,3,-325.838,-3.603999999999985,4,-5.686945928113284,-5.7786804335981055,800
141174,3,-327.52599999999995,-1.6879999999999313,4,-5.716407085886947,-5.808141591371768,793
164907,3,5.256,-1.5120000000000005,5,0.09173450548482197,0.0,523
165016,3,1.0720000000000005,-4.183999999999999,5,0.018709929581379223,-0.07302457590344275,522
165126,3,-4.255999999999999,-5.327999999999999,5,-0.07428121296487865,-0.16601571844970062,521
165236,3,-9.988,-5.732,5,-0.17432348568919362,-0.2660579911740156,522
165346,3,-15.735999999999999,-5.747999999999999,5,-0.27464501109382766,-0.36637951657864964,523
165455,3,-21.502,-5.766,5,-0.3752806957638207,-0.4670152012486427,519
165565,3,-27.233999999999998,-5.731999999999999,5,-0.47532296848813566,-0.5670574739729576,521
165675,3,-32.98199999999999,-5.747999999999994,5,-0.5756444938927696,-0.6673789993775916,521
165785,3,-38.732,-5.750000000000007,5,-0.6760009258824438,-0.7677354313672657,523
165895,3,-44.5,-5.768000000000001,5,-0.7766715171374766,-0.8684060226222986,519
166004,3,-50.267999999999994,-5.767999999999994,5,-0.8773421083925095,-0.9690766138773315,523
166114,3,-56.052,-5.784000000000006,5,-0.9782919523278616,-1.0700264578126835,522
166223,3,-61.854,-5.802,5,-1.0795559555285725,-1.1712904610133945,522
166333,3,-67.65599999999999,-5.8019999999999925,5,-1.1808199587292834,-1.2725544642141053,516
166444,3,-73.476,-5.820000000000007,5,-1.2823981211953535,-1.3741326266801754,520
166553,3,-79.244,-5.768000000000001,5,-1.3830687124503864,-1.4748032179352084,521
166663,3,-85.048,-5.804000000000002,5,-1.4843676222361375,-1.5761021277209595,519
166772,3,-90.83399999999999,-5.785999999999987,5,-1.585352372756529,-1.677086878241351,519
166882,3,-96.6,-5.766000000000005,5,-1.6859880574265222,-1.7777225629113442,523
166992,3,-102.35,-5.75,5,-1.7863444894161962,-1.8780789949010182,524
167102,3,-108.098,-5.748000000000005,5,-1.8866660148208303,-1.9784005203056523,525
167212,3,-113.828,-5.730000000000004,5,-1.9866733809601056,-2.0784078864449276,533
167322,3,-119.55999999999999,-5.731999999999985,5,-2.0867156536844202,-2.178450159169242,537
167432,3,-125.274,-5.714000000000013,5,-2.1864437671433765,-2.2781782726281983,548
167541,3,-131.006,-5.731999999999999,5,-2.2864860398676914,-2.378220545352513,562
167651,3,-136.77399999999997,-5.767999999999972,5,-2.387156631122724,-2.4788911366075457,576
167761,3,-142.542,-5.768000000000029,5,-2.4878272223777573,-2.579561727862579,582
167870,3,-148.27400000000003,-5.732000000000028,5,-2.5878694951020726,-2.6796040005868944,602
167980,3,-154.076,-5.801999999999964,5,-2.689133498302783,-2.780868003787605,620
168089,3,-159.86,-5.78400000000002,5,-2.7900833422381353,-2.881817847722957,628
168200,3,-165.608,-5.7479999999999905,5,-2.8904048676427694,-2.982139373127591,639
168309,3,-171.358,-5.75,5,-2.9907612996324433,-3.082495805117265,647
168419,3,-177.072,-5.713999999999999,5,-3.090489413091399,-3.182223918576221,660
168528,3,-182.734,-5.662000000000006,5,-3.1893099553393185,-3.2810444608241403,659
168639,3,-188.41199999999998,-5.677999999999969,5,-3.2884097502675558,-3.3801442557523775,661
168749,3,-194.074,-5.662000000000035,5,-3.387230292515475,-3.478964798000297,668
168860,3,-199.77,-5.695999999999998,5,-3.4866442467090724,-3.578378752193894,682
168970,3,-205.51799999999997,-5.747999999999962,5,-3.5869657721137056,-3.6787002775985274,685
169080,3,-211.26800000000003,-5.750000000000057,5,-3.687322204103381,-3.7790567095882026,692
169190,3,-217.0,-5.731999999999971,5,-3.7873644768276953,-3.879098982312517,689
169299,3,-222.75,-5.75,5,-3.887720908817369,-3.979455414302191,699
169409,3,-228.446,-5.695999999999998,5,-3.987134863010966,-4.078869368495788,706
169518,3,-234.12599999999998,-5.679999999999978,5,-4.086269564524244,-4.178004070009066,717
169628,3,-239.788,-5.662000000000035,5,-4.185090106772163,-4.276824612256985,721
169738,3,-245.45,-5.661999999999978,5,-4.283910649020082,-4.3756451545049035,737
169847,3,-251.14600000000002,-5.696000000000026,5,-4.383324603213679,-4.475059108698501,750
169957,3,-256.826,-5.680000000000007,5,-4.482459304726957,-4.574193810211779,758
170066,3,-262.488,-5.661999999999978,5,-4.5812798469748754,-4.673014352459697,762
170176,3,-268.148,-5.660000000000025,5,-4.6800654826377555,-4.771799988122577,768
170286,3,-273.758,-5.609999999999957,5,-4.777978453674637,-4.869712959159458,770
170395,3,-279.332,-5.574000000000012,5,-4.8752631061808005,-4.966997611665622,782
170505,3,-284.888,-5.555999999999983,5,-4.972233599421605,-5.063968104906427,789
170615,3,-290.462,-5.574000000000012,5,-5.06951825192777,-5.1612527574125915,794
170724,3,-295.98400000000004,-5.522000000000048,5,-5.165895333222897,-5.257629838707719,791
170835,3,-301.486,-5.501999999999953,5,-5.261923348667624,-5.353657854152446,802
170945,3,-307.008,-5.521999999999991,5,-5.358300429962751,-5.450034935447572,795
171055,3,-312.494,-5.486000000000047,5,-5.454049192727161,-5.545783698211983,789
171165,3,-317.892,-5.397999999999968,5,-5.548262065749814,-5.639996571234636,806
171275,3,-322.498,-4.6059999999999945,5,-5.628651931096673,-5.720386436581495,820
171385,3,-326.03200000000004,-3.5340000000000487,5,-5.690331866862153,-5.782066372346975,811
171496,3,-327.61400000000003,-1.5819999999999936,5,-5.717942975628703,-5.809677481113525,802
195454,3,5.220000000000001,-1.5300000000000011,6,0.09110618695410401,0.0,470
195565,3,1.0360000000000007,-4.184,6,0.018081611050661268,-0.07302457590344275,469
195677,3,-4.308,-5.344,6,-0.07518878417591571,-0.16629497113001973,471
195789,3,-10.040000000000001,-5.732000000000001,6,-0.1752310569002307,-0.2663372438543347,468
195899,3,-15.806000000000001,-5.766,6,-0.27586674157022373,-0.3669729285243277,468
196011,3,-21.554,-5.7479999999999976,6,-0.37618826697485774,-0.46729445392896174,470
196123,3,-27.286,-5.732000000000003,6,-0.4762305396991728,-0.5673367266532768,466
196234,3,-33.036,-5.75,6,-0.5765869716888468,-0.6676931586429508,469
196345,3,-38.786,-5.75,6,-0.6769434036785207,-0.7680495906326247,467
196457,3,-44.518,-5.731999999999999,6,-0.7769856764028357,-0.8680918633569397,467
196569,3,-50.286,-5.768000000000001,6,-0.8776562676578685,-0.9687624546119725,466
196680,3,-56.07000000000001,-5.784000000000006,6,-0.9786061115932208,-1.0697122985473249,468
196792,3,-61.838,-5.767999999999994,6,-1.0792767028482535,-1.1703828898023576,469
196903,3,-67.62199999999999,-5.783999999999985,6,-1.1802265467836053,-1.2713327337377094,468
197014,3,-73.40599999999999,-5.784000000000006,6,-1.2811763907189575,-1.3722825776730616,470
197126,3,-79.138,-5.7320000000000135,6,-1.3812186634432726,-1.4723248503973767,469
197238,3,-84.888,-5.75,6,-1.4815750954329465,-1.5726812823870506,472
197349,3,-90.61999999999999,-5.731999999999985,6,-1.5816173681572612,-1.6727235551113653,472
197463,3,-96.37,-5.750000000000014,6,-1.6819738001469355,-1.7730799871010396,476
197574,3,-102.08399999999999,-5.713999999999984,6,-1.7817019136058911,-1.8728081005599952,481
197684,3,-107.83399999999999,-5.75,6,-1.882058345595565,-1.9731645325496692,497
197795,3,-113.58399999999999,-5.75,6,-1.982414777585239,-2.073520964539343,520
197906,3,-119.36800000000001,-5.78400000000002,6,-2.0833646215205914,-2.1744708084746955,541
198017,3,-125.13399999999999,-5.765999999999977,6,-2.184000306190584,-2.2751064931446883,556
198127,3,-130.97199999999998,-5.837999999999994,6,-2.285892627922013,-2.376998814876117,566
198237,3,-136.774,-5.802000000000021,6,-2.3871566311227244,-2.4782628180768285,575
198349,3,-142.576,-5.8019999999999925,6,-2.488420634323435,-2.5795268212775393,591
198460,3,-148.342,-5.7660000000000196,6,-2.5890563189934284,-2.6801625059475325,600
198571,3,-154.10999999999999,-5.767999999999972,6,-2.689726910248461,-2.780833097202565,608
198683,3,-159.80599999999998,-5.695999999999998,6,-2.789140864442058,-2.880247051396162,595
198795,3,-165.46800000000002,-5.662000000000035,6,-2.8879614066899775,-2.9790675936440816,595
198906,3,-171.112,-5.643999999999977,6,-2.986467789672537,-3.077573976626641,588
199018,3,-176.686,-5.574000000000012,6,-3.0837524421787013,-3.1748586291328054,590
199129,3,-182.206,-5.519999999999982,6,-3.180094616888788,-3.271200803842892,590
199241,3,-187.746,-5.5400000000000205,6,-3.276785857449274,-3.367892044403378,592
199353,3,-193.33599999999998,-5.589999999999975,6,-3.374349762635757,-3.465455949589861,607
199464,3,-199.016,-5.680000000000007,6,-3.473484464149035,-3.564590651103139,636
199574,3,-204.802,-5.786000000000001,6,-3.574469214669427,-3.665575401623531,646
199684,3,-210.62199999999999,-5.819999999999993,6,-3.6760473771354967,-3.767153564089601,659
199796,3,-216.512,-5.890000000000015,6,-3.778847270077963,-3.869953457032067,668
199908,3,-222.402,-5.889999999999986,6,-3.881647163020429,-3.972753349974533,687
200020,3,-228.21999999999997,-5.817999999999984,6,-3.9831904189014584,-4.0742966058555625,702
200131,3,-234.02200000000002,-5.802000000000049,6,-4.08445442210217,-4.175560609056274,712
200243,3,-239.82399999999998,-5.801999999999964,6,-4.1857184253028805,-4.276824612256984,715
200355,3,-245.55600000000004,-5.732000000000056,6,-4.285760698027197,-4.3768668849813,728
200466,3,-251.27000000000004,-5.713999999999999,6,-4.3854888114861525,-4.476594998440256,738
200578,3,-256.95,-5.67999999999995,6,-4.48462351299943,-4.575729699953533,743
200690,3,-262.57599999999996,-5.625999999999976,6,-4.58281573671663,-4.673921923670734,750
200802,3,-268.184,-5.608000000000061,6,-4.6806938011684736,-4.771799988122577,752
200912,3,-273.758,-5.573999999999955,6,-4.777978453674637,-4.86908464062874,765
201025,3,-279.36800000000005,-5.6100000000000705,6,-4.8758914247115195,-4.966997611665623,758
201136,3,-284.942,-5.573999999999955,6,-4.9731760772176825,-5.064282264171786,767
201248,3,-290.55,-5.608000000000004,6,-5.071054141669524,-5.162160328623628,774
201361,3,-296.15999999999997,-5.609999999999957,6,-5.168967112706405,-5.260073299660509,777
201473,3,-301.73199999999997,-5.572000000000003,6,-5.26621685862753,-5.357323045581634,777
201585,3,-307.27000000000004,-5.538000000000068,6,-5.362873192602977,-5.45397937955708,777
201696,3,-312.78999999999996,-5.519999999999925,6,-5.459215367313063,-5.550321554267167,778
201807,3,-318.24,-5.4500000000000455,6,-5.554335811546754,-5.645441998500858,792
201919,3,-322.864,-4.623999999999967,6,-5.635039836158971,-5.726146023113075,805
202032,3,-326.43399999999997,-3.569999999999993,6,-5.697348090455169,-5.788454277409273,801
202143,3,-328.01599999999996,-1.5819999999999936,6,-5.724959199221719,-5.816065386175823,796
